INSERT INTO cserraco_youaredone.races (office_id, election_year, state_code, state_name, state_slug, district_type, district_number, district_label, seat_label, is_special, race_slug, status, notes_public, created_at, updated_at) VALUES (2, 2026, 'IL', 'Illinois', 'illinois', 'statewide', 0, null, 'Illinois U.S. Senate', 0, 'illinois-us-senate-2026', 'active', 'Seeded starter race for the 2026 Illinois U.S. Senate primary.', '2026-03-16 08:37:44', '2026-03-16 08:37:44');
INSERT INTO cserraco_youaredone.elections (race_id, election_type_id, election_date, round_number, title, slug, status, filing_deadline, early_voting_start, early_voting_end, certification_date, notes_public, created_at, updated_at) VALUES (1, 1, '2026-03-17', 1, '2026 Illinois U.S. Senate Democratic Primary', '2026-illinois-us-senate-primary', 'upcoming', null, null, null, null, 'Seeded starter election for the Illinois primary.', '2026-03-16 08:37:44', '2026-03-16 08:37:44');
INSERT INTO cserraco_youaredone.candidates (full_name, slug, first_name, middle_name, last_name, suffix, preferred_name, party_code, party_name, website_url, ballotpedia_url, wikipedia_url, x_url, instagram_url, facebook_url, youtube_url, image_url, short_bio, summary_public, status, score_total, green_flag_count, red_flag_count, created_at, updated_at) VALUES ('Robin Kelly', 'robin-kelly', 'Robin', null, 'Kelly', null, null, 'DEM', 'Democratic', null, null, null, null, null, null, null, null, 'Democratic candidate for U.S. Senate in Illinois in 2026.', 'Seeded starter profile for the Illinois 2026 Democratic U.S. Senate primary.', 'active', 0.00, 1, 1, '2026-03-16 08:37:44', '2026-03-16 08:44:38');
INSERT INTO cserraco_youaredone.candidates (full_name, slug, first_name, middle_name, last_name, suffix, preferred_name, party_code, party_name, website_url, ballotpedia_url, wikipedia_url, x_url, instagram_url, facebook_url, youtube_url, image_url, short_bio, summary_public, status, score_total, green_flag_count, red_flag_count, created_at, updated_at) VALUES ('Raja Krishnamoorthi', 'raja-krishnamoorthi', 'Raja', null, 'Krishnamoorthi', null, null, 'DEM', 'Democratic', null, null, null, null, null, null, null, null, 'Democratic candidate for U.S. Senate in Illinois in 2026.', 'Seeded starter profile for the Illinois 2026 Democratic U.S. Senate primary.', 'active', 0.00, 0, 0, '2026-03-16 08:58:49', '2026-03-16 08:58:49');
INSERT INTO cserraco_youaredone.candidates (full_name, slug, first_name, middle_name, last_name, suffix, preferred_name, party_code, party_name, website_url, ballotpedia_url, wikipedia_url, x_url, instagram_url, facebook_url, youtube_url, image_url, short_bio, summary_public, status, score_total, green_flag_count, red_flag_count, created_at, updated_at) VALUES ('Steve Botsford Jr.', 'steve-botsford-jr', 'Steve', null, 'Botsford', null, null, 'DEM', 'Democratic', null, null, null, null, null, null, null, null, 'Democratic candidate for U.S. Senate in Illinois in 2026.', 'Seeded starter profile for the Illinois 2026 Democratic U.S. Senate primary.', 'active', 0.00, 0, 0, '2026-03-16 09:04:38', '2026-03-16 09:04:38');
INSERT INTO cserraco_youaredone.candidates (full_name, slug, first_name, middle_name, last_name, suffix, preferred_name, party_code, party_name, website_url, ballotpedia_url, wikipedia_url, x_url, instagram_url, facebook_url, youtube_url, image_url, short_bio, summary_public, status, score_total, green_flag_count, red_flag_count, created_at, updated_at) VALUES ('Sean Brown', 'sean-brown', 'Sean', null, 'Brown', null, null, 'DEM', 'Democratic', null, null, null, null, null, null, null, null, 'Democratic candidate for U.S. Senate in Illinois in 2026.', 'Seeded starter profile for the Illinois 2026 Democratic U.S. Senate primary.', 'active', 0.00, 0, 0, '2026-03-16 09:04:39', '2026-03-16 09:04:39');
INSERT INTO cserraco_youaredone.candidates (full_name, slug, first_name, middle_name, last_name, suffix, preferred_name, party_code, party_name, website_url, ballotpedia_url, wikipedia_url, x_url, instagram_url, facebook_url, youtube_url, image_url, short_bio, summary_public, status, score_total, green_flag_count, red_flag_count, created_at, updated_at) VALUES ('Awisi Bustos', 'awisi-bustos', 'Awisi', null, 'Bustos', null, null, 'DEM', 'Democratic', null, null, null, null, null, null, null, null, 'Democratic candidate for U.S. Senate in Illinois in 2026.', 'Seeded starter profile for the Illinois 2026 Democratic U.S. Senate primary.', 'active', 0.00, 0, 0, '2026-03-16 09:04:39', '2026-03-16 09:04:39');
INSERT INTO cserraco_youaredone.candidates (full_name, slug, first_name, middle_name, last_name, suffix, preferred_name, party_code, party_name, website_url, ballotpedia_url, wikipedia_url, x_url, instagram_url, facebook_url, youtube_url, image_url, short_bio, summary_public, status, score_total, green_flag_count, red_flag_count, created_at, updated_at) VALUES ('Jonathan Dean', 'jonathan-dean', 'Jonathan', null, 'Dean', null, null, 'DEM', 'Democratic', null, null, null, null, null, null, null, null, 'Democratic candidate for U.S. Senate in Illinois in 2026.', 'Seeded starter profile for the Illinois 2026 Democratic U.S. Senate primary.', 'active', 0.00, 0, 0, '2026-03-16 09:04:39', '2026-03-16 09:04:39');
INSERT INTO cserraco_youaredone.candidates (full_name, slug, first_name, middle_name, last_name, suffix, preferred_name, party_code, party_name, website_url, ballotpedia_url, wikipedia_url, x_url, instagram_url, facebook_url, youtube_url, image_url, short_bio, summary_public, status, score_total, green_flag_count, red_flag_count, created_at, updated_at) VALUES ('Bryan Maxwell', 'bryan-maxwell', 'Bryan', null, 'Maxwell', null, null, 'DEM', 'Democratic', null, null, null, null, null, null, null, null, 'Democratic candidate for U.S. Senate in Illinois in 2026.', 'Seeded starter profile for the Illinois 2026 Democratic U.S. Senate primary.', 'active', 0.00, 0, 0, '2026-03-16 09:04:40', '2026-03-16 09:04:40');
INSERT INTO cserraco_youaredone.candidates (full_name, slug, first_name, middle_name, last_name, suffix, preferred_name, party_code, party_name, website_url, ballotpedia_url, wikipedia_url, x_url, instagram_url, facebook_url, youtube_url, image_url, short_bio, summary_public, status, score_total, green_flag_count, red_flag_count, created_at, updated_at) VALUES ('Kevin Ryan', 'kevin-ryan', 'Kevin', null, 'Ryan', null, null, 'DEM', 'Democratic', null, null, null, null, null, null, null, null, 'Democratic candidate for U.S. Senate in Illinois in 2026.', 'Seeded starter profile for the Illinois 2026 Democratic U.S. Senate primary.', 'active', 0.00, 0, 0, '2026-03-16 09:04:40', '2026-03-16 09:04:40');
INSERT INTO cserraco_youaredone.candidates (full_name, slug, first_name, middle_name, last_name, suffix, preferred_name, party_code, party_name, website_url, ballotpedia_url, wikipedia_url, x_url, instagram_url, facebook_url, youtube_url, image_url, short_bio, summary_public, status, score_total, green_flag_count, red_flag_count, created_at, updated_at) VALUES ('Juliana Stratton', 'juliana-stratton', 'Juliana', null, 'Stratton', null, null, 'DEM', 'Democratic', null, null, null, null, null, null, null, null, 'Democratic candidate for U.S. Senate in Illinois in 2026.', 'Seeded starter profile for the Illinois 2026 Democratic U.S. Senate primary.', 'active', 0.00, 0, 0, '2026-03-16 09:04:40', '2026-03-16 09:04:40');
INSERT INTO cserraco_youaredone.candidates (full_name, slug, first_name, middle_name, last_name, suffix, preferred_name, party_code, party_name, website_url, ballotpedia_url, wikipedia_url, x_url, instagram_url, facebook_url, youtube_url, image_url, short_bio, summary_public, status, score_total, green_flag_count, red_flag_count, created_at, updated_at) VALUES ('Christopher Swann', 'christopher-swann', 'Christopher', null, 'Swann', null, null, 'DEM', 'Democratic', null, null, null, null, null, null, null, null, 'Democratic candidate for U.S. Senate in Illinois in 2026.', 'Seeded starter profile for the Illinois 2026 Democratic U.S. Senate primary.', 'active', 0.00, 0, 0, '2026-03-16 09:04:40', '2026-03-16 09:04:40');
INSERT INTO cserraco_youaredone.candidates (full_name, slug, first_name, middle_name, last_name, suffix, preferred_name, party_code, party_name, website_url, ballotpedia_url, wikipedia_url, x_url, instagram_url, facebook_url, youtube_url, image_url, short_bio, summary_public, status, score_total, green_flag_count, red_flag_count, created_at, updated_at) VALUES ('Adam Delgado', 'adam-delgado', 'Adam', null, 'Delgado', null, null, 'DEM', 'Democratic', null, null, null, null, null, null, null, null, 'Democratic write-in candidate for U.S. Senate in Illinois in 2026.', 'Seeded starter profile for the Illinois 2026 Democratic U.S. Senate primary write-in candidate.', 'active', 0.00, 0, 0, '2026-03-16 09:04:40', '2026-03-16 09:04:40');
INSERT INTO cserraco_youaredone.election_candidates (election_id, candidate_id, ballot_name, party_code, filing_status, ballot_status, result_status, is_incumbent, is_major_candidate, sort_order, vote_count, vote_percent, notes_public, created_at, updated_at) VALUES (1, 1, 'Robin Kelly', 'DEM', 'qualified', 'on_ballot', 'pending', 0, 1, 1, null, null, 'Seeded starter ballot entry.', '2026-03-16 08:37:44', '2026-03-16 08:37:44');
INSERT INTO cserraco_youaredone.election_candidates (election_id, candidate_id, ballot_name, party_code, filing_status, ballot_status, result_status, is_incumbent, is_major_candidate, sort_order, vote_count, vote_percent, notes_public, created_at, updated_at) VALUES (1, 2, 'Raja Krishnamoorthi', 'DEM', 'qualified', 'on_ballot', 'pending', 0, 1, 2, null, null, 'Seeded starter ballot entry.', '2026-03-16 08:58:49', '2026-03-16 08:58:49');
INSERT INTO cserraco_youaredone.election_candidates (election_id, candidate_id, ballot_name, party_code, filing_status, ballot_status, result_status, is_incumbent, is_major_candidate, sort_order, vote_count, vote_percent, notes_public, created_at, updated_at) VALUES (1, 8, 'Kevin Ryan', 'DEM', 'qualified', 'on_ballot', 'pending', 0, 0, 1, null, null, 'Seeded Democratic primary ballot entry.', '2026-03-16 09:04:40', '2026-03-16 09:04:40');
INSERT INTO cserraco_youaredone.election_candidates (election_id, candidate_id, ballot_name, party_code, filing_status, ballot_status, result_status, is_incumbent, is_major_candidate, sort_order, vote_count, vote_percent, notes_public, created_at, updated_at) VALUES (1, 9, 'Juliana Stratton', 'DEM', 'qualified', 'on_ballot', 'pending', 0, 1, 3, null, null, 'Seeded Democratic primary ballot entry.', '2026-03-16 09:04:41', '2026-03-16 09:04:41');
INSERT INTO cserraco_youaredone.election_candidates (election_id, candidate_id, ballot_name, party_code, filing_status, ballot_status, result_status, is_incumbent, is_major_candidate, sort_order, vote_count, vote_percent, notes_public, created_at, updated_at) VALUES (1, 3, 'Steve Botsford Jr.', 'DEM', 'qualified', 'on_ballot', 'pending', 0, 0, 5, null, null, 'Seeded Democratic primary ballot entry.', '2026-03-16 09:04:41', '2026-03-16 09:04:41');
INSERT INTO cserraco_youaredone.election_candidates (election_id, candidate_id, ballot_name, party_code, filing_status, ballot_status, result_status, is_incumbent, is_major_candidate, sort_order, vote_count, vote_percent, notes_public, created_at, updated_at) VALUES (1, 7, 'Bryan Maxwell', 'DEM', 'qualified', 'on_ballot', 'pending', 0, 0, 6, null, null, 'Seeded Democratic primary ballot entry.', '2026-03-16 09:04:41', '2026-03-16 09:04:41');
INSERT INTO cserraco_youaredone.election_candidates (election_id, candidate_id, ballot_name, party_code, filing_status, ballot_status, result_status, is_incumbent, is_major_candidate, sort_order, vote_count, vote_percent, notes_public, created_at, updated_at) VALUES (1, 6, 'Jonathan Dean', 'DEM', 'qualified', 'on_ballot', 'pending', 0, 0, 7, null, null, 'Seeded Democratic primary ballot entry.', '2026-03-16 09:04:41', '2026-03-16 09:04:41');
INSERT INTO cserraco_youaredone.election_candidates (election_id, candidate_id, ballot_name, party_code, filing_status, ballot_status, result_status, is_incumbent, is_major_candidate, sort_order, vote_count, vote_percent, notes_public, created_at, updated_at) VALUES (1, 4, 'Sean Brown', 'DEM', 'qualified', 'on_ballot', 'pending', 0, 0, 8, null, null, 'Seeded Democratic primary ballot entry.', '2026-03-16 09:04:42', '2026-03-16 09:04:42');
INSERT INTO cserraco_youaredone.election_candidates (election_id, candidate_id, ballot_name, party_code, filing_status, ballot_status, result_status, is_incumbent, is_major_candidate, sort_order, vote_count, vote_percent, notes_public, created_at, updated_at) VALUES (1, 5, 'Awisi Bustos', 'DEM', 'qualified', 'on_ballot', 'pending', 0, 0, 9, null, null, 'Seeded Democratic primary ballot entry.', '2026-03-16 09:04:42', '2026-03-16 09:04:42');
INSERT INTO cserraco_youaredone.election_candidates (election_id, candidate_id, ballot_name, party_code, filing_status, ballot_status, result_status, is_incumbent, is_major_candidate, sort_order, vote_count, vote_percent, notes_public, created_at, updated_at) VALUES (1, 10, 'Christopher Swann', 'DEM', 'qualified', 'on_ballot', 'pending', 0, 0, 10, null, null, 'Seeded Democratic primary ballot entry.', '2026-03-16 09:04:42', '2026-03-16 09:04:42');
INSERT INTO cserraco_youaredone.election_candidates (election_id, candidate_id, ballot_name, party_code, filing_status, ballot_status, result_status, is_incumbent, is_major_candidate, sort_order, vote_count, vote_percent, notes_public, created_at, updated_at) VALUES (1, 11, 'Adam Delgado', 'DEM', 'qualified', 'not_on_ballot', 'pending', 0, 0, 11, null, null, 'Seeded Democratic primary write-in entry.', '2026-03-16 09:04:42', '2026-03-16 09:04:42');
INSERT INTO cserraco_youaredone.candidate_flags (candidate_id, flag_id, source_id, weight_override, note, is_active, created_at, updated_at) VALUES (1, 7, null, null, 'Starter green flag for seeded profile.', 1, '2026-03-16 08:38:48', '2026-03-16 08:38:48');
INSERT INTO cserraco_youaredone.candidate_flags (candidate_id, flag_id, source_id, weight_override, note, is_active, created_at, updated_at) VALUES (1, 8, null, null, 'Starter red flag for seeded profile.', 1, '2026-03-16 08:38:48', '2026-03-16 08:38:48');
