INSERT INTO `offices` (`office_id`, `slug`, `name`, `level`, `sort_order`, `is_active`, `created_at`, `updated_at`) VALUES (1,'president','President','federal',10,1,'2026-03-15 14:06:16','2026-03-15 14:06:16'),(2,'us-senate','U.S. Senate','federal',20,1,'2026-03-15 14:06:16','2026-03-15 14:06:16'),(3,'us-house','U.S. House','federal',30,1,'2026-03-15 14:06:16','2026-03-15 14:06:16'),(4,'governor','Governor','state',40,1,'2026-03-15 14:06:16','2026-03-15 14:06:16');
INSERT INTO `election_types` (`election_type_id`, `slug`, `name`, `decides_nominee`, `decides_winner`, `sort_order`, `is_active`, `created_at`, `updated_at`) VALUES (1,'primary','Primary',1,0,10,1,'2026-03-15 14:06:16','2026-03-15 14:06:16'),(2,'general','General',0,1,20,1,'2026-03-15 14:06:16','2026-03-15 14:06:16'),(3,'special','Special',0,1,30,1,'2026-03-15 14:06:16','2026-03-15 14:06:16'),(4,'special-primary','Special Primary',1,0,40,1,'2026-03-15 14:06:16','2026-03-15 14:06:16'),(5,'runoff','Runoff',0,1,50,1,'2026-03-15 14:06:16','2026-03-15 14:06:16'),(6,'primary-runoff','Primary Runoff',1,0,60,1,'2026-03-15 14:06:16','2026-03-15 14:06:16'),(7,'jungle-primary','Jungle Primary',1,0,70,1,'2026-03-15 14:06:16','2026-03-15 14:06:16'),(8,'ranked-choice-general','Ranked Choice General',0,1,80,1,'2026-03-15 14:06:16','2026-03-15 14:06:16'),(9,'top-two primary','Top-Two Primary',0,0,25,1,'2026-03-16 13:35:10','2026-03-16 13:35:10');
INSERT INTO `flags` (`flag_id`, `slug`, `name`, `description`, `flag_color`, `default_weight`, `is_active`, `sort_order`, `created_at`, `updated_at`, `category_id`) VALUES (175,'medicare-for-all','Medicare for All','Explicit support for universal single-payer healthcare.','green',5.00,1,10,'2026-03-17 14:29:55','2026-03-17 14:29:55',35),(176,'abortion-rights','Abortion Rights','Strong support for abortion access and opposition to abortion bans.','green',5.00,1,20,'2026-03-17 14:29:55','2026-03-17 14:29:55',34),(177,'labor-rights','Labor Rights','Strong pro-union record, collective bargaining support, and opposition to union busting.','green',5.00,1,30,'2026-03-17 14:29:55','2026-03-17 14:29:55',35),(178,'voting-rights','Voting Rights','Supports expanding ballot access and opposes voter suppression.','green',5.00,1,40,'2026-03-17 14:29:55','2026-03-17 14:29:55',36),(179,'lgbtq-equality','LGBTQ Equality','Strong support for LGBTQ rights, including trans protections.','green',5.00,1,50,'2026-03-17 14:29:55','2026-03-17 14:29:55',34),(180,'anti-aipac','Opposes AIPAC Influence','Rejects AIPAC influence and opposes unconditional U.S. support for Israeli government actions.','green',5.00,1,60,'2026-03-17 14:29:55','2026-03-17 14:29:55',39),(181,'climate-action','Climate Action','Supports major climate policy, emissions cuts, and clean energy investment.','green',5.00,1,70,'2026-03-17 14:29:55','2026-03-17 14:29:55',37),(182,'anti-corruption','Anti-Corruption','Supports strong ethics rules, lobbying limits, and anti-corruption reforms.','green',4.00,1,80,'2026-03-17 14:29:55','2026-03-17 14:29:55',36),(183,'campaign-finance-reform','Campaign Finance Reform','Supports stronger campaign finance laws and reducing big-money influence.','green',4.00,1,90,'2026-03-17 14:29:55','2026-03-17 14:29:55',36),(184,'no-corporate-pac','No Corporate PAC Money','Refuses corporate PAC money or materially limits corporate influence.','green',4.00,1,100,'2026-03-17 14:29:55','2026-03-17 14:29:55',36),(185,'gun-safety','Gun Safety','Supports meaningful gun safety laws such as background checks and assault weapon restrictions.','green',4.00,1,110,'2026-03-17 14:29:55','2026-03-17 14:29:55',38),(186,'immigrant-rights','Immigrant Rights','Supports humane immigration policy and opposes cruelty-based enforcement.','green',4.00,1,120,'2026-03-17 14:29:55','2026-03-17 14:29:55',38),(187,'racial-justice','Racial Justice','Supports civil rights enforcement and policies addressing systemic racial inequity.','green',4.00,1,130,'2026-03-17 14:29:55','2026-03-17 14:29:55',34),(188,'housing-affordability','Housing Affordability','Supports stronger affordable housing and anti-homelessness policy.','green',3.00,1,140,'2026-03-17 14:29:55','2026-03-17 14:29:55',37),(189,'public-education','Public Education','Strong support for public schools and opposition to privatization schemes.','green',3.00,1,150,'2026-03-17 14:29:55','2026-03-17 14:29:55',37),(190,'minimum-wage','Living Wage','Supports raising the minimum wage to a real living standard.','green',3.00,1,160,'2026-03-17 14:29:55','2026-03-17 14:29:55',35),(191,'student-debt-relief','Student Debt Relief','Supports meaningful relief or cancellation for student borrowers.','green',3.00,1,170,'2026-03-17 14:29:55','2026-03-17 14:29:55',35),(192,'criminal-justice-reform','Criminal Justice Reform','Supports sentencing reform, police accountability, and reducing mass incarceration.','green',3.00,1,180,'2026-03-17 14:29:55','2026-03-17 14:29:55',38),(193,'ceasefire-human-rights','Human Rights Foreign Policy','Supports conditioning aid on human rights and rejects blank-check militarism.','green',3.00,1,190,'2026-03-17 14:29:55','2026-03-17 14:29:55',39),(194,'anti-abortion','Anti-Abortion','Supports abortion bans or major abortion restrictions.','red',5.00,1,210,'2026-03-17 14:29:55','2026-03-17 14:29:55',34),(195,'anti-lgbtq','Anti-LGBTQ','Supports anti-LGBTQ policy, especially anti-trans attacks.','red',5.00,1,220,'2026-03-17 14:29:55','2026-03-17 14:29:55',34),(196,'voter-suppression','Voter Suppression','Supports voter suppression measures such as restrictive voter ID laws or roll purges.','red',5.00,1,230,'2026-03-17 14:29:55','2026-03-17 14:29:55',36),(197,'union-buster','Union Busting','Anti-union record or support for policies that weaken collective bargaining.','red',5.00,1,240,'2026-03-17 14:29:55','2026-03-17 14:29:55',35),(198,'climate-denial','Climate Denial','Denies climate science or obstructs major climate action.','red',5.00,1,250,'2026-03-17 14:29:55','2026-03-17 14:29:55',37),(199,'aipac-backed','AIPAC / Pro-Israel Lobby Backing','Accepts AIPAC support or aligns with unconditional pro-Israel government policy.','red',5.00,1,260,'2026-03-17 14:29:55','2026-03-17 14:29:55',39),(200,'corporate-pac','Corporate PAC Money','Reliance on corporate PAC money or clear corporate capture.','red',4.00,1,270,'2026-03-17 14:29:55','2026-03-17 14:29:55',36),(201,'anti-medicare-for-all','Anti-Universal Healthcare','Opposes universal healthcare and protects the private-insurance status quo.','red',4.00,1,280,'2026-03-17 14:29:55','2026-03-17 14:29:55',35),(202,'privatization','Privatization','Pushes privatization of public goods like schools, Social Security, or Medicare.','red',4.00,1,290,'2026-03-17 14:29:55','2026-03-17 14:29:55',37),(203,'corruption-scandal','Corruption','Credible corruption scandal, pay-to-play behavior, or major ethics issues.','red',4.00,1,300,'2026-03-17 14:29:55','2026-03-17 14:29:55',36),(204,'genocide-apologia','Human Rights Abuse Support','Supports or excuses major human-rights abuses or collective punishment abroad.','red',4.00,1,310,'2026-03-17 14:29:55','2026-03-17 14:29:55',39),(205,'anti-immigrant','Anti-Immigrant','Supports cruel anti-immigrant policy or demonizing rhetoric.','red',4.00,1,320,'2026-03-17 14:29:55','2026-03-17 14:29:55',38),(206,'anti-gun-safety','Opposes Gun Safety','Opposes even basic gun safety reforms.','red',3.00,1,330,'2026-03-17 14:29:55','2026-03-17 14:29:55',38),(207,'anti-minimum-wage','Anti-Living Wage','Opposes raising wages or sides with low-wage employer interests.','red',3.00,1,340,'2026-03-17 14:29:55','2026-03-17 14:29:55',35),(208,'anti-public-education','Anti-Public Education','Supports defunding or privatizing public education.','red',3.00,1,350,'2026-03-17 14:29:55','2026-03-17 14:29:55',37),(209,'anti-debt-relief','Anti-Debt Relief','Opposes meaningful student debt relief.','red',2.00,1,360,'2026-03-17 14:29:55','2026-03-17 14:29:55',35),(210,'carceral-politics','Carceral Politics','Favors punitive overreach, mass-incarceration posture, or police impunity.','red',2.00,1,370,'2026-03-17 14:29:55','2026-03-17 14:29:55',38);
INSERT INTO `races` (`race_id`, `office_id`, `election_year`, `state_code`, `state_name`, `state_slug`, `district_type`, `district_number`, `district_label`, `seat_label`, `is_special`, `race_slug`, `status`, `notes_public`, `created_at`, `updated_at`) VALUES (2,1,2028,'US','United States','united-states','statewide',0,NULL,'United States Presidential',0,'united-states-presidential-2028','active','National presidential general race shell for 2028.','2026-03-16 13:16:16','2026-03-16 23:44:01'),(3,2,2026,'AL','Alabama','alabama','statewide',0,NULL,'Alabama U.S. Senate',0,'alabama-us-senate-2026','active','2026 U.S. Senate regular-election race shell for Alabama.','2026-03-16 13:24:43','2026-03-16 13:24:43'),(4,2,2026,'AR','Arkansas','arkansas','statewide',0,NULL,'Arkansas U.S. Senate',0,'arkansas-us-senate-2026','active','2026 U.S. Senate regular-election race shell for Arkansas.','2026-03-16 13:24:43','2026-03-16 13:24:43'),(5,2,2026,'CO','Colorado','colorado','statewide',0,NULL,'Colorado U.S. Senate',0,'colorado-us-senate-2026','active','2026 U.S. Senate regular-election race shell for Colorado.','2026-03-16 13:24:43','2026-03-16 13:24:43'),(6,2,2026,'DE','Delaware','delaware','statewide',0,NULL,'Delaware U.S. Senate',0,'delaware-us-senate-2026','active','2026 U.S. Senate regular-election race shell for Delaware.','2026-03-16 13:24:43','2026-03-16 13:24:43'),(7,2,2026,'GA','Georgia','georgia','statewide',0,NULL,'Georgia U.S. Senate',0,'georgia-us-senate-2026','active','2026 U.S. Senate regular-election race shell for Georgia.','2026-03-16 13:24:43','2026-03-16 13:24:43'),(8,2,2026,'ID','Idaho','idaho','statewide',0,NULL,'Idaho U.S. Senate',0,'idaho-us-senate-2026','active','2026 U.S. Senate regular-election race shell for Idaho.','2026-03-16 13:24:43','2026-03-16 13:24:43'),(9,2,2026,'IA','Iowa','iowa','statewide',0,NULL,'Iowa U.S. Senate',0,'iowa-us-senate-2026','active','2026 U.S. Senate regular-election race shell for Iowa.','2026-03-16 13:24:43','2026-03-16 13:24:43'),(10,2,2026,'KS','Kansas','kansas','statewide',0,NULL,'Kansas U.S. Senate',0,'kansas-us-senate-2026','active','2026 U.S. Senate regular-election race shell for Kansas.','2026-03-16 13:24:43','2026-03-16 13:24:43'),(11,2,2026,'KY','Kentucky','kentucky','statewide',0,NULL,'Kentucky U.S. Senate',0,'kentucky-us-senate-2026','active','2026 U.S. Senate regular-election race shell for Kentucky.','2026-03-16 13:24:43','2026-03-16 13:24:43'),(12,2,2026,'ME','Maine','maine','statewide',0,NULL,'Maine U.S. Senate',0,'maine-us-senate-2026','active','2026 U.S. Senate regular-election race shell for Maine.','2026-03-16 13:24:43','2026-03-16 13:24:43'),(13,2,2026,'MA','Massachusetts','massachusetts','statewide',0,NULL,'Massachusetts U.S. Senate',0,'massachusetts-us-senate-2026','active','2026 U.S. Senate regular-election race shell for Massachusetts.','2026-03-16 13:24:43','2026-03-16 13:24:43'),(14,2,2026,'MI','Michigan','michigan','statewide',0,NULL,'Michigan U.S. Senate',0,'michigan-us-senate-2026','active','2026 U.S. Senate regular-election race shell for Michigan.','2026-03-16 13:24:43','2026-03-16 13:24:43'),(15,2,2026,'MN','Minnesota','minnesota','statewide',0,NULL,'Minnesota U.S. Senate',0,'minnesota-us-senate-2026','active','2026 U.S. Senate regular-election race shell for Minnesota.','2026-03-16 13:24:43','2026-03-16 13:24:43'),(16,2,2026,'MS','Mississippi','mississippi','statewide',0,NULL,'Mississippi U.S. Senate',0,'mississippi-us-senate-2026','active','2026 U.S. Senate regular-election race shell for Mississippi.','2026-03-16 13:24:43','2026-03-16 13:24:43'),(17,2,2026,'MT','Montana','montana','statewide',0,NULL,'Montana U.S. Senate',0,'montana-us-senate-2026','active','2026 U.S. Senate regular-election race shell for Montana.','2026-03-16 13:24:43','2026-03-16 13:24:43'),(18,2,2026,'NE','Nebraska','nebraska','statewide',0,NULL,'Nebraska U.S. Senate',0,'nebraska-us-senate-2026','active','2026 U.S. Senate regular-election race shell for Nebraska.','2026-03-16 13:24:43','2026-03-16 13:24:43'),(19,2,2026,'NH','New Hampshire','new-hampshire','statewide',0,NULL,'New Hampshire U.S. Senate',0,'new-hampshire-us-senate-2026','active','2026 U.S. Senate regular-election race shell for New Hampshire.','2026-03-16 13:24:43','2026-03-16 13:24:43'),(20,2,2026,'NJ','New Jersey','new-jersey','statewide',0,NULL,'New Jersey U.S. Senate',0,'new-jersey-us-senate-2026','active','2026 U.S. Senate regular-election race shell for New Jersey.','2026-03-16 13:24:43','2026-03-16 13:24:43'),(21,2,2026,'NM','New Mexico','new-mexico','statewide',0,NULL,'New Mexico U.S. Senate',0,'new-mexico-us-senate-2026','active','2026 U.S. Senate regular-election race shell for New Mexico.','2026-03-16 13:24:43','2026-03-16 13:24:43'),(22,2,2026,'NC','North Carolina','north-carolina','statewide',0,NULL,'North Carolina U.S. Senate',0,'north-carolina-us-senate-2026','active','2026 U.S. Senate regular-election race shell for North Carolina.','2026-03-16 13:24:43','2026-03-16 13:24:43'),(23,2,2026,'OK','Oklahoma','oklahoma','statewide',0,NULL,'Oklahoma U.S. Senate',0,'oklahoma-us-senate-2026','active','2026 U.S. Senate regular-election race shell for Oklahoma.','2026-03-16 13:24:43','2026-03-16 13:24:43'),(24,2,2026,'OR','Oregon','oregon','statewide',0,NULL,'Oregon U.S. Senate',0,'oregon-us-senate-2026','active','2026 U.S. Senate regular-election race shell for Oregon.','2026-03-16 13:24:43','2026-03-16 13:24:43'),(25,2,2026,'RI','Rhode Island','rhode-island','statewide',0,NULL,'Rhode Island U.S. Senate',0,'rhode-island-us-senate-2026','active','2026 U.S. Senate regular-election race shell for Rhode Island.','2026-03-16 13:24:43','2026-03-16 13:24:43'),(26,2,2026,'SC','South Carolina','south-carolina','statewide',0,NULL,'South Carolina U.S. Senate',0,'south-carolina-us-senate-2026','active','2026 U.S. Senate regular-election race shell for South Carolina.','2026-03-16 13:24:43','2026-03-16 13:24:43'),(27,2,2026,'SD','South Dakota','south-dakota','statewide',0,NULL,'South Dakota U.S. Senate',0,'south-dakota-us-senate-2026','active','2026 U.S. Senate regular-election race shell for South Dakota.','2026-03-16 13:24:43','2026-03-16 13:24:43'),(28,2,2026,'TN','Tennessee','tennessee','statewide',0,NULL,'Tennessee U.S. Senate',0,'tennessee-us-senate-2026','active','2026 U.S. Senate regular-election race shell for Tennessee.','2026-03-16 13:24:43','2026-03-16 13:24:43'),(29,2,2026,'TX','Texas','texas','statewide',0,NULL,'Texas U.S. Senate',0,'texas-us-senate-2026','active','2026 U.S. Senate regular-election race shell for Texas.','2026-03-16 13:24:43','2026-03-16 13:24:43'),(30,2,2026,'VA','Virginia','virginia','statewide',0,NULL,'Virginia U.S. Senate',0,'virginia-us-senate-2026','active','2026 U.S. Senate regular-election race shell for Virginia.','2026-03-16 13:24:43','2026-03-16 13:24:43'),(31,2,2026,'WV','West Virginia','west-virginia','statewide',0,NULL,'West Virginia U.S. Senate',0,'west-virginia-us-senate-2026','active','2026 U.S. Senate regular-election race shell for West Virginia.','2026-03-16 13:24:43','2026-03-16 13:24:43'),(32,2,2026,'WY','Wyoming','wyoming','statewide',0,NULL,'Wyoming U.S. Senate',0,'wyoming-us-senate-2026','active','2026 U.S. Senate regular-election race shell for Wyoming.','2026-03-16 13:24:43','2026-03-16 13:24:43'),(34,4,2026,'AL','Alabama','alabama','statewide',0,NULL,'Alabama Governor',0,'alabama-governor-2026','active','2026 governor race shell for Alabama.','2026-03-16 13:27:03','2026-03-16 13:27:03'),(35,4,2026,'AZ','Arizona','arizona','statewide',0,NULL,'Arizona Governor',0,'arizona-governor-2026','active','2026 governor race shell for Arizona.','2026-03-16 13:27:03','2026-03-16 13:27:03'),(36,4,2026,'AR','Arkansas','arkansas','statewide',0,NULL,'Arkansas Governor',0,'arkansas-governor-2026','active','2026 governor race shell for Arkansas.','2026-03-16 13:27:03','2026-03-16 13:27:03'),(37,4,2026,'CO','Colorado','colorado','statewide',0,NULL,'Colorado Governor',0,'colorado-governor-2026','active','2026 governor race shell for Colorado.','2026-03-16 13:27:03','2026-03-16 13:27:03'),(38,4,2026,'CT','Connecticut','connecticut','statewide',0,NULL,'Connecticut Governor',0,'connecticut-governor-2026','active','2026 governor race shell for Connecticut.','2026-03-16 13:27:03','2026-03-16 13:27:03'),(39,4,2026,'FL','Florida','florida','statewide',0,NULL,'Florida Governor',0,'florida-governor-2026','active','2026 governor race shell for Florida.','2026-03-16 13:27:03','2026-03-16 13:27:03'),(40,4,2026,'GA','Georgia','georgia','statewide',0,NULL,'Georgia Governor',0,'georgia-governor-2026','active','2026 governor race shell for Georgia.','2026-03-16 13:27:03','2026-03-16 13:27:03'),(41,4,2026,'HI','Hawaii','hawaii','statewide',0,NULL,'Hawaii Governor',0,'hawaii-governor-2026','active','2026 governor race shell for Hawaii.','2026-03-16 13:27:03','2026-03-16 13:27:03'),(42,4,2026,'ID','Idaho','idaho','statewide',0,NULL,'Idaho Governor',0,'idaho-governor-2026','active','2026 governor race shell for Idaho.','2026-03-16 13:27:03','2026-03-16 13:27:03'),(43,4,2026,'IA','Iowa','iowa','statewide',0,NULL,'Iowa Governor',0,'iowa-governor-2026','active','2026 governor race shell for Iowa.','2026-03-16 13:27:03','2026-03-16 13:27:03'),(44,4,2026,'KS','Kansas','kansas','statewide',0,NULL,'Kansas Governor',0,'kansas-governor-2026','active','2026 governor race shell for Kansas.','2026-03-16 13:27:03','2026-03-16 13:27:03'),(45,4,2026,'ME','Maine','maine','statewide',0,NULL,'Maine Governor',0,'maine-governor-2026','active','2026 governor race shell for Maine.','2026-03-16 13:27:03','2026-03-16 13:27:03'),(46,4,2026,'MA','Massachusetts','massachusetts','statewide',0,NULL,'Massachusetts Governor',0,'massachusetts-governor-2026','active','2026 governor race shell for Massachusetts.','2026-03-16 13:27:03','2026-03-16 13:27:03'),(47,4,2026,'MI','Michigan','michigan','statewide',0,NULL,'Michigan Governor',0,'michigan-governor-2026','active','2026 governor race shell for Michigan.','2026-03-16 13:27:03','2026-03-16 13:27:03'),(48,4,2026,'MN','Minnesota','minnesota','statewide',0,NULL,'Minnesota Governor',0,'minnesota-governor-2026','active','2026 governor race shell for Minnesota.','2026-03-16 13:27:03','2026-03-16 13:27:03'),(49,4,2026,'NV','Nevada','nevada','statewide',0,NULL,'Nevada Governor',0,'nevada-governor-2026','active','2026 governor race shell for Nevada.','2026-03-16 13:27:03','2026-03-16 13:27:03'),(50,4,2026,'NH','New Hampshire','new-hampshire','statewide',0,NULL,'New Hampshire Governor',0,'new-hampshire-governor-2026','active','2026 governor race shell for New Hampshire.','2026-03-16 13:27:03','2026-03-16 13:27:03'),(51,4,2026,'NM','New Mexico','new-mexico','statewide',0,NULL,'New Mexico Governor',0,'new-mexico-governor-2026','active','2026 governor race shell for New Mexico.','2026-03-16 13:27:03','2026-03-16 13:27:03'),(52,4,2026,'NY','New York','new-york','statewide',0,NULL,'New York Governor',0,'new-york-governor-2026','active','2026 governor race shell for New York.','2026-03-16 13:27:03','2026-03-16 13:27:03'),(53,4,2026,'OH','Ohio','ohio','statewide',0,NULL,'Ohio Governor',0,'ohio-governor-2026','active','2026 governor race shell for Ohio.','2026-03-16 13:27:03','2026-03-16 13:27:03'),(54,4,2026,'OK','Oklahoma','oklahoma','statewide',0,NULL,'Oklahoma Governor',0,'oklahoma-governor-2026','active','2026 governor race shell for Oklahoma.','2026-03-16 13:27:03','2026-03-16 13:27:03'),(55,4,2026,'OR','Oregon','oregon','statewide',0,NULL,'Oregon Governor',0,'oregon-governor-2026','active','2026 governor race shell for Oregon.','2026-03-16 13:27:03','2026-03-16 13:27:03'),(56,4,2026,'PA','Pennsylvania','pennsylvania','statewide',0,NULL,'Pennsylvania Governor',0,'pennsylvania-governor-2026','active','2026 governor race shell for Pennsylvania.','2026-03-16 13:27:03','2026-03-16 13:27:03'),(57,4,2026,'RI','Rhode Island','rhode-island','statewide',0,NULL,'Rhode Island Governor',0,'rhode-island-governor-2026','active','2026 governor race shell for Rhode Island.','2026-03-16 13:27:03','2026-03-16 13:27:03'),(58,4,2026,'SC','South Carolina','south-carolina','statewide',0,NULL,'South Carolina Governor',0,'south-carolina-governor-2026','active','2026 governor race shell for South Carolina.','2026-03-16 13:27:03','2026-03-16 13:27:03'),(59,4,2026,'SD','South Dakota','south-dakota','statewide',0,NULL,'South Dakota Governor',0,'south-dakota-governor-2026','active','2026 governor race shell for South Dakota.','2026-03-16 13:27:03','2026-03-16 13:27:03'),(60,4,2026,'TN','Tennessee','tennessee','statewide',0,NULL,'Tennessee Governor',0,'tennessee-governor-2026','active','2026 governor race shell for Tennessee.','2026-03-16 13:27:03','2026-03-16 13:27:03'),(61,4,2026,'TX','Texas','texas','statewide',0,NULL,'Texas Governor',0,'texas-governor-2026','active','2026 governor race shell for Texas.','2026-03-16 13:27:03','2026-03-16 13:27:03'),(62,4,2026,'VT','Vermont','vermont','statewide',0,NULL,'Vermont Governor',0,'vermont-governor-2026','active','2026 governor race shell for Vermont.','2026-03-16 13:27:03','2026-03-16 13:27:03'),(63,4,2026,'WI','Wisconsin','wisconsin','statewide',0,NULL,'Wisconsin Governor',0,'wisconsin-governor-2026','active','2026 governor race shell for Wisconsin.','2026-03-16 13:27:03','2026-03-16 13:27:03'),(64,4,2026,'WY','Wyoming','wyoming','statewide',0,NULL,'Wyoming Governor',0,'wyoming-governor-2026','active','2026 governor race shell for Wyoming.','2026-03-16 13:27:03','2026-03-16 13:27:03'),(65,3,2026,'AL','Alabama','alabama','congressional_district',1,'AL-01','Alabama U.S. House AL-01',0,'alabama-us-house-al-01-2026','active','2026 U.S. House race shell for Alabama District 1.','2026-03-16 13:28:46','2026-03-16 23:44:01'),(66,3,2026,'AK','Alaska','alaska','congressional_district',1,'AK-01','Alaska U.S. House AK-01',0,'alaska-us-house-ak-01-2026','active','2026 U.S. House race shell for Alaska District 1.','2026-03-16 13:28:46','2026-03-16 23:44:01'),(67,3,2026,'AZ','Arizona','arizona','congressional_district',1,'AZ-01','Arizona U.S. House AZ-01',0,'arizona-us-house-az-01-2026','active','2026 U.S. House race shell for Arizona District 1.','2026-03-16 13:28:46','2026-03-16 23:44:01'),(68,3,2026,'AR','Arkansas','arkansas','congressional_district',1,'AR-01','Arkansas U.S. House AR-01',0,'arkansas-us-house-ar-01-2026','active','2026 U.S. House race shell for Arkansas District 1.','2026-03-16 13:28:46','2026-03-16 23:44:01'),(69,3,2026,'CA','California','california','congressional_district',1,'CA-01','California U.S. House CA-01',0,'california-us-house-ca-01-2026','active','2026 U.S. House race shell for California District 1.','2026-03-16 13:28:46','2026-03-16 23:44:01'),(70,3,2026,'CO','Colorado','colorado','congressional_district',1,'CO-01','Colorado U.S. House CO-01',0,'colorado-us-house-co-01-2026','active','2026 U.S. House race shell for Colorado District 1.','2026-03-16 13:28:46','2026-03-16 23:44:01'),(71,3,2026,'CT','Connecticut','connecticut','congressional_district',1,'CT-01','Connecticut U.S. House CT-01',0,'connecticut-us-house-ct-01-2026','active','2026 U.S. House race shell for Connecticut District 1.','2026-03-16 13:28:46','2026-03-16 23:44:01'),(72,3,2026,'DE','Delaware','delaware','congressional_district',1,'DE-01','Delaware U.S. House DE-01',0,'delaware-us-house-de-01-2026','active','2026 U.S. House race shell for Delaware District 1.','2026-03-16 13:28:46','2026-03-16 23:44:01'),(73,3,2026,'FL','Florida','florida','congressional_district',1,'FL-01','Florida U.S. House FL-01',0,'florida-us-house-fl-01-2026','active','2026 U.S. House race shell for Florida District 1.','2026-03-16 13:28:46','2026-03-16 23:44:01'),(74,3,2026,'GA','Georgia','georgia','congressional_district',1,'GA-01','Georgia U.S. House GA-01',0,'georgia-us-house-ga-01-2026','active','2026 U.S. House race shell for Georgia District 1.','2026-03-16 13:28:46','2026-03-16 23:44:01'),(75,3,2026,'HI','Hawaii','hawaii','congressional_district',1,'HI-01','Hawaii U.S. House HI-01',0,'hawaii-us-house-hi-01-2026','active','2026 U.S. House race shell for Hawaii District 1.','2026-03-16 13:28:46','2026-03-16 23:44:01'),(76,3,2026,'ID','Idaho','idaho','congressional_district',1,'ID-01','Idaho U.S. House ID-01',0,'idaho-us-house-id-01-2026','active','2026 U.S. House race shell for Idaho District 1.','2026-03-16 13:28:46','2026-03-16 23:44:01'),(77,3,2026,'IL','Illinois','illinois','congressional_district',1,'IL-01','Illinois U.S. House IL-01',0,'illinois-us-house-il-01-2026','active','2026 U.S. House race shell for Illinois District 1.','2026-03-16 13:28:46','2026-03-16 23:44:01'),(78,3,2026,'IN','Indiana','indiana','congressional_district',1,'IN-01','Indiana U.S. House IN-01',0,'indiana-us-house-in-01-2026','active','2026 U.S. House race shell for Indiana District 1.','2026-03-16 13:28:46','2026-03-16 23:44:01'),(79,3,2026,'IA','Iowa','iowa','congressional_district',1,'IA-01','Iowa U.S. House IA-01',0,'iowa-us-house-ia-01-2026','active','2026 U.S. House race shell for Iowa District 1.','2026-03-16 13:28:46','2026-03-16 23:44:01'),(80,3,2026,'KS','Kansas','kansas','congressional_district',1,'KS-01','Kansas U.S. House KS-01',0,'kansas-us-house-ks-01-2026','active','2026 U.S. House race shell for Kansas District 1.','2026-03-16 13:28:46','2026-03-16 23:44:01'),(81,3,2026,'KY','Kentucky','kentucky','congressional_district',1,'KY-01','Kentucky U.S. House KY-01',0,'kentucky-us-house-ky-01-2026','active','2026 U.S. House race shell for Kentucky District 1.','2026-03-16 13:28:46','2026-03-16 23:44:01'),(82,3,2026,'LA','Louisiana','louisiana','congressional_district',1,'LA-01','Louisiana U.S. House LA-01',0,'louisiana-us-house-la-01-2026','active','2026 U.S. House race shell for Louisiana District 1.','2026-03-16 13:28:46','2026-03-16 23:44:01'),(83,3,2026,'ME','Maine','maine','congressional_district',1,'ME-01','Maine U.S. House ME-01',0,'maine-us-house-me-01-2026','active','2026 U.S. House race shell for Maine District 1.','2026-03-16 13:28:46','2026-03-16 23:44:01'),(84,3,2026,'MD','Maryland','maryland','congressional_district',1,'MD-01','Maryland U.S. House MD-01',0,'maryland-us-house-md-01-2026','active','2026 U.S. House race shell for Maryland District 1.','2026-03-16 13:28:46','2026-03-16 23:44:01'),(85,3,2026,'MA','Massachusetts','massachusetts','congressional_district',1,'MA-01','Massachusetts U.S. House MA-01',0,'massachusetts-us-house-ma-01-2026','active','2026 U.S. House race shell for Massachusetts District 1.','2026-03-16 13:28:46','2026-03-16 23:44:01'),(86,3,2026,'MI','Michigan','michigan','congressional_district',1,'MI-01','Michigan U.S. House MI-01',0,'michigan-us-house-mi-01-2026','active','2026 U.S. House race shell for Michigan District 1.','2026-03-16 13:28:46','2026-03-16 23:44:01'),(87,3,2026,'MN','Minnesota','minnesota','congressional_district',1,'MN-01','Minnesota U.S. House MN-01',0,'minnesota-us-house-mn-01-2026','active','2026 U.S. House race shell for Minnesota District 1.','2026-03-16 13:28:46','2026-03-16 23:44:01'),(88,3,2026,'MS','Mississippi','mississippi','congressional_district',1,'MS-01','Mississippi U.S. House MS-01',0,'mississippi-us-house-ms-01-2026','active','2026 U.S. House race shell for Mississippi District 1.','2026-03-16 13:28:46','2026-03-16 23:44:01'),(89,3,2026,'MO','Missouri','missouri','congressional_district',1,'MO-01','Missouri U.S. House MO-01',0,'missouri-us-house-mo-01-2026','active','2026 U.S. House race shell for Missouri District 1.','2026-03-16 13:28:46','2026-03-16 23:44:01'),(90,3,2026,'MT','Montana','montana','congressional_district',1,'MT-01','Montana U.S. House MT-01',0,'montana-us-house-mt-01-2026','active','2026 U.S. House race shell for Montana District 1.','2026-03-16 13:28:46','2026-03-16 23:44:01'),(91,3,2026,'NE','Nebraska','nebraska','congressional_district',1,'NE-01','Nebraska U.S. House NE-01',0,'nebraska-us-house-ne-01-2026','active','2026 U.S. House race shell for Nebraska District 1.','2026-03-16 13:28:46','2026-03-16 23:44:01'),(92,3,2026,'NV','Nevada','nevada','congressional_district',1,'NV-01','Nevada U.S. House NV-01',0,'nevada-us-house-nv-01-2026','active','2026 U.S. House race shell for Nevada District 1.','2026-03-16 13:28:46','2026-03-16 23:44:01'),(93,3,2026,'NH','New Hampshire','new-hampshire','congressional_district',1,'NH-01','New Hampshire U.S. House NH-01',0,'new-hampshire-us-house-nh-01-2026','active','2026 U.S. House race shell for New Hampshire District 1.','2026-03-16 13:28:46','2026-03-16 23:44:01'),(94,3,2026,'NJ','New Jersey','new-jersey','congressional_district',1,'NJ-01','New Jersey U.S. House NJ-01',0,'new-jersey-us-house-nj-01-2026','active','2026 U.S. House race shell for New Jersey District 1.','2026-03-16 13:28:46','2026-03-16 23:44:01'),(95,3,2026,'NM','New Mexico','new-mexico','congressional_district',1,'NM-01','New Mexico U.S. House NM-01',0,'new-mexico-us-house-nm-01-2026','active','2026 U.S. House race shell for New Mexico District 1.','2026-03-16 13:28:46','2026-03-16 23:44:01'),(96,3,2026,'NY','New York','new-york','congressional_district',1,'NY-01','New York U.S. House NY-01',0,'new-york-us-house-ny-01-2026','active','2026 U.S. House race shell for New York District 1.','2026-03-16 13:28:46','2026-03-16 23:44:01'),(97,3,2026,'NC','North Carolina','north-carolina','congressional_district',1,'NC-01','North Carolina U.S. House NC-01',0,'north-carolina-us-house-nc-01-2026','active','2026 U.S. House race shell for North Carolina District 1.','2026-03-16 13:28:46','2026-03-16 23:44:01'),(98,3,2026,'ND','North Dakota','north-dakota','congressional_district',1,'ND-01','North Dakota U.S. House ND-01',0,'north-dakota-us-house-nd-01-2026','active','2026 U.S. House race shell for North Dakota District 1.','2026-03-16 13:28:46','2026-03-16 23:44:01'),(99,3,2026,'OH','Ohio','ohio','congressional_district',1,'OH-01','Ohio U.S. House OH-01',0,'ohio-us-house-oh-01-2026','active','2026 U.S. House race shell for Ohio District 1.','2026-03-16 13:28:46','2026-03-16 23:44:01'),(100,3,2026,'OK','Oklahoma','oklahoma','congressional_district',1,'OK-01','Oklahoma U.S. House OK-01',0,'oklahoma-us-house-ok-01-2026','active','2026 U.S. House race shell for Oklahoma District 1.','2026-03-16 13:28:46','2026-03-16 23:44:01'),(101,3,2026,'OR','Oregon','oregon','congressional_district',1,'OR-01','Oregon U.S. House OR-01',0,'oregon-us-house-or-01-2026','active','2026 U.S. House race shell for Oregon District 1.','2026-03-16 13:28:46','2026-03-16 23:44:01'),(102,3,2026,'PA','Pennsylvania','pennsylvania','congressional_district',1,'PA-01','Pennsylvania U.S. House PA-01',0,'pennsylvania-us-house-pa-01-2026','active','2026 U.S. House race shell for Pennsylvania District 1.','2026-03-16 13:28:46','2026-03-16 23:44:01'),(103,3,2026,'RI','Rhode Island','rhode-island','congressional_district',1,'RI-01','Rhode Island U.S. House RI-01',0,'rhode-island-us-house-ri-01-2026','active','2026 U.S. House race shell for Rhode Island District 1.','2026-03-16 13:28:46','2026-03-16 23:44:01'),(104,3,2026,'SC','South Carolina','south-carolina','congressional_district',1,'SC-01','South Carolina U.S. House SC-01',0,'south-carolina-us-house-sc-01-2026','active','2026 U.S. House race shell for South Carolina District 1.','2026-03-16 13:28:46','2026-03-16 23:44:01'),(105,3,2026,'SD','South Dakota','south-dakota','congressional_district',1,'SD-01','South Dakota U.S. House SD-01',0,'south-dakota-us-house-sd-01-2026','active','2026 U.S. House race shell for South Dakota District 1.','2026-03-16 13:28:46','2026-03-16 23:44:01'),(106,3,2026,'TN','Tennessee','tennessee','congressional_district',1,'TN-01','Tennessee U.S. House TN-01',0,'tennessee-us-house-tn-01-2026','active','2026 U.S. House race shell for Tennessee District 1.','2026-03-16 13:28:46','2026-03-16 23:44:01'),(107,3,2026,'TX','Texas','texas','congressional_district',1,'TX-01','Texas U.S. House TX-01',0,'texas-us-house-tx-01-2026','active','2026 U.S. House race shell for Texas District 1.','2026-03-16 13:28:46','2026-03-16 23:44:01'),(108,3,2026,'UT','Utah','utah','congressional_district',1,'UT-01','Utah U.S. House UT-01',0,'utah-us-house-ut-01-2026','active','2026 U.S. House race shell for Utah District 1.','2026-03-16 13:28:46','2026-03-16 23:44:01'),(109,3,2026,'VT','Vermont','vermont','congressional_district',1,'VT-01','Vermont U.S. House VT-01',0,'vermont-us-house-vt-01-2026','active','2026 U.S. House race shell for Vermont District 1.','2026-03-16 13:28:46','2026-03-16 23:44:01'),(110,3,2026,'VA','Virginia','virginia','congressional_district',1,'VA-01','Virginia U.S. House VA-01',0,'virginia-us-house-va-01-2026','active','2026 U.S. House race shell for Virginia District 1.','2026-03-16 13:28:46','2026-03-16 23:44:01'),(111,3,2026,'WA','Washington','washington','congressional_district',1,'WA-01','Washington U.S. House WA-01',0,'washington-us-house-wa-01-2026','active','2026 U.S. House race shell for Washington District 1.','2026-03-16 13:28:46','2026-03-16 23:44:01'),(112,3,2026,'WV','West Virginia','west-virginia','congressional_district',1,'WV-01','West Virginia U.S. House WV-01',0,'west-virginia-us-house-wv-01-2026','active','2026 U.S. House race shell for West Virginia District 1.','2026-03-16 13:28:46','2026-03-16 23:44:01'),(113,3,2026,'WI','Wisconsin','wisconsin','congressional_district',1,'WI-01','Wisconsin U.S. House WI-01',0,'wisconsin-us-house-wi-01-2026','active','2026 U.S. House race shell for Wisconsin District 1.','2026-03-16 13:28:46','2026-03-16 23:44:01'),(114,3,2026,'WY','Wyoming','wyoming','congressional_district',1,'WY-01','Wyoming U.S. House WY-01',0,'wyoming-us-house-wy-01-2026','active','2026 U.S. House race shell for Wyoming District 1.','2026-03-16 13:28:46','2026-03-16 23:44:01'),(115,3,2026,'AL','Alabama','alabama','congressional_district',2,'AL-02','Alabama U.S. House AL-02',0,'alabama-us-house-al-02-2026','active','2026 U.S. House race shell for Alabama District 2.','2026-03-16 13:28:46','2026-03-16 23:44:01'),(116,3,2026,'AZ','Arizona','arizona','congressional_district',2,'AZ-02','Arizona U.S. House AZ-02',0,'arizona-us-house-az-02-2026','active','2026 U.S. House race shell for Arizona District 2.','2026-03-16 13:28:46','2026-03-16 23:44:01'),(117,3,2026,'AR','Arkansas','arkansas','congressional_district',2,'AR-02','Arkansas U.S. House AR-02',0,'arkansas-us-house-ar-02-2026','active','2026 U.S. House race shell for Arkansas District 2.','2026-03-16 13:28:46','2026-03-16 23:44:01'),(118,3,2026,'CA','California','california','congressional_district',2,'CA-02','California U.S. House CA-02',0,'california-us-house-ca-02-2026','active','2026 U.S. House race shell for California District 2.','2026-03-16 13:28:46','2026-03-16 23:44:01'),(119,3,2026,'CO','Colorado','colorado','congressional_district',2,'CO-02','Colorado U.S. House CO-02',0,'colorado-us-house-co-02-2026','active','2026 U.S. House race shell for Colorado District 2.','2026-03-16 13:28:46','2026-03-16 23:44:01'),(120,3,2026,'CT','Connecticut','connecticut','congressional_district',2,'CT-02','Connecticut U.S. House CT-02',0,'connecticut-us-house-ct-02-2026','active','2026 U.S. House race shell for Connecticut District 2.','2026-03-16 13:28:46','2026-03-16 23:44:01'),(121,3,2026,'FL','Florida','florida','congressional_district',2,'FL-02','Florida U.S. House FL-02',0,'florida-us-house-fl-02-2026','active','2026 U.S. House race shell for Florida District 2.','2026-03-16 13:28:46','2026-03-16 23:44:01'),(122,3,2026,'GA','Georgia','georgia','congressional_district',2,'GA-02','Georgia U.S. House GA-02',0,'georgia-us-house-ga-02-2026','active','2026 U.S. House race shell for Georgia District 2.','2026-03-16 13:28:46','2026-03-16 23:44:01'),(123,3,2026,'HI','Hawaii','hawaii','congressional_district',2,'HI-02','Hawaii U.S. House HI-02',0,'hawaii-us-house-hi-02-2026','active','2026 U.S. House race shell for Hawaii District 2.','2026-03-16 13:28:46','2026-03-16 23:44:01'),(124,3,2026,'ID','Idaho','idaho','congressional_district',2,'ID-02','Idaho U.S. House ID-02',0,'idaho-us-house-id-02-2026','active','2026 U.S. House race shell for Idaho District 2.','2026-03-16 13:28:46','2026-03-16 23:44:01'),(125,3,2026,'IL','Illinois','illinois','congressional_district',2,'IL-02','Illinois U.S. House IL-02',0,'illinois-us-house-il-02-2026','active','2026 U.S. House race shell for Illinois District 2.','2026-03-16 13:28:46','2026-03-16 23:44:01'),(126,3,2026,'IN','Indiana','indiana','congressional_district',2,'IN-02','Indiana U.S. House IN-02',0,'indiana-us-house-in-02-2026','active','2026 U.S. House race shell for Indiana District 2.','2026-03-16 13:28:46','2026-03-16 23:44:01'),(127,3,2026,'IA','Iowa','iowa','congressional_district',2,'IA-02','Iowa U.S. House IA-02',0,'iowa-us-house-ia-02-2026','active','2026 U.S. House race shell for Iowa District 2.','2026-03-16 13:28:46','2026-03-16 23:44:01'),(128,3,2026,'KS','Kansas','kansas','congressional_district',2,'KS-02','Kansas U.S. House KS-02',0,'kansas-us-house-ks-02-2026','active','2026 U.S. House race shell for Kansas District 2.','2026-03-16 13:28:46','2026-03-16 23:44:01'),(129,3,2026,'KY','Kentucky','kentucky','congressional_district',2,'KY-02','Kentucky U.S. House KY-02',0,'kentucky-us-house-ky-02-2026','active','2026 U.S. House race shell for Kentucky District 2.','2026-03-16 13:28:46','2026-03-16 23:44:01'),(130,3,2026,'LA','Louisiana','louisiana','congressional_district',2,'LA-02','Louisiana U.S. House LA-02',0,'louisiana-us-house-la-02-2026','active','2026 U.S. House race shell for Louisiana District 2.','2026-03-16 13:28:46','2026-03-16 23:44:01'),(131,3,2026,'ME','Maine','maine','congressional_district',2,'ME-02','Maine U.S. House ME-02',0,'maine-us-house-me-02-2026','active','2026 U.S. House race shell for Maine District 2.','2026-03-16 13:28:46','2026-03-16 23:44:01'),(132,3,2026,'MD','Maryland','maryland','congressional_district',2,'MD-02','Maryland U.S. House MD-02',0,'maryland-us-house-md-02-2026','active','2026 U.S. House race shell for Maryland District 2.','2026-03-16 13:28:46','2026-03-16 23:44:01'),(133,3,2026,'MA','Massachusetts','massachusetts','congressional_district',2,'MA-02','Massachusetts U.S. House MA-02',0,'massachusetts-us-house-ma-02-2026','active','2026 U.S. House race shell for Massachusetts District 2.','2026-03-16 13:28:46','2026-03-16 23:44:01'),(134,3,2026,'MI','Michigan','michigan','congressional_district',2,'MI-02','Michigan U.S. House MI-02',0,'michigan-us-house-mi-02-2026','active','2026 U.S. House race shell for Michigan District 2.','2026-03-16 13:28:46','2026-03-16 23:44:01'),(135,3,2026,'MN','Minnesota','minnesota','congressional_district',2,'MN-02','Minnesota U.S. House MN-02',0,'minnesota-us-house-mn-02-2026','active','2026 U.S. House race shell for Minnesota District 2.','2026-03-16 13:28:46','2026-03-16 23:44:01'),(136,3,2026,'MS','Mississippi','mississippi','congressional_district',2,'MS-02','Mississippi U.S. House MS-02',0,'mississippi-us-house-ms-02-2026','active','2026 U.S. House race shell for Mississippi District 2.','2026-03-16 13:28:46','2026-03-16 23:44:01'),(137,3,2026,'MO','Missouri','missouri','congressional_district',2,'MO-02','Missouri U.S. House MO-02',0,'missouri-us-house-mo-02-2026','active','2026 U.S. House race shell for Missouri District 2.','2026-03-16 13:28:46','2026-03-16 23:44:01'),(138,3,2026,'MT','Montana','montana','congressional_district',2,'MT-02','Montana U.S. House MT-02',0,'montana-us-house-mt-02-2026','active','2026 U.S. House race shell for Montana District 2.','2026-03-16 13:28:46','2026-03-16 23:44:01'),(139,3,2026,'NE','Nebraska','nebraska','congressional_district',2,'NE-02','Nebraska U.S. House NE-02',0,'nebraska-us-house-ne-02-2026','active','2026 U.S. House race shell for Nebraska District 2.','2026-03-16 13:28:46','2026-03-16 23:44:01'),(140,3,2026,'NV','Nevada','nevada','congressional_district',2,'NV-02','Nevada U.S. House NV-02',0,'nevada-us-house-nv-02-2026','active','2026 U.S. House race shell for Nevada District 2.','2026-03-16 13:28:46','2026-03-16 23:44:01'),(141,3,2026,'NH','New Hampshire','new-hampshire','congressional_district',2,'NH-02','New Hampshire U.S. House NH-02',0,'new-hampshire-us-house-nh-02-2026','active','2026 U.S. House race shell for New Hampshire District 2.','2026-03-16 13:28:46','2026-03-16 23:44:01'),(142,3,2026,'NJ','New Jersey','new-jersey','congressional_district',2,'NJ-02','New Jersey U.S. House NJ-02',0,'new-jersey-us-house-nj-02-2026','active','2026 U.S. House race shell for New Jersey District 2.','2026-03-16 13:28:46','2026-03-16 23:44:01'),(143,3,2026,'NM','New Mexico','new-mexico','congressional_district',2,'NM-02','New Mexico U.S. House NM-02',0,'new-mexico-us-house-nm-02-2026','active','2026 U.S. House race shell for New Mexico District 2.','2026-03-16 13:28:46','2026-03-16 23:44:01'),(144,3,2026,'NY','New York','new-york','congressional_district',2,'NY-02','New York U.S. House NY-02',0,'new-york-us-house-ny-02-2026','active','2026 U.S. House race shell for New York District 2.','2026-03-16 13:28:46','2026-03-16 23:44:01'),(145,3,2026,'NC','North Carolina','north-carolina','congressional_district',2,'NC-02','North Carolina U.S. House NC-02',0,'north-carolina-us-house-nc-02-2026','active','2026 U.S. House race shell for North Carolina District 2.','2026-03-16 13:28:46','2026-03-16 23:44:01'),(146,3,2026,'OH','Ohio','ohio','congressional_district',2,'OH-02','Ohio U.S. House OH-02',0,'ohio-us-house-oh-02-2026','active','2026 U.S. House race shell for Ohio District 2.','2026-03-16 13:28:46','2026-03-16 23:44:01'),(147,3,2026,'OK','Oklahoma','oklahoma','congressional_district',2,'OK-02','Oklahoma U.S. House OK-02',0,'oklahoma-us-house-ok-02-2026','active','2026 U.S. House race shell for Oklahoma District 2.','2026-03-16 13:28:46','2026-03-16 23:44:01'),(148,3,2026,'OR','Oregon','oregon','congressional_district',2,'OR-02','Oregon U.S. House OR-02',0,'oregon-us-house-or-02-2026','active','2026 U.S. House race shell for Oregon District 2.','2026-03-16 13:28:46','2026-03-16 23:44:01'),(149,3,2026,'PA','Pennsylvania','pennsylvania','congressional_district',2,'PA-02','Pennsylvania U.S. House PA-02',0,'pennsylvania-us-house-pa-02-2026','active','2026 U.S. House race shell for Pennsylvania District 2.','2026-03-16 13:28:46','2026-03-16 23:44:01'),(150,3,2026,'RI','Rhode Island','rhode-island','congressional_district',2,'RI-02','Rhode Island U.S. House RI-02',0,'rhode-island-us-house-ri-02-2026','active','2026 U.S. House race shell for Rhode Island District 2.','2026-03-16 13:28:46','2026-03-16 23:44:01'),(151,3,2026,'SC','South Carolina','south-carolina','congressional_district',2,'SC-02','South Carolina U.S. House SC-02',0,'south-carolina-us-house-sc-02-2026','active','2026 U.S. House race shell for South Carolina District 2.','2026-03-16 13:28:46','2026-03-16 23:44:01'),(152,3,2026,'TN','Tennessee','tennessee','congressional_district',2,'TN-02','Tennessee U.S. House TN-02',0,'tennessee-us-house-tn-02-2026','active','2026 U.S. House race shell for Tennessee District 2.','2026-03-16 13:28:46','2026-03-16 23:44:01'),(153,3,2026,'TX','Texas','texas','congressional_district',2,'TX-02','Texas U.S. House TX-02',0,'texas-us-house-tx-02-2026','active','2026 U.S. House race shell for Texas District 2.','2026-03-16 13:28:46','2026-03-16 23:44:01'),(154,3,2026,'UT','Utah','utah','congressional_district',2,'UT-02','Utah U.S. House UT-02',0,'utah-us-house-ut-02-2026','active','2026 U.S. House race shell for Utah District 2.','2026-03-16 13:28:46','2026-03-16 23:44:01'),(155,3,2026,'VA','Virginia','virginia','congressional_district',2,'VA-02','Virginia U.S. House VA-02',0,'virginia-us-house-va-02-2026','active','2026 U.S. House race shell for Virginia District 2.','2026-03-16 13:28:46','2026-03-16 23:44:01'),(156,3,2026,'WA','Washington','washington','congressional_district',2,'WA-02','Washington U.S. House WA-02',0,'washington-us-house-wa-02-2026','active','2026 U.S. House race shell for Washington District 2.','2026-03-16 13:28:46','2026-03-16 23:44:01'),(157,3,2026,'WV','West Virginia','west-virginia','congressional_district',2,'WV-02','West Virginia U.S. House WV-02',0,'west-virginia-us-house-wv-02-2026','active','2026 U.S. House race shell for West Virginia District 2.','2026-03-16 13:28:46','2026-03-16 23:44:01'),(158,3,2026,'WI','Wisconsin','wisconsin','congressional_district',2,'WI-02','Wisconsin U.S. House WI-02',0,'wisconsin-us-house-wi-02-2026','active','2026 U.S. House race shell for Wisconsin District 2.','2026-03-16 13:28:46','2026-03-16 23:44:01'),(159,3,2026,'AL','Alabama','alabama','congressional_district',3,'AL-03','Alabama U.S. House AL-03',0,'alabama-us-house-al-03-2026','active','2026 U.S. House race shell for Alabama District 3.','2026-03-16 13:28:46','2026-03-16 23:44:01'),(160,3,2026,'AZ','Arizona','arizona','congressional_district',3,'AZ-03','Arizona U.S. House AZ-03',0,'arizona-us-house-az-03-2026','active','2026 U.S. House race shell for Arizona District 3.','2026-03-16 13:28:46','2026-03-16 23:44:01'),(161,3,2026,'AR','Arkansas','arkansas','congressional_district',3,'AR-03','Arkansas U.S. House AR-03',0,'arkansas-us-house-ar-03-2026','active','2026 U.S. House race shell for Arkansas District 3.','2026-03-16 13:28:46','2026-03-16 23:44:01'),(162,3,2026,'CA','California','california','congressional_district',3,'CA-03','California U.S. House CA-03',0,'california-us-house-ca-03-2026','active','2026 U.S. House race shell for California District 3.','2026-03-16 13:28:46','2026-03-16 23:44:01'),(163,3,2026,'CO','Colorado','colorado','congressional_district',3,'CO-03','Colorado U.S. House CO-03',0,'colorado-us-house-co-03-2026','active','2026 U.S. House race shell for Colorado District 3.','2026-03-16 13:28:46','2026-03-16 23:44:01'),(164,3,2026,'CT','Connecticut','connecticut','congressional_district',3,'CT-03','Connecticut U.S. House CT-03',0,'connecticut-us-house-ct-03-2026','active','2026 U.S. House race shell for Connecticut District 3.','2026-03-16 13:28:46','2026-03-16 23:44:01'),(165,3,2026,'FL','Florida','florida','congressional_district',3,'FL-03','Florida U.S. House FL-03',0,'florida-us-house-fl-03-2026','active','2026 U.S. House race shell for Florida District 3.','2026-03-16 13:28:46','2026-03-16 23:44:01'),(166,3,2026,'GA','Georgia','georgia','congressional_district',3,'GA-03','Georgia U.S. House GA-03',0,'georgia-us-house-ga-03-2026','active','2026 U.S. House race shell for Georgia District 3.','2026-03-16 13:28:46','2026-03-16 23:44:01'),(167,3,2026,'IL','Illinois','illinois','congressional_district',3,'IL-03','Illinois U.S. House IL-03',0,'illinois-us-house-il-03-2026','active','2026 U.S. House race shell for Illinois District 3.','2026-03-16 13:28:46','2026-03-16 23:44:01'),(168,3,2026,'IN','Indiana','indiana','congressional_district',3,'IN-03','Indiana U.S. House IN-03',0,'indiana-us-house-in-03-2026','active','2026 U.S. House race shell for Indiana District 3.','2026-03-16 13:28:46','2026-03-16 23:44:01'),(169,3,2026,'IA','Iowa','iowa','congressional_district',3,'IA-03','Iowa U.S. House IA-03',0,'iowa-us-house-ia-03-2026','active','2026 U.S. House race shell for Iowa District 3.','2026-03-16 13:28:46','2026-03-16 23:44:01'),(170,3,2026,'KS','Kansas','kansas','congressional_district',3,'KS-03','Kansas U.S. House KS-03',0,'kansas-us-house-ks-03-2026','active','2026 U.S. House race shell for Kansas District 3.','2026-03-16 13:28:46','2026-03-16 23:44:01'),(171,3,2026,'KY','Kentucky','kentucky','congressional_district',3,'KY-03','Kentucky U.S. House KY-03',0,'kentucky-us-house-ky-03-2026','active','2026 U.S. House race shell for Kentucky District 3.','2026-03-16 13:28:46','2026-03-16 23:44:01'),(172,3,2026,'LA','Louisiana','louisiana','congressional_district',3,'LA-03','Louisiana U.S. House LA-03',0,'louisiana-us-house-la-03-2026','active','2026 U.S. House race shell for Louisiana District 3.','2026-03-16 13:28:46','2026-03-16 23:44:01'),(173,3,2026,'MD','Maryland','maryland','congressional_district',3,'MD-03','Maryland U.S. House MD-03',0,'maryland-us-house-md-03-2026','active','2026 U.S. House race shell for Maryland District 3.','2026-03-16 13:28:46','2026-03-16 23:44:01'),(174,3,2026,'MA','Massachusetts','massachusetts','congressional_district',3,'MA-03','Massachusetts U.S. House MA-03',0,'massachusetts-us-house-ma-03-2026','active','2026 U.S. House race shell for Massachusetts District 3.','2026-03-16 13:28:46','2026-03-16 23:44:01'),(175,3,2026,'MI','Michigan','michigan','congressional_district',3,'MI-03','Michigan U.S. House MI-03',0,'michigan-us-house-mi-03-2026','active','2026 U.S. House race shell for Michigan District 3.','2026-03-16 13:28:46','2026-03-16 23:44:01'),(176,3,2026,'MN','Minnesota','minnesota','congressional_district',3,'MN-03','Minnesota U.S. House MN-03',0,'minnesota-us-house-mn-03-2026','active','2026 U.S. House race shell for Minnesota District 3.','2026-03-16 13:28:46','2026-03-16 23:44:01'),(177,3,2026,'MS','Mississippi','mississippi','congressional_district',3,'MS-03','Mississippi U.S. House MS-03',0,'mississippi-us-house-ms-03-2026','active','2026 U.S. House race shell for Mississippi District 3.','2026-03-16 13:28:46','2026-03-16 23:44:01'),(178,3,2026,'MO','Missouri','missouri','congressional_district',3,'MO-03','Missouri U.S. House MO-03',0,'missouri-us-house-mo-03-2026','active','2026 U.S. House race shell for Missouri District 3.','2026-03-16 13:28:46','2026-03-16 23:44:01'),(179,3,2026,'NE','Nebraska','nebraska','congressional_district',3,'NE-03','Nebraska U.S. House NE-03',0,'nebraska-us-house-ne-03-2026','active','2026 U.S. House race shell for Nebraska District 3.','2026-03-16 13:28:46','2026-03-16 23:44:01'),(180,3,2026,'NV','Nevada','nevada','congressional_district',3,'NV-03','Nevada U.S. House NV-03',0,'nevada-us-house-nv-03-2026','active','2026 U.S. House race shell for Nevada District 3.','2026-03-16 13:28:46','2026-03-16 23:44:01'),(181,3,2026,'NJ','New Jersey','new-jersey','congressional_district',3,'NJ-03','New Jersey U.S. House NJ-03',0,'new-jersey-us-house-nj-03-2026','active','2026 U.S. House race shell for New Jersey District 3.','2026-03-16 13:28:46','2026-03-16 23:44:01'),(182,3,2026,'NM','New Mexico','new-mexico','congressional_district',3,'NM-03','New Mexico U.S. House NM-03',0,'new-mexico-us-house-nm-03-2026','active','2026 U.S. House race shell for New Mexico District 3.','2026-03-16 13:28:46','2026-03-16 23:44:01'),(183,3,2026,'NY','New York','new-york','congressional_district',3,'NY-03','New York U.S. House NY-03',0,'new-york-us-house-ny-03-2026','active','2026 U.S. House race shell for New York District 3.','2026-03-16 13:28:46','2026-03-16 23:44:01'),(184,3,2026,'NC','North Carolina','north-carolina','congressional_district',3,'NC-03','North Carolina U.S. House NC-03',0,'north-carolina-us-house-nc-03-2026','active','2026 U.S. House race shell for North Carolina District 3.','2026-03-16 13:28:46','2026-03-16 23:44:01'),(185,3,2026,'OH','Ohio','ohio','congressional_district',3,'OH-03','Ohio U.S. House OH-03',0,'ohio-us-house-oh-03-2026','active','2026 U.S. House race shell for Ohio District 3.','2026-03-16 13:28:46','2026-03-16 23:44:01'),(186,3,2026,'OK','Oklahoma','oklahoma','congressional_district',3,'OK-03','Oklahoma U.S. House OK-03',0,'oklahoma-us-house-ok-03-2026','active','2026 U.S. House race shell for Oklahoma District 3.','2026-03-16 13:28:46','2026-03-16 23:44:01'),(187,3,2026,'OR','Oregon','oregon','congressional_district',3,'OR-03','Oregon U.S. House OR-03',0,'oregon-us-house-or-03-2026','active','2026 U.S. House race shell for Oregon District 3.','2026-03-16 13:28:46','2026-03-16 23:44:01'),(188,3,2026,'PA','Pennsylvania','pennsylvania','congressional_district',3,'PA-03','Pennsylvania U.S. House PA-03',0,'pennsylvania-us-house-pa-03-2026','active','2026 U.S. House race shell for Pennsylvania District 3.','2026-03-16 13:28:46','2026-03-16 23:44:01'),(189,3,2026,'SC','South Carolina','south-carolina','congressional_district',3,'SC-03','South Carolina U.S. House SC-03',0,'south-carolina-us-house-sc-03-2026','active','2026 U.S. House race shell for South Carolina District 3.','2026-03-16 13:28:46','2026-03-16 23:44:01'),(190,3,2026,'TN','Tennessee','tennessee','congressional_district',3,'TN-03','Tennessee U.S. House TN-03',0,'tennessee-us-house-tn-03-2026','active','2026 U.S. House race shell for Tennessee District 3.','2026-03-16 13:28:46','2026-03-16 23:44:01'),(191,3,2026,'TX','Texas','texas','congressional_district',3,'TX-03','Texas U.S. House TX-03',0,'texas-us-house-tx-03-2026','active','2026 U.S. House race shell for Texas District 3.','2026-03-16 13:28:46','2026-03-16 23:44:01'),(192,3,2026,'UT','Utah','utah','congressional_district',3,'UT-03','Utah U.S. House UT-03',0,'utah-us-house-ut-03-2026','active','2026 U.S. House race shell for Utah District 3.','2026-03-16 13:28:46','2026-03-16 23:44:01'),(193,3,2026,'VA','Virginia','virginia','congressional_district',3,'VA-03','Virginia U.S. House VA-03',0,'virginia-us-house-va-03-2026','active','2026 U.S. House race shell for Virginia District 3.','2026-03-16 13:28:46','2026-03-16 23:44:01'),(194,3,2026,'WA','Washington','washington','congressional_district',3,'WA-03','Washington U.S. House WA-03',0,'washington-us-house-wa-03-2026','active','2026 U.S. House race shell for Washington District 3.','2026-03-16 13:28:46','2026-03-16 23:44:01'),(195,3,2026,'WI','Wisconsin','wisconsin','congressional_district',3,'WI-03','Wisconsin U.S. House WI-03',0,'wisconsin-us-house-wi-03-2026','active','2026 U.S. House race shell for Wisconsin District 3.','2026-03-16 13:28:46','2026-03-16 23:44:01'),(196,3,2026,'AL','Alabama','alabama','congressional_district',4,'AL-04','Alabama U.S. House AL-04',0,'alabama-us-house-al-04-2026','active','2026 U.S. House race shell for Alabama District 4.','2026-03-16 13:28:46','2026-03-16 23:44:01'),(197,3,2026,'AZ','Arizona','arizona','congressional_district',4,'AZ-04','Arizona U.S. House AZ-04',0,'arizona-us-house-az-04-2026','active','2026 U.S. House race shell for Arizona District 4.','2026-03-16 13:28:46','2026-03-16 23:44:01'),(198,3,2026,'AR','Arkansas','arkansas','congressional_district',4,'AR-04','Arkansas U.S. House AR-04',0,'arkansas-us-house-ar-04-2026','active','2026 U.S. House race shell for Arkansas District 4.','2026-03-16 13:28:46','2026-03-16 23:44:01'),(199,3,2026,'CA','California','california','congressional_district',4,'CA-04','California U.S. House CA-04',0,'california-us-house-ca-04-2026','active','2026 U.S. House race shell for California District 4.','2026-03-16 13:28:46','2026-03-16 23:44:01'),(200,3,2026,'CO','Colorado','colorado','congressional_district',4,'CO-04','Colorado U.S. House CO-04',0,'colorado-us-house-co-04-2026','active','2026 U.S. House race shell for Colorado District 4.','2026-03-16 13:28:46','2026-03-16 23:44:01'),(201,3,2026,'CT','Connecticut','connecticut','congressional_district',4,'CT-04','Connecticut U.S. House CT-04',0,'connecticut-us-house-ct-04-2026','active','2026 U.S. House race shell for Connecticut District 4.','2026-03-16 13:28:46','2026-03-16 23:44:01'),(202,3,2026,'FL','Florida','florida','congressional_district',4,'FL-04','Florida U.S. House FL-04',0,'florida-us-house-fl-04-2026','active','2026 U.S. House race shell for Florida District 4.','2026-03-16 13:28:46','2026-03-16 23:44:01'),(203,3,2026,'GA','Georgia','georgia','congressional_district',4,'GA-04','Georgia U.S. House GA-04',0,'georgia-us-house-ga-04-2026','active','2026 U.S. House race shell for Georgia District 4.','2026-03-16 13:28:46','2026-03-16 23:44:01'),(204,3,2026,'IL','Illinois','illinois','congressional_district',4,'IL-04','Illinois U.S. House IL-04',0,'illinois-us-house-il-04-2026','active','2026 U.S. House race shell for Illinois District 4.','2026-03-16 13:28:46','2026-03-16 23:44:01'),(205,3,2026,'IN','Indiana','indiana','congressional_district',4,'IN-04','Indiana U.S. House IN-04',0,'indiana-us-house-in-04-2026','active','2026 U.S. House race shell for Indiana District 4.','2026-03-16 13:28:46','2026-03-16 23:44:01'),(206,3,2026,'IA','Iowa','iowa','congressional_district',4,'IA-04','Iowa U.S. House IA-04',0,'iowa-us-house-ia-04-2026','active','2026 U.S. House race shell for Iowa District 4.','2026-03-16 13:28:46','2026-03-16 23:44:01'),(207,3,2026,'KS','Kansas','kansas','congressional_district',4,'KS-04','Kansas U.S. House KS-04',0,'kansas-us-house-ks-04-2026','active','2026 U.S. House race shell for Kansas District 4.','2026-03-16 13:28:46','2026-03-16 23:44:01'),(208,3,2026,'KY','Kentucky','kentucky','congressional_district',4,'KY-04','Kentucky U.S. House KY-04',0,'kentucky-us-house-ky-04-2026','active','2026 U.S. House race shell for Kentucky District 4.','2026-03-16 13:28:46','2026-03-16 23:44:01'),(209,3,2026,'LA','Louisiana','louisiana','congressional_district',4,'LA-04','Louisiana U.S. House LA-04',0,'louisiana-us-house-la-04-2026','active','2026 U.S. House race shell for Louisiana District 4.','2026-03-16 13:28:46','2026-03-16 23:44:01'),(210,3,2026,'MD','Maryland','maryland','congressional_district',4,'MD-04','Maryland U.S. House MD-04',0,'maryland-us-house-md-04-2026','active','2026 U.S. House race shell for Maryland District 4.','2026-03-16 13:28:46','2026-03-16 23:44:01'),(211,3,2026,'MA','Massachusetts','massachusetts','congressional_district',4,'MA-04','Massachusetts U.S. House MA-04',0,'massachusetts-us-house-ma-04-2026','active','2026 U.S. House race shell for Massachusetts District 4.','2026-03-16 13:28:46','2026-03-16 23:44:01'),(212,3,2026,'MI','Michigan','michigan','congressional_district',4,'MI-04','Michigan U.S. House MI-04',0,'michigan-us-house-mi-04-2026','active','2026 U.S. House race shell for Michigan District 4.','2026-03-16 13:28:46','2026-03-16 23:44:01'),(213,3,2026,'MN','Minnesota','minnesota','congressional_district',4,'MN-04','Minnesota U.S. House MN-04',0,'minnesota-us-house-mn-04-2026','active','2026 U.S. House race shell for Minnesota District 4.','2026-03-16 13:28:46','2026-03-16 23:44:01'),(214,3,2026,'MS','Mississippi','mississippi','congressional_district',4,'MS-04','Mississippi U.S. House MS-04',0,'mississippi-us-house-ms-04-2026','active','2026 U.S. House race shell for Mississippi District 4.','2026-03-16 13:28:46','2026-03-16 23:44:01'),(215,3,2026,'MO','Missouri','missouri','congressional_district',4,'MO-04','Missouri U.S. House MO-04',0,'missouri-us-house-mo-04-2026','active','2026 U.S. House race shell for Missouri District 4.','2026-03-16 13:28:46','2026-03-16 23:44:01'),(216,3,2026,'NV','Nevada','nevada','congressional_district',4,'NV-04','Nevada U.S. House NV-04',0,'nevada-us-house-nv-04-2026','active','2026 U.S. House race shell for Nevada District 4.','2026-03-16 13:28:46','2026-03-16 23:44:01'),(217,3,2026,'NJ','New Jersey','new-jersey','congressional_district',4,'NJ-04','New Jersey U.S. House NJ-04',0,'new-jersey-us-house-nj-04-2026','active','2026 U.S. House race shell for New Jersey District 4.','2026-03-16 13:28:46','2026-03-16 23:44:01'),(218,3,2026,'NY','New York','new-york','congressional_district',4,'NY-04','New York U.S. House NY-04',0,'new-york-us-house-ny-04-2026','active','2026 U.S. House race shell for New York District 4.','2026-03-16 13:28:46','2026-03-16 23:44:01'),(219,3,2026,'NC','North Carolina','north-carolina','congressional_district',4,'NC-04','North Carolina U.S. House NC-04',0,'north-carolina-us-house-nc-04-2026','active','2026 U.S. House race shell for North Carolina District 4.','2026-03-16 13:28:46','2026-03-16 23:44:01'),(220,3,2026,'OH','Ohio','ohio','congressional_district',4,'OH-04','Ohio U.S. House OH-04',0,'ohio-us-house-oh-04-2026','active','2026 U.S. House race shell for Ohio District 4.','2026-03-16 13:28:46','2026-03-16 23:44:01'),(221,3,2026,'OK','Oklahoma','oklahoma','congressional_district',4,'OK-04','Oklahoma U.S. House OK-04',0,'oklahoma-us-house-ok-04-2026','active','2026 U.S. House race shell for Oklahoma District 4.','2026-03-16 13:28:46','2026-03-16 23:44:01'),(222,3,2026,'OR','Oregon','oregon','congressional_district',4,'OR-04','Oregon U.S. House OR-04',0,'oregon-us-house-or-04-2026','active','2026 U.S. House race shell for Oregon District 4.','2026-03-16 13:28:46','2026-03-16 23:44:01'),(223,3,2026,'PA','Pennsylvania','pennsylvania','congressional_district',4,'PA-04','Pennsylvania U.S. House PA-04',0,'pennsylvania-us-house-pa-04-2026','active','2026 U.S. House race shell for Pennsylvania District 4.','2026-03-16 13:28:46','2026-03-16 23:44:01'),(224,3,2026,'SC','South Carolina','south-carolina','congressional_district',4,'SC-04','South Carolina U.S. House SC-04',0,'south-carolina-us-house-sc-04-2026','active','2026 U.S. House race shell for South Carolina District 4.','2026-03-16 13:28:46','2026-03-16 23:44:01'),(225,3,2026,'TN','Tennessee','tennessee','congressional_district',4,'TN-04','Tennessee U.S. House TN-04',0,'tennessee-us-house-tn-04-2026','active','2026 U.S. House race shell for Tennessee District 4.','2026-03-16 13:28:46','2026-03-16 23:44:01'),(226,3,2026,'TX','Texas','texas','congressional_district',4,'TX-04','Texas U.S. House TX-04',0,'texas-us-house-tx-04-2026','active','2026 U.S. House race shell for Texas District 4.','2026-03-16 13:28:46','2026-03-16 23:44:01'),(227,3,2026,'UT','Utah','utah','congressional_district',4,'UT-04','Utah U.S. House UT-04',0,'utah-us-house-ut-04-2026','active','2026 U.S. House race shell for Utah District 4.','2026-03-16 13:28:46','2026-03-16 23:44:01'),(228,3,2026,'VA','Virginia','virginia','congressional_district',4,'VA-04','Virginia U.S. House VA-04',0,'virginia-us-house-va-04-2026','active','2026 U.S. House race shell for Virginia District 4.','2026-03-16 13:28:46','2026-03-16 23:44:01'),(229,3,2026,'WA','Washington','washington','congressional_district',4,'WA-04','Washington U.S. House WA-04',0,'washington-us-house-wa-04-2026','active','2026 U.S. House race shell for Washington District 4.','2026-03-16 13:28:46','2026-03-16 23:44:01'),(230,3,2026,'WI','Wisconsin','wisconsin','congressional_district',4,'WI-04','Wisconsin U.S. House WI-04',0,'wisconsin-us-house-wi-04-2026','active','2026 U.S. House race shell for Wisconsin District 4.','2026-03-16 13:28:46','2026-03-16 23:44:01'),(231,3,2026,'AL','Alabama','alabama','congressional_district',5,'AL-05','Alabama U.S. House AL-05',0,'alabama-us-house-al-05-2026','active','2026 U.S. House race shell for Alabama District 5.','2026-03-16 13:28:46','2026-03-16 23:44:01'),(232,3,2026,'AZ','Arizona','arizona','congressional_district',5,'AZ-05','Arizona U.S. House AZ-05',0,'arizona-us-house-az-05-2026','active','2026 U.S. House race shell for Arizona District 5.','2026-03-16 13:28:46','2026-03-16 23:44:01'),(233,3,2026,'CA','California','california','congressional_district',5,'CA-05','California U.S. House CA-05',0,'california-us-house-ca-05-2026','active','2026 U.S. House race shell for California District 5.','2026-03-16 13:28:46','2026-03-16 23:44:01'),(234,3,2026,'CO','Colorado','colorado','congressional_district',5,'CO-05','Colorado U.S. House CO-05',0,'colorado-us-house-co-05-2026','active','2026 U.S. House race shell for Colorado District 5.','2026-03-16 13:28:46','2026-03-16 23:44:01'),(235,3,2026,'CT','Connecticut','connecticut','congressional_district',5,'CT-05','Connecticut U.S. House CT-05',0,'connecticut-us-house-ct-05-2026','active','2026 U.S. House race shell for Connecticut District 5.','2026-03-16 13:28:46','2026-03-16 23:44:01'),(236,3,2026,'FL','Florida','florida','congressional_district',5,'FL-05','Florida U.S. House FL-05',0,'florida-us-house-fl-05-2026','active','2026 U.S. House race shell for Florida District 5.','2026-03-16 13:28:46','2026-03-16 23:44:01'),(237,3,2026,'GA','Georgia','georgia','congressional_district',5,'GA-05','Georgia U.S. House GA-05',0,'georgia-us-house-ga-05-2026','active','2026 U.S. House race shell for Georgia District 5.','2026-03-16 13:28:46','2026-03-16 23:44:01'),(238,3,2026,'IL','Illinois','illinois','congressional_district',5,'IL-05','Illinois U.S. House IL-05',0,'illinois-us-house-il-05-2026','active','2026 U.S. House race shell for Illinois District 5.','2026-03-16 13:28:46','2026-03-16 23:44:01'),(239,3,2026,'IN','Indiana','indiana','congressional_district',5,'IN-05','Indiana U.S. House IN-05',0,'indiana-us-house-in-05-2026','active','2026 U.S. House race shell for Indiana District 5.','2026-03-16 13:28:46','2026-03-16 23:44:01'),(240,3,2026,'KY','Kentucky','kentucky','congressional_district',5,'KY-05','Kentucky U.S. House KY-05',0,'kentucky-us-house-ky-05-2026','active','2026 U.S. House race shell for Kentucky District 5.','2026-03-16 13:28:46','2026-03-16 23:44:01'),(241,3,2026,'LA','Louisiana','louisiana','congressional_district',5,'LA-05','Louisiana U.S. House LA-05',0,'louisiana-us-house-la-05-2026','active','2026 U.S. House race shell for Louisiana District 5.','2026-03-16 13:28:46','2026-03-16 23:44:01'),(242,3,2026,'MD','Maryland','maryland','congressional_district',5,'MD-05','Maryland U.S. House MD-05',0,'maryland-us-house-md-05-2026','active','2026 U.S. House race shell for Maryland District 5.','2026-03-16 13:28:46','2026-03-16 23:44:01'),(243,3,2026,'MA','Massachusetts','massachusetts','congressional_district',5,'MA-05','Massachusetts U.S. House MA-05',0,'massachusetts-us-house-ma-05-2026','active','2026 U.S. House race shell for Massachusetts District 5.','2026-03-16 13:28:46','2026-03-16 23:44:01'),(244,3,2026,'MI','Michigan','michigan','congressional_district',5,'MI-05','Michigan U.S. House MI-05',0,'michigan-us-house-mi-05-2026','active','2026 U.S. House race shell for Michigan District 5.','2026-03-16 13:28:46','2026-03-16 23:44:01'),(245,3,2026,'MN','Minnesota','minnesota','congressional_district',5,'MN-05','Minnesota U.S. House MN-05',0,'minnesota-us-house-mn-05-2026','active','2026 U.S. House race shell for Minnesota District 5.','2026-03-16 13:28:46','2026-03-16 23:44:01'),(246,3,2026,'MO','Missouri','missouri','congressional_district',5,'MO-05','Missouri U.S. House MO-05',0,'missouri-us-house-mo-05-2026','active','2026 U.S. House race shell for Missouri District 5.','2026-03-16 13:28:46','2026-03-16 23:44:01'),(247,3,2026,'NJ','New Jersey','new-jersey','congressional_district',5,'NJ-05','New Jersey U.S. House NJ-05',0,'new-jersey-us-house-nj-05-2026','active','2026 U.S. House race shell for New Jersey District 5.','2026-03-16 13:28:46','2026-03-16 23:44:01'),(248,3,2026,'NY','New York','new-york','congressional_district',5,'NY-05','New York U.S. House NY-05',0,'new-york-us-house-ny-05-2026','active','2026 U.S. House race shell for New York District 5.','2026-03-16 13:28:46','2026-03-16 23:44:01'),(249,3,2026,'NC','North Carolina','north-carolina','congressional_district',5,'NC-05','North Carolina U.S. House NC-05',0,'north-carolina-us-house-nc-05-2026','active','2026 U.S. House race shell for North Carolina District 5.','2026-03-16 13:28:46','2026-03-16 23:44:01'),(250,3,2026,'OH','Ohio','ohio','congressional_district',5,'OH-05','Ohio U.S. House OH-05',0,'ohio-us-house-oh-05-2026','active','2026 U.S. House race shell for Ohio District 5.','2026-03-16 13:28:46','2026-03-16 23:44:01'),(251,3,2026,'OK','Oklahoma','oklahoma','congressional_district',5,'OK-05','Oklahoma U.S. House OK-05',0,'oklahoma-us-house-ok-05-2026','active','2026 U.S. House race shell for Oklahoma District 5.','2026-03-16 13:28:46','2026-03-16 23:44:01'),(252,3,2026,'OR','Oregon','oregon','congressional_district',5,'OR-05','Oregon U.S. House OR-05',0,'oregon-us-house-or-05-2026','active','2026 U.S. House race shell for Oregon District 5.','2026-03-16 13:28:46','2026-03-16 23:44:01'),(253,3,2026,'PA','Pennsylvania','pennsylvania','congressional_district',5,'PA-05','Pennsylvania U.S. House PA-05',0,'pennsylvania-us-house-pa-05-2026','active','2026 U.S. House race shell for Pennsylvania District 5.','2026-03-16 13:28:46','2026-03-16 23:44:01'),(254,3,2026,'SC','South Carolina','south-carolina','congressional_district',5,'SC-05','South Carolina U.S. House SC-05',0,'south-carolina-us-house-sc-05-2026','active','2026 U.S. House race shell for South Carolina District 5.','2026-03-16 13:28:46','2026-03-16 23:44:01'),(255,3,2026,'TN','Tennessee','tennessee','congressional_district',5,'TN-05','Tennessee U.S. House TN-05',0,'tennessee-us-house-tn-05-2026','active','2026 U.S. House race shell for Tennessee District 5.','2026-03-16 13:28:46','2026-03-16 23:44:01'),(256,3,2026,'TX','Texas','texas','congressional_district',5,'TX-05','Texas U.S. House TX-05',0,'texas-us-house-tx-05-2026','active','2026 U.S. House race shell for Texas District 5.','2026-03-16 13:28:46','2026-03-16 23:44:01'),(257,3,2026,'VA','Virginia','virginia','congressional_district',5,'VA-05','Virginia U.S. House VA-05',0,'virginia-us-house-va-05-2026','active','2026 U.S. House race shell for Virginia District 5.','2026-03-16 13:28:46','2026-03-16 23:44:01'),(258,3,2026,'WA','Washington','washington','congressional_district',5,'WA-05','Washington U.S. House WA-05',0,'washington-us-house-wa-05-2026','active','2026 U.S. House race shell for Washington District 5.','2026-03-16 13:28:46','2026-03-16 23:44:01'),(259,3,2026,'WI','Wisconsin','wisconsin','congressional_district',5,'WI-05','Wisconsin U.S. House WI-05',0,'wisconsin-us-house-wi-05-2026','active','2026 U.S. House race shell for Wisconsin District 5.','2026-03-16 13:28:46','2026-03-16 23:44:01'),(260,3,2026,'AL','Alabama','alabama','congressional_district',6,'AL-06','Alabama U.S. House AL-06',0,'alabama-us-house-al-06-2026','active','2026 U.S. House race shell for Alabama District 6.','2026-03-16 13:28:46','2026-03-16 23:44:01'),(261,3,2026,'AZ','Arizona','arizona','congressional_district',6,'AZ-06','Arizona U.S. House AZ-06',0,'arizona-us-house-az-06-2026','active','2026 U.S. House race shell for Arizona District 6.','2026-03-16 13:28:46','2026-03-16 23:44:01'),(262,3,2026,'CA','California','california','congressional_district',6,'CA-06','California U.S. House CA-06',0,'california-us-house-ca-06-2026','active','2026 U.S. House race shell for California District 6.','2026-03-16 13:28:46','2026-03-16 23:44:01'),(263,3,2026,'CO','Colorado','colorado','congressional_district',6,'CO-06','Colorado U.S. House CO-06',0,'colorado-us-house-co-06-2026','active','2026 U.S. House race shell for Colorado District 6.','2026-03-16 13:28:46','2026-03-16 23:44:01'),(264,3,2026,'FL','Florida','florida','congressional_district',6,'FL-06','Florida U.S. House FL-06',0,'florida-us-house-fl-06-2026','active','2026 U.S. House race shell for Florida District 6.','2026-03-16 13:28:46','2026-03-16 23:44:01'),(265,3,2026,'GA','Georgia','georgia','congressional_district',6,'GA-06','Georgia U.S. House GA-06',0,'georgia-us-house-ga-06-2026','active','2026 U.S. House race shell for Georgia District 6.','2026-03-16 13:28:46','2026-03-16 23:44:01'),(266,3,2026,'IL','Illinois','illinois','congressional_district',6,'IL-06','Illinois U.S. House IL-06',0,'illinois-us-house-il-06-2026','active','2026 U.S. House race shell for Illinois District 6.','2026-03-16 13:28:46','2026-03-16 23:44:01'),(267,3,2026,'IN','Indiana','indiana','congressional_district',6,'IN-06','Indiana U.S. House IN-06',0,'indiana-us-house-in-06-2026','active','2026 U.S. House race shell for Indiana District 6.','2026-03-16 13:28:46','2026-03-16 23:44:01'),(268,3,2026,'KY','Kentucky','kentucky','congressional_district',6,'KY-06','Kentucky U.S. House KY-06',0,'kentucky-us-house-ky-06-2026','active','2026 U.S. House race shell for Kentucky District 6.','2026-03-16 13:28:46','2026-03-16 23:44:01'),(269,3,2026,'LA','Louisiana','louisiana','congressional_district',6,'LA-06','Louisiana U.S. House LA-06',0,'louisiana-us-house-la-06-2026','active','2026 U.S. House race shell for Louisiana District 6.','2026-03-16 13:28:46','2026-03-16 23:44:01'),(270,3,2026,'MD','Maryland','maryland','congressional_district',6,'MD-06','Maryland U.S. House MD-06',0,'maryland-us-house-md-06-2026','active','2026 U.S. House race shell for Maryland District 6.','2026-03-16 13:28:46','2026-03-16 23:44:01'),(271,3,2026,'MA','Massachusetts','massachusetts','congressional_district',6,'MA-06','Massachusetts U.S. House MA-06',0,'massachusetts-us-house-ma-06-2026','active','2026 U.S. House race shell for Massachusetts District 6.','2026-03-16 13:28:46','2026-03-16 23:44:01'),(272,3,2026,'MI','Michigan','michigan','congressional_district',6,'MI-06','Michigan U.S. House MI-06',0,'michigan-us-house-mi-06-2026','active','2026 U.S. House race shell for Michigan District 6.','2026-03-16 13:28:46','2026-03-16 23:44:01'),(273,3,2026,'MN','Minnesota','minnesota','congressional_district',6,'MN-06','Minnesota U.S. House MN-06',0,'minnesota-us-house-mn-06-2026','active','2026 U.S. House race shell for Minnesota District 6.','2026-03-16 13:28:46','2026-03-16 23:44:01'),(274,3,2026,'MO','Missouri','missouri','congressional_district',6,'MO-06','Missouri U.S. House MO-06',0,'missouri-us-house-mo-06-2026','active','2026 U.S. House race shell for Missouri District 6.','2026-03-16 13:28:46','2026-03-16 23:44:01'),(275,3,2026,'NJ','New Jersey','new-jersey','congressional_district',6,'NJ-06','New Jersey U.S. House NJ-06',0,'new-jersey-us-house-nj-06-2026','active','2026 U.S. House race shell for New Jersey District 6.','2026-03-16 13:28:46','2026-03-16 23:44:01'),(276,3,2026,'NY','New York','new-york','congressional_district',6,'NY-06','New York U.S. House NY-06',0,'new-york-us-house-ny-06-2026','active','2026 U.S. House race shell for New York District 6.','2026-03-16 13:28:46','2026-03-16 23:44:01'),(277,3,2026,'NC','North Carolina','north-carolina','congressional_district',6,'NC-06','North Carolina U.S. House NC-06',0,'north-carolina-us-house-nc-06-2026','active','2026 U.S. House race shell for North Carolina District 6.','2026-03-16 13:28:46','2026-03-16 23:44:01'),(278,3,2026,'OH','Ohio','ohio','congressional_district',6,'OH-06','Ohio U.S. House OH-06',0,'ohio-us-house-oh-06-2026','active','2026 U.S. House race shell for Ohio District 6.','2026-03-16 13:28:46','2026-03-16 23:44:01'),(279,3,2026,'OR','Oregon','oregon','congressional_district',6,'OR-06','Oregon U.S. House OR-06',0,'oregon-us-house-or-06-2026','active','2026 U.S. House race shell for Oregon District 6.','2026-03-16 13:28:46','2026-03-16 23:44:01'),(280,3,2026,'PA','Pennsylvania','pennsylvania','congressional_district',6,'PA-06','Pennsylvania U.S. House PA-06',0,'pennsylvania-us-house-pa-06-2026','active','2026 U.S. House race shell for Pennsylvania District 6.','2026-03-16 13:28:46','2026-03-16 23:44:01'),(281,3,2026,'SC','South Carolina','south-carolina','congressional_district',6,'SC-06','South Carolina U.S. House SC-06',0,'south-carolina-us-house-sc-06-2026','active','2026 U.S. House race shell for South Carolina District 6.','2026-03-16 13:28:46','2026-03-16 23:44:01'),(282,3,2026,'TN','Tennessee','tennessee','congressional_district',6,'TN-06','Tennessee U.S. House TN-06',0,'tennessee-us-house-tn-06-2026','active','2026 U.S. House race shell for Tennessee District 6.','2026-03-16 13:28:46','2026-03-16 23:44:01'),(283,3,2026,'TX','Texas','texas','congressional_district',6,'TX-06','Texas U.S. House TX-06',0,'texas-us-house-tx-06-2026','active','2026 U.S. House race shell for Texas District 6.','2026-03-16 13:28:46','2026-03-16 23:44:01'),(284,3,2026,'VA','Virginia','virginia','congressional_district',6,'VA-06','Virginia U.S. House VA-06',0,'virginia-us-house-va-06-2026','active','2026 U.S. House race shell for Virginia District 6.','2026-03-16 13:28:46','2026-03-16 23:44:01'),(285,3,2026,'WA','Washington','washington','congressional_district',6,'WA-06','Washington U.S. House WA-06',0,'washington-us-house-wa-06-2026','active','2026 U.S. House race shell for Washington District 6.','2026-03-16 13:28:46','2026-03-16 23:44:01'),(286,3,2026,'WI','Wisconsin','wisconsin','congressional_district',6,'WI-06','Wisconsin U.S. House WI-06',0,'wisconsin-us-house-wi-06-2026','active','2026 U.S. House race shell for Wisconsin District 6.','2026-03-16 13:28:46','2026-03-16 23:44:01'),(287,3,2026,'AL','Alabama','alabama','congressional_district',7,'AL-07','Alabama U.S. House AL-07',0,'alabama-us-house-al-07-2026','active','2026 U.S. House race shell for Alabama District 7.','2026-03-16 13:28:46','2026-03-16 23:44:01'),(288,3,2026,'AZ','Arizona','arizona','congressional_district',7,'AZ-07','Arizona U.S. House AZ-07',0,'arizona-us-house-az-07-2026','active','2026 U.S. House race shell for Arizona District 7.','2026-03-16 13:28:46','2026-03-16 23:44:01'),(289,3,2026,'CA','California','california','congressional_district',7,'CA-07','California U.S. House CA-07',0,'california-us-house-ca-07-2026','active','2026 U.S. House race shell for California District 7.','2026-03-16 13:28:46','2026-03-16 23:44:01'),(290,3,2026,'CO','Colorado','colorado','congressional_district',7,'CO-07','Colorado U.S. House CO-07',0,'colorado-us-house-co-07-2026','active','2026 U.S. House race shell for Colorado District 7.','2026-03-16 13:28:46','2026-03-16 23:44:01'),(291,3,2026,'FL','Florida','florida','congressional_district',7,'FL-07','Florida U.S. House FL-07',0,'florida-us-house-fl-07-2026','active','2026 U.S. House race shell for Florida District 7.','2026-03-16 13:28:46','2026-03-16 23:44:01'),(292,3,2026,'GA','Georgia','georgia','congressional_district',7,'GA-07','Georgia U.S. House GA-07',0,'georgia-us-house-ga-07-2026','active','2026 U.S. House race shell for Georgia District 7.','2026-03-16 13:28:46','2026-03-16 23:44:01'),(293,3,2026,'IL','Illinois','illinois','congressional_district',7,'IL-07','Illinois U.S. House IL-07',0,'illinois-us-house-il-07-2026','active','2026 U.S. House race shell for Illinois District 7.','2026-03-16 13:28:46','2026-03-16 23:44:01'),(294,3,2026,'IN','Indiana','indiana','congressional_district',7,'IN-07','Indiana U.S. House IN-07',0,'indiana-us-house-in-07-2026','active','2026 U.S. House race shell for Indiana District 7.','2026-03-16 13:28:46','2026-03-16 23:44:01'),(295,3,2026,'MD','Maryland','maryland','congressional_district',7,'MD-07','Maryland U.S. House MD-07',0,'maryland-us-house-md-07-2026','active','2026 U.S. House race shell for Maryland District 7.','2026-03-16 13:28:46','2026-03-16 23:44:01'),(296,3,2026,'MA','Massachusetts','massachusetts','congressional_district',7,'MA-07','Massachusetts U.S. House MA-07',0,'massachusetts-us-house-ma-07-2026','active','2026 U.S. House race shell for Massachusetts District 7.','2026-03-16 13:28:46','2026-03-16 23:44:01'),(297,3,2026,'MI','Michigan','michigan','congressional_district',7,'MI-07','Michigan U.S. House MI-07',0,'michigan-us-house-mi-07-2026','active','2026 U.S. House race shell for Michigan District 7.','2026-03-16 13:28:46','2026-03-16 23:44:01'),(298,3,2026,'MN','Minnesota','minnesota','congressional_district',7,'MN-07','Minnesota U.S. House MN-07',0,'minnesota-us-house-mn-07-2026','active','2026 U.S. House race shell for Minnesota District 7.','2026-03-16 13:28:46','2026-03-16 23:44:01'),(299,3,2026,'MO','Missouri','missouri','congressional_district',7,'MO-07','Missouri U.S. House MO-07',0,'missouri-us-house-mo-07-2026','active','2026 U.S. House race shell for Missouri District 7.','2026-03-16 13:28:46','2026-03-16 23:44:01'),(300,3,2026,'NJ','New Jersey','new-jersey','congressional_district',7,'NJ-07','New Jersey U.S. House NJ-07',0,'new-jersey-us-house-nj-07-2026','active','2026 U.S. House race shell for New Jersey District 7.','2026-03-16 13:28:46','2026-03-16 23:44:01'),(301,3,2026,'NY','New York','new-york','congressional_district',7,'NY-07','New York U.S. House NY-07',0,'new-york-us-house-ny-07-2026','active','2026 U.S. House race shell for New York District 7.','2026-03-16 13:28:46','2026-03-16 23:44:01'),(302,3,2026,'NC','North Carolina','north-carolina','congressional_district',7,'NC-07','North Carolina U.S. House NC-07',0,'north-carolina-us-house-nc-07-2026','active','2026 U.S. House race shell for North Carolina District 7.','2026-03-16 13:28:46','2026-03-16 23:44:01'),(303,3,2026,'OH','Ohio','ohio','congressional_district',7,'OH-07','Ohio U.S. House OH-07',0,'ohio-us-house-oh-07-2026','active','2026 U.S. House race shell for Ohio District 7.','2026-03-16 13:28:46','2026-03-16 23:44:01'),(304,3,2026,'PA','Pennsylvania','pennsylvania','congressional_district',7,'PA-07','Pennsylvania U.S. House PA-07',0,'pennsylvania-us-house-pa-07-2026','active','2026 U.S. House race shell for Pennsylvania District 7.','2026-03-16 13:28:46','2026-03-16 23:44:01'),(305,3,2026,'SC','South Carolina','south-carolina','congressional_district',7,'SC-07','South Carolina U.S. House SC-07',0,'south-carolina-us-house-sc-07-2026','active','2026 U.S. House race shell for South Carolina District 7.','2026-03-16 13:28:46','2026-03-16 23:44:01'),(306,3,2026,'TN','Tennessee','tennessee','congressional_district',7,'TN-07','Tennessee U.S. House TN-07',0,'tennessee-us-house-tn-07-2026','active','2026 U.S. House race shell for Tennessee District 7.','2026-03-16 13:28:46','2026-03-16 23:44:01'),(307,3,2026,'TX','Texas','texas','congressional_district',7,'TX-07','Texas U.S. House TX-07',0,'texas-us-house-tx-07-2026','active','2026 U.S. House race shell for Texas District 7.','2026-03-16 13:28:46','2026-03-16 23:44:01'),(308,3,2026,'VA','Virginia','virginia','congressional_district',7,'VA-07','Virginia U.S. House VA-07',0,'virginia-us-house-va-07-2026','active','2026 U.S. House race shell for Virginia District 7.','2026-03-16 13:28:46','2026-03-16 23:44:01'),(309,3,2026,'WA','Washington','washington','congressional_district',7,'WA-07','Washington U.S. House WA-07',0,'washington-us-house-wa-07-2026','active','2026 U.S. House race shell for Washington District 7.','2026-03-16 13:28:46','2026-03-16 23:44:01'),(310,3,2026,'WI','Wisconsin','wisconsin','congressional_district',7,'WI-07','Wisconsin U.S. House WI-07',0,'wisconsin-us-house-wi-07-2026','active','2026 U.S. House race shell for Wisconsin District 7.','2026-03-16 13:28:46','2026-03-16 23:44:01'),(311,3,2026,'AZ','Arizona','arizona','congressional_district',8,'AZ-08','Arizona U.S. House AZ-08',0,'arizona-us-house-az-08-2026','active','2026 U.S. House race shell for Arizona District 8.','2026-03-16 13:28:46','2026-03-16 23:44:01'),(312,3,2026,'CA','California','california','congressional_district',8,'CA-08','California U.S. House CA-08',0,'california-us-house-ca-08-2026','active','2026 U.S. House race shell for California District 8.','2026-03-16 13:28:46','2026-03-16 23:44:01'),(313,3,2026,'CO','Colorado','colorado','congressional_district',8,'CO-08','Colorado U.S. House CO-08',0,'colorado-us-house-co-08-2026','active','2026 U.S. House race shell for Colorado District 8.','2026-03-16 13:28:46','2026-03-16 23:44:01'),(314,3,2026,'FL','Florida','florida','congressional_district',8,'FL-08','Florida U.S. House FL-08',0,'florida-us-house-fl-08-2026','active','2026 U.S. House race shell for Florida District 8.','2026-03-16 13:28:46','2026-03-16 23:44:01'),(315,3,2026,'GA','Georgia','georgia','congressional_district',8,'GA-08','Georgia U.S. House GA-08',0,'georgia-us-house-ga-08-2026','active','2026 U.S. House race shell for Georgia District 8.','2026-03-16 13:28:46','2026-03-16 23:44:01'),(316,3,2026,'IL','Illinois','illinois','congressional_district',8,'IL-08','Illinois U.S. House IL-08',0,'illinois-us-house-il-08-2026','active','2026 U.S. House race shell for Illinois District 8.','2026-03-16 13:28:46','2026-03-16 23:44:01'),(317,3,2026,'IN','Indiana','indiana','congressional_district',8,'IN-08','Indiana U.S. House IN-08',0,'indiana-us-house-in-08-2026','active','2026 U.S. House race shell for Indiana District 8.','2026-03-16 13:28:46','2026-03-16 23:44:01'),(318,3,2026,'MD','Maryland','maryland','congressional_district',8,'MD-08','Maryland U.S. House MD-08',0,'maryland-us-house-md-08-2026','active','2026 U.S. House race shell for Maryland District 8.','2026-03-16 13:28:46','2026-03-16 23:44:01'),(319,3,2026,'MA','Massachusetts','massachusetts','congressional_district',8,'MA-08','Massachusetts U.S. House MA-08',0,'massachusetts-us-house-ma-08-2026','active','2026 U.S. House race shell for Massachusetts District 8.','2026-03-16 13:28:46','2026-03-16 23:44:01'),(320,3,2026,'MI','Michigan','michigan','congressional_district',8,'MI-08','Michigan U.S. House MI-08',0,'michigan-us-house-mi-08-2026','active','2026 U.S. House race shell for Michigan District 8.','2026-03-16 13:28:46','2026-03-16 23:44:01'),(321,3,2026,'MN','Minnesota','minnesota','congressional_district',8,'MN-08','Minnesota U.S. House MN-08',0,'minnesota-us-house-mn-08-2026','active','2026 U.S. House race shell for Minnesota District 8.','2026-03-16 13:28:46','2026-03-16 23:44:01'),(322,3,2026,'MO','Missouri','missouri','congressional_district',8,'MO-08','Missouri U.S. House MO-08',0,'missouri-us-house-mo-08-2026','active','2026 U.S. House race shell for Missouri District 8.','2026-03-16 13:28:46','2026-03-16 23:44:01'),(323,3,2026,'NJ','New Jersey','new-jersey','congressional_district',8,'NJ-08','New Jersey U.S. House NJ-08',0,'new-jersey-us-house-nj-08-2026','active','2026 U.S. House race shell for New Jersey District 8.','2026-03-16 13:28:46','2026-03-16 23:44:01'),(324,3,2026,'NY','New York','new-york','congressional_district',8,'NY-08','New York U.S. House NY-08',0,'new-york-us-house-ny-08-2026','active','2026 U.S. House race shell for New York District 8.','2026-03-16 13:28:46','2026-03-16 23:44:01'),(325,3,2026,'NC','North Carolina','north-carolina','congressional_district',8,'NC-08','North Carolina U.S. House NC-08',0,'north-carolina-us-house-nc-08-2026','active','2026 U.S. House race shell for North Carolina District 8.','2026-03-16 13:28:46','2026-03-16 23:44:01'),(326,3,2026,'OH','Ohio','ohio','congressional_district',8,'OH-08','Ohio U.S. House OH-08',0,'ohio-us-house-oh-08-2026','active','2026 U.S. House race shell for Ohio District 8.','2026-03-16 13:28:46','2026-03-16 23:44:01'),(327,3,2026,'PA','Pennsylvania','pennsylvania','congressional_district',8,'PA-08','Pennsylvania U.S. House PA-08',0,'pennsylvania-us-house-pa-08-2026','active','2026 U.S. House race shell for Pennsylvania District 8.','2026-03-16 13:28:46','2026-03-16 23:44:01'),(328,3,2026,'TN','Tennessee','tennessee','congressional_district',8,'TN-08','Tennessee U.S. House TN-08',0,'tennessee-us-house-tn-08-2026','active','2026 U.S. House race shell for Tennessee District 8.','2026-03-16 13:28:46','2026-03-16 23:44:01'),(329,3,2026,'TX','Texas','texas','congressional_district',8,'TX-08','Texas U.S. House TX-08',0,'texas-us-house-tx-08-2026','active','2026 U.S. House race shell for Texas District 8.','2026-03-16 13:28:46','2026-03-16 23:44:01'),(330,3,2026,'VA','Virginia','virginia','congressional_district',8,'VA-08','Virginia U.S. House VA-08',0,'virginia-us-house-va-08-2026','active','2026 U.S. House race shell for Virginia District 8.','2026-03-16 13:28:46','2026-03-16 23:44:01'),(331,3,2026,'WA','Washington','washington','congressional_district',8,'WA-08','Washington U.S. House WA-08',0,'washington-us-house-wa-08-2026','active','2026 U.S. House race shell for Washington District 8.','2026-03-16 13:28:46','2026-03-16 23:44:01'),(332,3,2026,'WI','Wisconsin','wisconsin','congressional_district',8,'WI-08','Wisconsin U.S. House WI-08',0,'wisconsin-us-house-wi-08-2026','active','2026 U.S. House race shell for Wisconsin District 8.','2026-03-16 13:28:46','2026-03-16 23:44:01'),(333,3,2026,'AZ','Arizona','arizona','congressional_district',9,'AZ-09','Arizona U.S. House AZ-09',0,'arizona-us-house-az-09-2026','active','2026 U.S. House race shell for Arizona District 9.','2026-03-16 13:28:46','2026-03-16 23:44:01'),(334,3,2026,'CA','California','california','congressional_district',9,'CA-09','California U.S. House CA-09',0,'california-us-house-ca-09-2026','active','2026 U.S. House race shell for California District 9.','2026-03-16 13:28:46','2026-03-16 23:44:01'),(335,3,2026,'FL','Florida','florida','congressional_district',9,'FL-09','Florida U.S. House FL-09',0,'florida-us-house-fl-09-2026','active','2026 U.S. House race shell for Florida District 9.','2026-03-16 13:28:46','2026-03-16 23:44:01'),(336,3,2026,'GA','Georgia','georgia','congressional_district',9,'GA-09','Georgia U.S. House GA-09',0,'georgia-us-house-ga-09-2026','active','2026 U.S. House race shell for Georgia District 9.','2026-03-16 13:28:46','2026-03-16 23:44:01'),(337,3,2026,'IL','Illinois','illinois','congressional_district',9,'IL-09','Illinois U.S. House IL-09',0,'illinois-us-house-il-09-2026','active','2026 U.S. House race shell for Illinois District 9.','2026-03-16 13:28:46','2026-03-16 23:44:01'),(338,3,2026,'IN','Indiana','indiana','congressional_district',9,'IN-09','Indiana U.S. House IN-09',0,'indiana-us-house-in-09-2026','active','2026 U.S. House race shell for Indiana District 9.','2026-03-16 13:28:46','2026-03-16 23:44:01'),(339,3,2026,'MA','Massachusetts','massachusetts','congressional_district',9,'MA-09','Massachusetts U.S. House MA-09',0,'massachusetts-us-house-ma-09-2026','active','2026 U.S. House race shell for Massachusetts District 9.','2026-03-16 13:28:46','2026-03-16 23:44:01'),(340,3,2026,'MI','Michigan','michigan','congressional_district',9,'MI-09','Michigan U.S. House MI-09',0,'michigan-us-house-mi-09-2026','active','2026 U.S. House race shell for Michigan District 9.','2026-03-16 13:28:46','2026-03-16 23:44:01'),(341,3,2026,'NJ','New Jersey','new-jersey','congressional_district',9,'NJ-09','New Jersey U.S. House NJ-09',0,'new-jersey-us-house-nj-09-2026','active','2026 U.S. House race shell for New Jersey District 9.','2026-03-16 13:28:46','2026-03-16 23:44:01'),(342,3,2026,'NY','New York','new-york','congressional_district',9,'NY-09','New York U.S. House NY-09',0,'new-york-us-house-ny-09-2026','active','2026 U.S. House race shell for New York District 9.','2026-03-16 13:28:46','2026-03-16 23:44:01'),(343,3,2026,'NC','North Carolina','north-carolina','congressional_district',9,'NC-09','North Carolina U.S. House NC-09',0,'north-carolina-us-house-nc-09-2026','active','2026 U.S. House race shell for North Carolina District 9.','2026-03-16 13:28:46','2026-03-16 23:44:01'),(344,3,2026,'OH','Ohio','ohio','congressional_district',9,'OH-09','Ohio U.S. House OH-09',0,'ohio-us-house-oh-09-2026','active','2026 U.S. House race shell for Ohio District 9.','2026-03-16 13:28:46','2026-03-16 23:44:01'),(345,3,2026,'PA','Pennsylvania','pennsylvania','congressional_district',9,'PA-09','Pennsylvania U.S. House PA-09',0,'pennsylvania-us-house-pa-09-2026','active','2026 U.S. House race shell for Pennsylvania District 9.','2026-03-16 13:28:46','2026-03-16 23:44:01'),(346,3,2026,'TN','Tennessee','tennessee','congressional_district',9,'TN-09','Tennessee U.S. House TN-09',0,'tennessee-us-house-tn-09-2026','active','2026 U.S. House race shell for Tennessee District 9.','2026-03-16 13:28:46','2026-03-16 23:44:01'),(347,3,2026,'TX','Texas','texas','congressional_district',9,'TX-09','Texas U.S. House TX-09',0,'texas-us-house-tx-09-2026','active','2026 U.S. House race shell for Texas District 9.','2026-03-16 13:28:46','2026-03-16 23:44:01'),(348,3,2026,'VA','Virginia','virginia','congressional_district',9,'VA-09','Virginia U.S. House VA-09',0,'virginia-us-house-va-09-2026','active','2026 U.S. House race shell for Virginia District 9.','2026-03-16 13:28:46','2026-03-16 23:44:01'),(349,3,2026,'WA','Washington','washington','congressional_district',9,'WA-09','Washington U.S. House WA-09',0,'washington-us-house-wa-09-2026','active','2026 U.S. House race shell for Washington District 9.','2026-03-16 13:28:46','2026-03-16 23:44:01'),(350,3,2026,'CA','California','california','congressional_district',10,'CA-10','California U.S. House CA-10',0,'california-us-house-ca-10-2026','active','2026 U.S. House race shell for California District 10.','2026-03-16 13:28:46','2026-03-16 23:44:01'),(351,3,2026,'FL','Florida','florida','congressional_district',10,'FL-10','Florida U.S. House FL-10',0,'florida-us-house-fl-10-2026','active','2026 U.S. House race shell for Florida District 10.','2026-03-16 13:28:46','2026-03-16 23:44:01'),(352,3,2026,'GA','Georgia','georgia','congressional_district',10,'GA-10','Georgia U.S. House GA-10',0,'georgia-us-house-ga-10-2026','active','2026 U.S. House race shell for Georgia District 10.','2026-03-16 13:28:46','2026-03-16 23:44:01'),(353,3,2026,'IL','Illinois','illinois','congressional_district',10,'IL-10','Illinois U.S. House IL-10',0,'illinois-us-house-il-10-2026','active','2026 U.S. House race shell for Illinois District 10.','2026-03-16 13:28:46','2026-03-16 23:44:01'),(354,3,2026,'MI','Michigan','michigan','congressional_district',10,'MI-10','Michigan U.S. House MI-10',0,'michigan-us-house-mi-10-2026','active','2026 U.S. House race shell for Michigan District 10.','2026-03-16 13:28:46','2026-03-16 23:44:01'),(355,3,2026,'NJ','New Jersey','new-jersey','congressional_district',10,'NJ-10','New Jersey U.S. House NJ-10',0,'new-jersey-us-house-nj-10-2026','active','2026 U.S. House race shell for New Jersey District 10.','2026-03-16 13:28:46','2026-03-16 23:44:01'),(356,3,2026,'NY','New York','new-york','congressional_district',10,'NY-10','New York U.S. House NY-10',0,'new-york-us-house-ny-10-2026','active','2026 U.S. House race shell for New York District 10.','2026-03-16 13:28:46','2026-03-16 23:44:01'),(357,3,2026,'NC','North Carolina','north-carolina','congressional_district',10,'NC-10','North Carolina U.S. House NC-10',0,'north-carolina-us-house-nc-10-2026','active','2026 U.S. House race shell for North Carolina District 10.','2026-03-16 13:28:46','2026-03-16 23:44:01'),(358,3,2026,'OH','Ohio','ohio','congressional_district',10,'OH-10','Ohio U.S. House OH-10',0,'ohio-us-house-oh-10-2026','active','2026 U.S. House race shell for Ohio District 10.','2026-03-16 13:28:46','2026-03-16 23:44:01'),(359,3,2026,'PA','Pennsylvania','pennsylvania','congressional_district',10,'PA-10','Pennsylvania U.S. House PA-10',0,'pennsylvania-us-house-pa-10-2026','active','2026 U.S. House race shell for Pennsylvania District 10.','2026-03-16 13:28:46','2026-03-16 23:44:01'),(360,3,2026,'TX','Texas','texas','congressional_district',10,'TX-10','Texas U.S. House TX-10',0,'texas-us-house-tx-10-2026','active','2026 U.S. House race shell for Texas District 10.','2026-03-16 13:28:46','2026-03-16 23:44:01'),(361,3,2026,'VA','Virginia','virginia','congressional_district',10,'VA-10','Virginia U.S. House VA-10',0,'virginia-us-house-va-10-2026','active','2026 U.S. House race shell for Virginia District 10.','2026-03-16 13:28:46','2026-03-16 23:44:01'),(362,3,2026,'WA','Washington','washington','congressional_district',10,'WA-10','Washington U.S. House WA-10',0,'washington-us-house-wa-10-2026','active','2026 U.S. House race shell for Washington District 10.','2026-03-16 13:28:46','2026-03-16 23:44:01'),(363,3,2026,'CA','California','california','congressional_district',11,'CA-11','California U.S. House CA-11',0,'california-us-house-ca-11-2026','active','2026 U.S. House race shell for California District 11.','2026-03-16 13:28:46','2026-03-16 23:44:01'),(364,3,2026,'FL','Florida','florida','congressional_district',11,'FL-11','Florida U.S. House FL-11',0,'florida-us-house-fl-11-2026','active','2026 U.S. House race shell for Florida District 11.','2026-03-16 13:28:46','2026-03-16 23:44:01'),(365,3,2026,'GA','Georgia','georgia','congressional_district',11,'GA-11','Georgia U.S. House GA-11',0,'georgia-us-house-ga-11-2026','active','2026 U.S. House race shell for Georgia District 11.','2026-03-16 13:28:46','2026-03-16 23:44:01'),(366,3,2026,'IL','Illinois','illinois','congressional_district',11,'IL-11','Illinois U.S. House IL-11',0,'illinois-us-house-il-11-2026','active','2026 U.S. House race shell for Illinois District 11.','2026-03-16 13:28:46','2026-03-16 23:44:01'),(367,3,2026,'MI','Michigan','michigan','congressional_district',11,'MI-11','Michigan U.S. House MI-11',0,'michigan-us-house-mi-11-2026','active','2026 U.S. House race shell for Michigan District 11.','2026-03-16 13:28:46','2026-03-16 23:44:01'),(368,3,2026,'NJ','New Jersey','new-jersey','congressional_district',11,'NJ-11','New Jersey U.S. House NJ-11',0,'new-jersey-us-house-nj-11-2026','active','2026 U.S. House race shell for New Jersey District 11.','2026-03-16 13:28:46','2026-03-16 23:44:01'),(369,3,2026,'NY','New York','new-york','congressional_district',11,'NY-11','New York U.S. House NY-11',0,'new-york-us-house-ny-11-2026','active','2026 U.S. House race shell for New York District 11.','2026-03-16 13:28:46','2026-03-16 23:44:01'),(370,3,2026,'NC','North Carolina','north-carolina','congressional_district',11,'NC-11','North Carolina U.S. House NC-11',0,'north-carolina-us-house-nc-11-2026','active','2026 U.S. House race shell for North Carolina District 11.','2026-03-16 13:28:46','2026-03-16 23:44:01'),(371,3,2026,'OH','Ohio','ohio','congressional_district',11,'OH-11','Ohio U.S. House OH-11',0,'ohio-us-house-oh-11-2026','active','2026 U.S. House race shell for Ohio District 11.','2026-03-16 13:28:46','2026-03-16 23:44:01'),(372,3,2026,'PA','Pennsylvania','pennsylvania','congressional_district',11,'PA-11','Pennsylvania U.S. House PA-11',0,'pennsylvania-us-house-pa-11-2026','active','2026 U.S. House race shell for Pennsylvania District 11.','2026-03-16 13:28:46','2026-03-16 23:44:01'),(373,3,2026,'TX','Texas','texas','congressional_district',11,'TX-11','Texas U.S. House TX-11',0,'texas-us-house-tx-11-2026','active','2026 U.S. House race shell for Texas District 11.','2026-03-16 13:28:46','2026-03-16 23:44:01'),(374,3,2026,'VA','Virginia','virginia','congressional_district',11,'VA-11','Virginia U.S. House VA-11',0,'virginia-us-house-va-11-2026','active','2026 U.S. House race shell for Virginia District 11.','2026-03-16 13:28:46','2026-03-16 23:44:01'),(375,3,2026,'CA','California','california','congressional_district',12,'CA-12','California U.S. House CA-12',0,'california-us-house-ca-12-2026','active','2026 U.S. House race shell for California District 12.','2026-03-16 13:28:46','2026-03-16 23:44:01'),(376,3,2026,'FL','Florida','florida','congressional_district',12,'FL-12','Florida U.S. House FL-12',0,'florida-us-house-fl-12-2026','active','2026 U.S. House race shell for Florida District 12.','2026-03-16 13:28:46','2026-03-16 23:44:01'),(377,3,2026,'GA','Georgia','georgia','congressional_district',12,'GA-12','Georgia U.S. House GA-12',0,'georgia-us-house-ga-12-2026','active','2026 U.S. House race shell for Georgia District 12.','2026-03-16 13:28:46','2026-03-16 23:44:01'),(378,3,2026,'IL','Illinois','illinois','congressional_district',12,'IL-12','Illinois U.S. House IL-12',0,'illinois-us-house-il-12-2026','active','2026 U.S. House race shell for Illinois District 12.','2026-03-16 13:28:46','2026-03-16 23:44:01'),(379,3,2026,'MI','Michigan','michigan','congressional_district',12,'MI-12','Michigan U.S. House MI-12',0,'michigan-us-house-mi-12-2026','active','2026 U.S. House race shell for Michigan District 12.','2026-03-16 13:28:46','2026-03-16 23:44:01'),(380,3,2026,'NJ','New Jersey','new-jersey','congressional_district',12,'NJ-12','New Jersey U.S. House NJ-12',0,'new-jersey-us-house-nj-12-2026','active','2026 U.S. House race shell for New Jersey District 12.','2026-03-16 13:28:46','2026-03-16 23:44:01'),(381,3,2026,'NY','New York','new-york','congressional_district',12,'NY-12','New York U.S. House NY-12',0,'new-york-us-house-ny-12-2026','active','2026 U.S. House race shell for New York District 12.','2026-03-16 13:28:46','2026-03-16 23:44:01'),(382,3,2026,'NC','North Carolina','north-carolina','congressional_district',12,'NC-12','North Carolina U.S. House NC-12',0,'north-carolina-us-house-nc-12-2026','active','2026 U.S. House race shell for North Carolina District 12.','2026-03-16 13:28:46','2026-03-16 23:44:01'),(383,3,2026,'OH','Ohio','ohio','congressional_district',12,'OH-12','Ohio U.S. House OH-12',0,'ohio-us-house-oh-12-2026','active','2026 U.S. House race shell for Ohio District 12.','2026-03-16 13:28:46','2026-03-16 23:44:01'),(384,3,2026,'PA','Pennsylvania','pennsylvania','congressional_district',12,'PA-12','Pennsylvania U.S. House PA-12',0,'pennsylvania-us-house-pa-12-2026','active','2026 U.S. House race shell for Pennsylvania District 12.','2026-03-16 13:28:46','2026-03-16 23:44:01'),(385,3,2026,'TX','Texas','texas','congressional_district',12,'TX-12','Texas U.S. House TX-12',0,'texas-us-house-tx-12-2026','active','2026 U.S. House race shell for Texas District 12.','2026-03-16 13:28:46','2026-03-16 23:44:01'),(386,3,2026,'CA','California','california','congressional_district',13,'CA-13','California U.S. House CA-13',0,'california-us-house-ca-13-2026','active','2026 U.S. House race shell for California District 13.','2026-03-16 13:28:46','2026-03-16 23:44:01'),(387,3,2026,'FL','Florida','florida','congressional_district',13,'FL-13','Florida U.S. House FL-13',0,'florida-us-house-fl-13-2026','active','2026 U.S. House race shell for Florida District 13.','2026-03-16 13:28:46','2026-03-16 23:44:01'),(388,3,2026,'GA','Georgia','georgia','congressional_district',13,'GA-13','Georgia U.S. House GA-13',0,'georgia-us-house-ga-13-2026','active','2026 U.S. House race shell for Georgia District 13.','2026-03-16 13:28:46','2026-03-16 23:44:01'),(389,3,2026,'IL','Illinois','illinois','congressional_district',13,'IL-13','Illinois U.S. House IL-13',0,'illinois-us-house-il-13-2026','active','2026 U.S. House race shell for Illinois District 13.','2026-03-16 13:28:46','2026-03-16 23:44:01'),(390,3,2026,'MI','Michigan','michigan','congressional_district',13,'MI-13','Michigan U.S. House MI-13',0,'michigan-us-house-mi-13-2026','active','2026 U.S. House race shell for Michigan District 13.','2026-03-16 13:28:46','2026-03-16 23:44:01'),(391,3,2026,'NY','New York','new-york','congressional_district',13,'NY-13','New York U.S. House NY-13',0,'new-york-us-house-ny-13-2026','active','2026 U.S. House race shell for New York District 13.','2026-03-16 13:28:46','2026-03-16 23:44:01'),(392,3,2026,'NC','North Carolina','north-carolina','congressional_district',13,'NC-13','North Carolina U.S. House NC-13',0,'north-carolina-us-house-nc-13-2026','active','2026 U.S. House race shell for North Carolina District 13.','2026-03-16 13:28:46','2026-03-16 23:44:01'),(393,3,2026,'OH','Ohio','ohio','congressional_district',13,'OH-13','Ohio U.S. House OH-13',0,'ohio-us-house-oh-13-2026','active','2026 U.S. House race shell for Ohio District 13.','2026-03-16 13:28:46','2026-03-16 23:44:01'),(394,3,2026,'PA','Pennsylvania','pennsylvania','congressional_district',13,'PA-13','Pennsylvania U.S. House PA-13',0,'pennsylvania-us-house-pa-13-2026','active','2026 U.S. House race shell for Pennsylvania District 13.','2026-03-16 13:28:46','2026-03-16 23:44:01'),(395,3,2026,'TX','Texas','texas','congressional_district',13,'TX-13','Texas U.S. House TX-13',0,'texas-us-house-tx-13-2026','active','2026 U.S. House race shell for Texas District 13.','2026-03-16 13:28:46','2026-03-16 23:44:01'),(396,3,2026,'CA','California','california','congressional_district',14,'CA-14','California U.S. House CA-14',0,'california-us-house-ca-14-2026','active','2026 U.S. House race shell for California District 14.','2026-03-16 13:28:46','2026-03-16 23:44:01'),(397,3,2026,'FL','Florida','florida','congressional_district',14,'FL-14','Florida U.S. House FL-14',0,'florida-us-house-fl-14-2026','active','2026 U.S. House race shell for Florida District 14.','2026-03-16 13:28:46','2026-03-16 23:44:01'),(398,3,2026,'GA','Georgia','georgia','congressional_district',14,'GA-14','Georgia U.S. House GA-14',0,'georgia-us-house-ga-14-2026','active','2026 U.S. House race shell for Georgia District 14.','2026-03-16 13:28:46','2026-03-16 23:44:01'),(399,3,2026,'IL','Illinois','illinois','congressional_district',14,'IL-14','Illinois U.S. House IL-14',0,'illinois-us-house-il-14-2026','active','2026 U.S. House race shell for Illinois District 14.','2026-03-16 13:28:46','2026-03-16 23:44:01'),(400,3,2026,'NY','New York','new-york','congressional_district',14,'NY-14','New York U.S. House NY-14',0,'new-york-us-house-ny-14-2026','active','2026 U.S. House race shell for New York District 14.','2026-03-16 13:28:46','2026-03-16 23:44:01'),(401,3,2026,'NC','North Carolina','north-carolina','congressional_district',14,'NC-14','North Carolina U.S. House NC-14',0,'north-carolina-us-house-nc-14-2026','active','2026 U.S. House race shell for North Carolina District 14.','2026-03-16 13:28:46','2026-03-16 23:44:01'),(402,3,2026,'OH','Ohio','ohio','congressional_district',14,'OH-14','Ohio U.S. House OH-14',0,'ohio-us-house-oh-14-2026','active','2026 U.S. House race shell for Ohio District 14.','2026-03-16 13:28:46','2026-03-16 23:44:01'),(403,3,2026,'PA','Pennsylvania','pennsylvania','congressional_district',14,'PA-14','Pennsylvania U.S. House PA-14',0,'pennsylvania-us-house-pa-14-2026','active','2026 U.S. House race shell for Pennsylvania District 14.','2026-03-16 13:28:46','2026-03-16 23:44:01'),(404,3,2026,'TX','Texas','texas','congressional_district',14,'TX-14','Texas U.S. House TX-14',0,'texas-us-house-tx-14-2026','active','2026 U.S. House race shell for Texas District 14.','2026-03-16 13:28:46','2026-03-16 23:44:01'),(405,3,2026,'CA','California','california','congressional_district',15,'CA-15','California U.S. House CA-15',0,'california-us-house-ca-15-2026','active','2026 U.S. House race shell for California District 15.','2026-03-16 13:28:46','2026-03-16 23:44:01'),(406,3,2026,'FL','Florida','florida','congressional_district',15,'FL-15','Florida U.S. House FL-15',0,'florida-us-house-fl-15-2026','active','2026 U.S. House race shell for Florida District 15.','2026-03-16 13:28:46','2026-03-16 23:44:01'),(407,3,2026,'IL','Illinois','illinois','congressional_district',15,'IL-15','Illinois U.S. House IL-15',0,'illinois-us-house-il-15-2026','active','2026 U.S. House race shell for Illinois District 15.','2026-03-16 13:28:46','2026-03-16 23:44:01'),(408,3,2026,'NY','New York','new-york','congressional_district',15,'NY-15','New York U.S. House NY-15',0,'new-york-us-house-ny-15-2026','active','2026 U.S. House race shell for New York District 15.','2026-03-16 13:28:46','2026-03-16 23:44:01'),(409,3,2026,'OH','Ohio','ohio','congressional_district',15,'OH-15','Ohio U.S. House OH-15',0,'ohio-us-house-oh-15-2026','active','2026 U.S. House race shell for Ohio District 15.','2026-03-16 13:28:46','2026-03-16 23:44:01'),(410,3,2026,'PA','Pennsylvania','pennsylvania','congressional_district',15,'PA-15','Pennsylvania U.S. House PA-15',0,'pennsylvania-us-house-pa-15-2026','active','2026 U.S. House race shell for Pennsylvania District 15.','2026-03-16 13:28:46','2026-03-16 23:44:01'),(411,3,2026,'TX','Texas','texas','congressional_district',15,'TX-15','Texas U.S. House TX-15',0,'texas-us-house-tx-15-2026','active','2026 U.S. House race shell for Texas District 15.','2026-03-16 13:28:46','2026-03-16 23:44:01'),(412,3,2026,'CA','California','california','congressional_district',16,'CA-16','California U.S. House CA-16',0,'california-us-house-ca-16-2026','active','2026 U.S. House race shell for California District 16.','2026-03-16 13:28:46','2026-03-16 23:44:01'),(413,3,2026,'FL','Florida','florida','congressional_district',16,'FL-16','Florida U.S. House FL-16',0,'florida-us-house-fl-16-2026','active','2026 U.S. House race shell for Florida District 16.','2026-03-16 13:28:46','2026-03-16 23:44:01'),(414,3,2026,'IL','Illinois','illinois','congressional_district',16,'IL-16','Illinois U.S. House IL-16',0,'illinois-us-house-il-16-2026','active','2026 U.S. House race shell for Illinois District 16.','2026-03-16 13:28:46','2026-03-16 23:44:01'),(415,3,2026,'NY','New York','new-york','congressional_district',16,'NY-16','New York U.S. House NY-16',0,'new-york-us-house-ny-16-2026','active','2026 U.S. House race shell for New York District 16.','2026-03-16 13:28:46','2026-03-16 23:44:01'),(416,3,2026,'PA','Pennsylvania','pennsylvania','congressional_district',16,'PA-16','Pennsylvania U.S. House PA-16',0,'pennsylvania-us-house-pa-16-2026','active','2026 U.S. House race shell for Pennsylvania District 16.','2026-03-16 13:28:46','2026-03-16 23:44:01'),(417,3,2026,'TX','Texas','texas','congressional_district',16,'TX-16','Texas U.S. House TX-16',0,'texas-us-house-tx-16-2026','active','2026 U.S. House race shell for Texas District 16.','2026-03-16 13:28:46','2026-03-16 23:44:01'),(418,3,2026,'CA','California','california','congressional_district',17,'CA-17','California U.S. House CA-17',0,'california-us-house-ca-17-2026','active','2026 U.S. House race shell for California District 17.','2026-03-16 13:28:46','2026-03-16 23:44:01'),(419,3,2026,'FL','Florida','florida','congressional_district',17,'FL-17','Florida U.S. House FL-17',0,'florida-us-house-fl-17-2026','active','2026 U.S. House race shell for Florida District 17.','2026-03-16 13:28:46','2026-03-16 23:44:01'),(420,3,2026,'IL','Illinois','illinois','congressional_district',17,'IL-17','Illinois U.S. House IL-17',0,'illinois-us-house-il-17-2026','active','2026 U.S. House race shell for Illinois District 17.','2026-03-16 13:28:46','2026-03-16 23:44:01'),(421,3,2026,'NY','New York','new-york','congressional_district',17,'NY-17','New York U.S. House NY-17',0,'new-york-us-house-ny-17-2026','active','2026 U.S. House race shell for New York District 17.','2026-03-16 13:28:46','2026-03-16 23:44:01'),(422,3,2026,'PA','Pennsylvania','pennsylvania','congressional_district',17,'PA-17','Pennsylvania U.S. House PA-17',0,'pennsylvania-us-house-pa-17-2026','active','2026 U.S. House race shell for Pennsylvania District 17.','2026-03-16 13:28:46','2026-03-16 23:44:01'),(423,3,2026,'TX','Texas','texas','congressional_district',17,'TX-17','Texas U.S. House TX-17',0,'texas-us-house-tx-17-2026','active','2026 U.S. House race shell for Texas District 17.','2026-03-16 13:28:46','2026-03-16 23:44:01'),(424,3,2026,'CA','California','california','congressional_district',18,'CA-18','California U.S. House CA-18',0,'california-us-house-ca-18-2026','active','2026 U.S. House race shell for California District 18.','2026-03-16 13:28:46','2026-03-16 23:44:01'),(425,3,2026,'FL','Florida','florida','congressional_district',18,'FL-18','Florida U.S. House FL-18',0,'florida-us-house-fl-18-2026','active','2026 U.S. House race shell for Florida District 18.','2026-03-16 13:28:46','2026-03-16 23:44:01'),(426,3,2026,'NY','New York','new-york','congressional_district',18,'NY-18','New York U.S. House NY-18',0,'new-york-us-house-ny-18-2026','active','2026 U.S. House race shell for New York District 18.','2026-03-16 13:28:46','2026-03-16 23:44:01'),(427,3,2026,'TX','Texas','texas','congressional_district',18,'TX-18','Texas U.S. House TX-18',0,'texas-us-house-tx-18-2026','active','2026 U.S. House race shell for Texas District 18.','2026-03-16 13:28:46','2026-03-16 23:44:01'),(428,3,2026,'CA','California','california','congressional_district',19,'CA-19','California U.S. House CA-19',0,'california-us-house-ca-19-2026','active','2026 U.S. House race shell for California District 19.','2026-03-16 13:28:46','2026-03-16 23:44:01'),(429,3,2026,'FL','Florida','florida','congressional_district',19,'FL-19','Florida U.S. House FL-19',0,'florida-us-house-fl-19-2026','active','2026 U.S. House race shell for Florida District 19.','2026-03-16 13:28:46','2026-03-16 23:44:01'),(430,3,2026,'NY','New York','new-york','congressional_district',19,'NY-19','New York U.S. House NY-19',0,'new-york-us-house-ny-19-2026','active','2026 U.S. House race shell for New York District 19.','2026-03-16 13:28:46','2026-03-16 23:44:01'),(431,3,2026,'TX','Texas','texas','congressional_district',19,'TX-19','Texas U.S. House TX-19',0,'texas-us-house-tx-19-2026','active','2026 U.S. House race shell for Texas District 19.','2026-03-16 13:28:46','2026-03-16 23:44:01'),(432,3,2026,'CA','California','california','congressional_district',20,'CA-20','California U.S. House CA-20',0,'california-us-house-ca-20-2026','active','2026 U.S. House race shell for California District 20.','2026-03-16 13:28:46','2026-03-16 23:44:01'),(433,3,2026,'FL','Florida','florida','congressional_district',20,'FL-20','Florida U.S. House FL-20',0,'florida-us-house-fl-20-2026','active','2026 U.S. House race shell for Florida District 20.','2026-03-16 13:28:46','2026-03-16 23:44:01'),(434,3,2026,'NY','New York','new-york','congressional_district',20,'NY-20','New York U.S. House NY-20',0,'new-york-us-house-ny-20-2026','active','2026 U.S. House race shell for New York District 20.','2026-03-16 13:28:46','2026-03-16 23:44:01'),(435,3,2026,'TX','Texas','texas','congressional_district',20,'TX-20','Texas U.S. House TX-20',0,'texas-us-house-tx-20-2026','active','2026 U.S. House race shell for Texas District 20.','2026-03-16 13:28:46','2026-03-16 23:44:01'),(436,3,2026,'CA','California','california','congressional_district',21,'CA-21','California U.S. House CA-21',0,'california-us-house-ca-21-2026','active','2026 U.S. House race shell for California District 21.','2026-03-16 13:28:46','2026-03-16 23:44:01'),(437,3,2026,'FL','Florida','florida','congressional_district',21,'FL-21','Florida U.S. House FL-21',0,'florida-us-house-fl-21-2026','active','2026 U.S. House race shell for Florida District 21.','2026-03-16 13:28:46','2026-03-16 23:44:01'),(438,3,2026,'NY','New York','new-york','congressional_district',21,'NY-21','New York U.S. House NY-21',0,'new-york-us-house-ny-21-2026','active','2026 U.S. House race shell for New York District 21.','2026-03-16 13:28:46','2026-03-16 23:44:01'),(439,3,2026,'TX','Texas','texas','congressional_district',21,'TX-21','Texas U.S. House TX-21',0,'texas-us-house-tx-21-2026','active','2026 U.S. House race shell for Texas District 21.','2026-03-16 13:28:46','2026-03-16 23:44:01'),(440,3,2026,'CA','California','california','congressional_district',22,'CA-22','California U.S. House CA-22',0,'california-us-house-ca-22-2026','active','2026 U.S. House race shell for California District 22.','2026-03-16 13:28:46','2026-03-16 23:44:01'),(441,3,2026,'FL','Florida','florida','congressional_district',22,'FL-22','Florida U.S. House FL-22',0,'florida-us-house-fl-22-2026','active','2026 U.S. House race shell for Florida District 22.','2026-03-16 13:28:46','2026-03-16 23:44:01'),(442,3,2026,'NY','New York','new-york','congressional_district',22,'NY-22','New York U.S. House NY-22',0,'new-york-us-house-ny-22-2026','active','2026 U.S. House race shell for New York District 22.','2026-03-16 13:28:46','2026-03-16 23:44:01'),(443,3,2026,'TX','Texas','texas','congressional_district',22,'TX-22','Texas U.S. House TX-22',0,'texas-us-house-tx-22-2026','active','2026 U.S. House race shell for Texas District 22.','2026-03-16 13:28:46','2026-03-16 23:44:01'),(444,3,2026,'CA','California','california','congressional_district',23,'CA-23','California U.S. House CA-23',0,'california-us-house-ca-23-2026','active','2026 U.S. House race shell for California District 23.','2026-03-16 13:28:46','2026-03-16 23:44:01'),(445,3,2026,'FL','Florida','florida','congressional_district',23,'FL-23','Florida U.S. House FL-23',0,'florida-us-house-fl-23-2026','active','2026 U.S. House race shell for Florida District 23.','2026-03-16 13:28:46','2026-03-16 23:44:01'),(446,3,2026,'NY','New York','new-york','congressional_district',23,'NY-23','New York U.S. House NY-23',0,'new-york-us-house-ny-23-2026','active','2026 U.S. House race shell for New York District 23.','2026-03-16 13:28:46','2026-03-16 23:44:01'),(447,3,2026,'TX','Texas','texas','congressional_district',23,'TX-23','Texas U.S. House TX-23',0,'texas-us-house-tx-23-2026','active','2026 U.S. House race shell for Texas District 23.','2026-03-16 13:28:46','2026-03-16 23:44:01'),(448,3,2026,'CA','California','california','congressional_district',24,'CA-24','California U.S. House CA-24',0,'california-us-house-ca-24-2026','active','2026 U.S. House race shell for California District 24.','2026-03-16 13:28:46','2026-03-16 23:44:01'),(449,3,2026,'FL','Florida','florida','congressional_district',24,'FL-24','Florida U.S. House FL-24',0,'florida-us-house-fl-24-2026','active','2026 U.S. House race shell for Florida District 24.','2026-03-16 13:28:46','2026-03-16 23:44:01'),(450,3,2026,'NY','New York','new-york','congressional_district',24,'NY-24','New York U.S. House NY-24',0,'new-york-us-house-ny-24-2026','active','2026 U.S. House race shell for New York District 24.','2026-03-16 13:28:46','2026-03-16 23:44:01'),(451,3,2026,'TX','Texas','texas','congressional_district',24,'TX-24','Texas U.S. House TX-24',0,'texas-us-house-tx-24-2026','active','2026 U.S. House race shell for Texas District 24.','2026-03-16 13:28:46','2026-03-16 23:44:01'),(452,3,2026,'CA','California','california','congressional_district',25,'CA-25','California U.S. House CA-25',0,'california-us-house-ca-25-2026','active','2026 U.S. House race shell for California District 25.','2026-03-16 13:28:46','2026-03-16 23:44:01'),(453,3,2026,'FL','Florida','florida','congressional_district',25,'FL-25','Florida U.S. House FL-25',0,'florida-us-house-fl-25-2026','active','2026 U.S. House race shell for Florida District 25.','2026-03-16 13:28:46','2026-03-16 23:44:01'),(454,3,2026,'NY','New York','new-york','congressional_district',25,'NY-25','New York U.S. House NY-25',0,'new-york-us-house-ny-25-2026','active','2026 U.S. House race shell for New York District 25.','2026-03-16 13:28:46','2026-03-16 23:44:01'),(455,3,2026,'TX','Texas','texas','congressional_district',25,'TX-25','Texas U.S. House TX-25',0,'texas-us-house-tx-25-2026','active','2026 U.S. House race shell for Texas District 25.','2026-03-16 13:28:46','2026-03-16 23:44:01'),(456,3,2026,'CA','California','california','congressional_district',26,'CA-26','California U.S. House CA-26',0,'california-us-house-ca-26-2026','active','2026 U.S. House race shell for California District 26.','2026-03-16 13:28:46','2026-03-16 23:44:01'),(457,3,2026,'FL','Florida','florida','congressional_district',26,'FL-26','Florida U.S. House FL-26',0,'florida-us-house-fl-26-2026','active','2026 U.S. House race shell for Florida District 26.','2026-03-16 13:28:46','2026-03-16 23:44:01'),(458,3,2026,'NY','New York','new-york','congressional_district',26,'NY-26','New York U.S. House NY-26',0,'new-york-us-house-ny-26-2026','active','2026 U.S. House race shell for New York District 26.','2026-03-16 13:28:46','2026-03-16 23:44:01'),(459,3,2026,'TX','Texas','texas','congressional_district',26,'TX-26','Texas U.S. House TX-26',0,'texas-us-house-tx-26-2026','active','2026 U.S. House race shell for Texas District 26.','2026-03-16 13:28:46','2026-03-16 23:44:01'),(460,3,2026,'CA','California','california','congressional_district',27,'CA-27','California U.S. House CA-27',0,'california-us-house-ca-27-2026','active','2026 U.S. House race shell for California District 27.','2026-03-16 13:28:46','2026-03-16 23:44:01'),(461,3,2026,'FL','Florida','florida','congressional_district',27,'FL-27','Florida U.S. House FL-27',0,'florida-us-house-fl-27-2026','active','2026 U.S. House race shell for Florida District 27.','2026-03-16 13:28:46','2026-03-16 23:44:01'),(462,3,2026,'TX','Texas','texas','congressional_district',27,'TX-27','Texas U.S. House TX-27',0,'texas-us-house-tx-27-2026','active','2026 U.S. House race shell for Texas District 27.','2026-03-16 13:28:46','2026-03-16 23:44:01'),(463,3,2026,'CA','California','california','congressional_district',28,'CA-28','California U.S. House CA-28',0,'california-us-house-ca-28-2026','active','2026 U.S. House race shell for California District 28.','2026-03-16 13:28:46','2026-03-16 23:44:01'),(464,3,2026,'FL','Florida','florida','congressional_district',28,'FL-28','Florida U.S. House FL-28',0,'florida-us-house-fl-28-2026','active','2026 U.S. House race shell for Florida District 28.','2026-03-16 13:28:46','2026-03-16 23:44:01'),(465,3,2026,'TX','Texas','texas','congressional_district',28,'TX-28','Texas U.S. House TX-28',0,'texas-us-house-tx-28-2026','active','2026 U.S. House race shell for Texas District 28.','2026-03-16 13:28:46','2026-03-16 23:44:01'),(466,3,2026,'CA','California','california','congressional_district',29,'CA-29','California U.S. House CA-29',0,'california-us-house-ca-29-2026','active','2026 U.S. House race shell for California District 29.','2026-03-16 13:28:46','2026-03-16 23:44:01'),(467,3,2026,'TX','Texas','texas','congressional_district',29,'TX-29','Texas U.S. House TX-29',0,'texas-us-house-tx-29-2026','active','2026 U.S. House race shell for Texas District 29.','2026-03-16 13:28:46','2026-03-16 23:44:01'),(468,3,2026,'CA','California','california','congressional_district',30,'CA-30','California U.S. House CA-30',0,'california-us-house-ca-30-2026','active','2026 U.S. House race shell for California District 30.','2026-03-16 13:28:46','2026-03-16 23:44:01'),(469,3,2026,'TX','Texas','texas','congressional_district',30,'TX-30','Texas U.S. House TX-30',0,'texas-us-house-tx-30-2026','active','2026 U.S. House race shell for Texas District 30.','2026-03-16 13:28:46','2026-03-16 23:44:01'),(470,3,2026,'CA','California','california','congressional_district',31,'CA-31','California U.S. House CA-31',0,'california-us-house-ca-31-2026','active','2026 U.S. House race shell for California District 31.','2026-03-16 13:28:46','2026-03-16 23:44:01'),(471,3,2026,'TX','Texas','texas','congressional_district',31,'TX-31','Texas U.S. House TX-31',0,'texas-us-house-tx-31-2026','active','2026 U.S. House race shell for Texas District 31.','2026-03-16 13:28:46','2026-03-16 23:44:01'),(472,3,2026,'CA','California','california','congressional_district',32,'CA-32','California U.S. House CA-32',0,'california-us-house-ca-32-2026','active','2026 U.S. House race shell for California District 32.','2026-03-16 13:28:46','2026-03-16 23:44:01'),(473,3,2026,'TX','Texas','texas','congressional_district',32,'TX-32','Texas U.S. House TX-32',0,'texas-us-house-tx-32-2026','active','2026 U.S. House race shell for Texas District 32.','2026-03-16 13:28:46','2026-03-16 23:44:01'),(474,3,2026,'CA','California','california','congressional_district',33,'CA-33','California U.S. House CA-33',0,'california-us-house-ca-33-2026','active','2026 U.S. House race shell for California District 33.','2026-03-16 13:28:46','2026-03-16 23:44:01'),(475,3,2026,'TX','Texas','texas','congressional_district',33,'TX-33','Texas U.S. House TX-33',0,'texas-us-house-tx-33-2026','active','2026 U.S. House race shell for Texas District 33.','2026-03-16 13:28:46','2026-03-16 23:44:01'),(476,3,2026,'CA','California','california','congressional_district',34,'CA-34','California U.S. House CA-34',0,'california-us-house-ca-34-2026','active','2026 U.S. House race shell for California District 34.','2026-03-16 13:28:46','2026-03-16 23:44:01'),(477,3,2026,'TX','Texas','texas','congressional_district',34,'TX-34','Texas U.S. House TX-34',0,'texas-us-house-tx-34-2026','active','2026 U.S. House race shell for Texas District 34.','2026-03-16 13:28:46','2026-03-16 23:44:01'),(478,3,2026,'CA','California','california','congressional_district',35,'CA-35','California U.S. House CA-35',0,'california-us-house-ca-35-2026','active','2026 U.S. House race shell for California District 35.','2026-03-16 13:28:46','2026-03-16 23:44:01'),(479,3,2026,'TX','Texas','texas','congressional_district',35,'TX-35','Texas U.S. House TX-35',0,'texas-us-house-tx-35-2026','active','2026 U.S. House race shell for Texas District 35.','2026-03-16 13:28:46','2026-03-16 23:44:01'),(480,3,2026,'CA','California','california','congressional_district',36,'CA-36','California U.S. House CA-36',0,'california-us-house-ca-36-2026','active','2026 U.S. House race shell for California District 36.','2026-03-16 13:28:46','2026-03-16 23:44:01'),(481,3,2026,'TX','Texas','texas','congressional_district',36,'TX-36','Texas U.S. House TX-36',0,'texas-us-house-tx-36-2026','active','2026 U.S. House race shell for Texas District 36.','2026-03-16 13:28:46','2026-03-16 23:44:01'),(482,3,2026,'CA','California','california','congressional_district',37,'CA-37','California U.S. House CA-37',0,'california-us-house-ca-37-2026','active','2026 U.S. House race shell for California District 37.','2026-03-16 13:28:46','2026-03-16 23:44:01'),(483,3,2026,'TX','Texas','texas','congressional_district',37,'TX-37','Texas U.S. House TX-37',0,'texas-us-house-tx-37-2026','active','2026 U.S. House race shell for Texas District 37.','2026-03-16 13:28:46','2026-03-16 23:44:01'),(484,3,2026,'CA','California','california','congressional_district',38,'CA-38','California U.S. House CA-38',0,'california-us-house-ca-38-2026','active','2026 U.S. House race shell for California District 38.','2026-03-16 13:28:46','2026-03-16 23:44:01'),(485,3,2026,'TX','Texas','texas','congressional_district',38,'TX-38','Texas U.S. House TX-38',0,'texas-us-house-tx-38-2026','active','2026 U.S. House race shell for Texas District 38.','2026-03-16 13:28:46','2026-03-16 23:44:01'),(486,3,2026,'CA','California','california','congressional_district',39,'CA-39','California U.S. House CA-39',0,'california-us-house-ca-39-2026','active','2026 U.S. House race shell for California District 39.','2026-03-16 13:28:46','2026-03-16 23:44:01'),(487,3,2026,'CA','California','california','congressional_district',40,'CA-40','California U.S. House CA-40',0,'california-us-house-ca-40-2026','active','2026 U.S. House race shell for California District 40.','2026-03-16 13:28:46','2026-03-16 23:44:01'),(488,3,2026,'CA','California','california','congressional_district',41,'CA-41','California U.S. House CA-41',0,'california-us-house-ca-41-2026','active','2026 U.S. House race shell for California District 41.','2026-03-16 13:28:46','2026-03-16 23:44:01'),(489,3,2026,'CA','California','california','congressional_district',42,'CA-42','California U.S. House CA-42',0,'california-us-house-ca-42-2026','active','2026 U.S. House race shell for California District 42.','2026-03-16 13:28:46','2026-03-16 23:44:01'),(490,3,2026,'CA','California','california','congressional_district',43,'CA-43','California U.S. House CA-43',0,'california-us-house-ca-43-2026','active','2026 U.S. House race shell for California District 43.','2026-03-16 13:28:46','2026-03-16 23:44:01'),(491,3,2026,'CA','California','california','congressional_district',44,'CA-44','California U.S. House CA-44',0,'california-us-house-ca-44-2026','active','2026 U.S. House race shell for California District 44.','2026-03-16 13:28:46','2026-03-16 23:44:01'),(492,3,2026,'CA','California','california','congressional_district',45,'CA-45','California U.S. House CA-45',0,'california-us-house-ca-45-2026','active','2026 U.S. House race shell for California District 45.','2026-03-16 13:28:46','2026-03-16 23:44:01'),(493,3,2026,'CA','California','california','congressional_district',46,'CA-46','California U.S. House CA-46',0,'california-us-house-ca-46-2026','active','2026 U.S. House race shell for California District 46.','2026-03-16 13:28:46','2026-03-16 23:44:01'),(494,3,2026,'CA','California','california','congressional_district',47,'CA-47','California U.S. House CA-47',0,'california-us-house-ca-47-2026','active','2026 U.S. House race shell for California District 47.','2026-03-16 13:28:46','2026-03-16 23:44:01'),(495,3,2026,'CA','California','california','congressional_district',48,'CA-48','California U.S. House CA-48',0,'california-us-house-ca-48-2026','active','2026 U.S. House race shell for California District 48.','2026-03-16 13:28:46','2026-03-16 23:44:01'),(496,3,2026,'CA','California','california','congressional_district',49,'CA-49','California U.S. House CA-49',0,'california-us-house-ca-49-2026','active','2026 U.S. House race shell for California District 49.','2026-03-16 13:28:46','2026-03-16 23:44:01'),(497,3,2026,'CA','California','california','congressional_district',50,'CA-50','California U.S. House CA-50',0,'california-us-house-ca-50-2026','active','2026 U.S. House race shell for California District 50.','2026-03-16 13:28:46','2026-03-16 23:44:01'),(498,3,2026,'CA','California','california','congressional_district',51,'CA-51','California U.S. House CA-51',0,'california-us-house-ca-51-2026','active','2026 U.S. House race shell for California District 51.','2026-03-16 13:28:46','2026-03-16 23:44:01'),(499,3,2026,'CA','California','california','congressional_district',52,'CA-52','California U.S. House CA-52',0,'california-us-house-ca-52-2026','active','2026 U.S. House race shell for California District 52.','2026-03-16 13:28:46','2026-03-16 23:44:01'),(576,2,2026,'FL','Florida','florida','statewide',0,NULL,'Florida U.S. Senate Special',1,'florida-us-senate-special-2026','active','2026 Florida U.S. Senate special-election race shell.','2026-03-16 13:44:07','2026-03-16 23:44:01'),(577,2,2026,'OH','Ohio','ohio','statewide',0,NULL,'Ohio U.S. Senate Special',1,'ohio-us-senate-special-2026','active','2026 Ohio U.S. Senate special-election race shell.','2026-03-16 13:44:08','2026-03-16 23:44:01'),(581,2,2026,'IL','Illinois','illinois','statewide',0,NULL,'Illinois U.S. Senate',0,'illinois-us-senate-2026','active','2026 U.S. Senate regular-election race shell for Illinois.','2026-03-17 16:49:28','2026-03-17 16:49:28'),(582,4,2026,'IL','Illinois','illinois','statewide',0,NULL,'Illinois Governor',0,'illinois-governor-2026','active','2026 governor race shell for Illinois.','2026-03-17 16:49:28','2026-03-17 16:49:28');
INSERT INTO `elections` (`election_id`, `race_id`, `event_id`, `election_type_id`, `election_date`, `round_number`, `title`, `slug`, `status`, `filing_deadline`, `early_voting_start`, `early_voting_end`, `certification_date`, `notes_public`, `created_at`, `updated_at`) VALUES (2,2,58,2,'2028-11-07',1,'United States Presidential General','united-states-presidential-general-2028','upcoming',NULL,NULL,NULL,NULL,'National presidential general election shell for 2028.','2026-03-16 13:16:16','2026-03-17 09:27:13'),(4,3,2,2,'2026-11-03',1,'Alabama U.S. Senate General','alabama-us-senate-general-2026','upcoming',NULL,NULL,NULL,NULL,'General election shell for the 2026 U.S. Senate race in Alabama.','2026-03-16 13:24:43','2026-03-17 09:27:13'),(5,4,3,2,'2026-11-03',1,'Arkansas U.S. Senate General','arkansas-us-senate-general-2026','upcoming',NULL,NULL,NULL,NULL,'General election shell for the 2026 U.S. Senate race in Arkansas.','2026-03-16 13:24:43','2026-03-17 09:27:13'),(6,5,7,2,'2026-11-03',1,'Colorado U.S. Senate General','colorado-us-senate-general-2026','upcoming',NULL,NULL,NULL,NULL,'General election shell for the 2026 U.S. Senate race in Colorado.','2026-03-16 13:24:43','2026-03-17 09:27:13'),(7,6,9,2,'2026-11-03',1,'Delaware U.S. Senate General','delaware-us-senate-general-2026','upcoming',NULL,NULL,NULL,NULL,'General election shell for the 2026 U.S. Senate race in Delaware.','2026-03-16 13:24:43','2026-03-17 09:27:13'),(8,7,12,2,'2026-11-03',1,'Georgia U.S. Senate General','georgia-us-senate-general-2026','upcoming',NULL,NULL,NULL,NULL,'General election shell for the 2026 U.S. Senate race in Georgia.','2026-03-16 13:24:43','2026-03-17 09:27:13'),(9,8,15,2,'2026-11-03',1,'Idaho U.S. Senate General','idaho-us-senate-general-2026','upcoming',NULL,NULL,NULL,NULL,'General election shell for the 2026 U.S. Senate race in Idaho.','2026-03-16 13:24:43','2026-03-17 09:27:13'),(10,9,14,2,'2026-11-03',1,'Iowa U.S. Senate General','iowa-us-senate-general-2026','upcoming',NULL,NULL,NULL,NULL,'General election shell for the 2026 U.S. Senate race in Iowa.','2026-03-16 13:24:43','2026-03-17 09:27:13'),(11,10,19,2,'2026-11-03',1,'Kansas U.S. Senate General','kansas-us-senate-general-2026','upcoming',NULL,NULL,NULL,NULL,'General election shell for the 2026 U.S. Senate race in Kansas.','2026-03-16 13:24:43','2026-03-17 09:27:13'),(12,11,20,2,'2026-11-03',1,'Kentucky U.S. Senate General','kentucky-us-senate-general-2026','upcoming',NULL,NULL,NULL,NULL,'General election shell for the 2026 U.S. Senate race in Kentucky.','2026-03-16 13:24:43','2026-03-17 09:27:13'),(13,12,25,2,'2026-11-03',1,'Maine U.S. Senate General','maine-us-senate-general-2026','upcoming',NULL,NULL,NULL,NULL,'General election shell for the 2026 U.S. Senate race in Maine.','2026-03-16 13:24:43','2026-03-17 09:27:13'),(14,13,23,2,'2026-11-03',1,'Massachusetts U.S. Senate General','massachusetts-us-senate-general-2026','upcoming',NULL,NULL,NULL,NULL,'General election shell for the 2026 U.S. Senate race in Massachusetts.','2026-03-16 13:24:43','2026-03-17 09:27:13'),(15,14,26,2,'2026-11-03',1,'Michigan U.S. Senate General','michigan-us-senate-general-2026','upcoming',NULL,NULL,NULL,NULL,'General election shell for the 2026 U.S. Senate race in Michigan.','2026-03-16 13:24:43','2026-03-17 09:27:13'),(16,15,27,2,'2026-11-03',1,'Minnesota U.S. Senate General','minnesota-us-senate-general-2026','upcoming',NULL,NULL,NULL,NULL,'General election shell for the 2026 U.S. Senate race in Minnesota.','2026-03-16 13:24:43','2026-03-17 09:27:13'),(17,16,29,2,'2026-11-03',1,'Mississippi U.S. Senate General','mississippi-us-senate-general-2026','upcoming',NULL,NULL,NULL,NULL,'General election shell for the 2026 U.S. Senate race in Mississippi.','2026-03-16 13:24:43','2026-03-17 09:27:13'),(18,17,30,2,'2026-11-03',1,'Montana U.S. Senate General','montana-us-senate-general-2026','upcoming',NULL,NULL,NULL,NULL,'General election shell for the 2026 U.S. Senate race in Montana.','2026-03-16 13:24:43','2026-03-17 09:27:13'),(19,18,33,2,'2026-11-03',1,'Nebraska U.S. Senate General','nebraska-us-senate-general-2026','upcoming',NULL,NULL,NULL,NULL,'General election shell for the 2026 U.S. Senate race in Nebraska.','2026-03-16 13:24:43','2026-03-17 09:27:13'),(20,19,34,2,'2026-11-03',1,'New Hampshire U.S. Senate General','new-hampshire-us-senate-general-2026','upcoming',NULL,NULL,NULL,NULL,'General election shell for the 2026 U.S. Senate race in New Hampshire.','2026-03-16 13:24:43','2026-03-17 09:27:13'),(21,20,35,2,'2026-11-03',1,'New Jersey U.S. Senate General','new-jersey-us-senate-general-2026','upcoming',NULL,NULL,NULL,NULL,'General election shell for the 2026 U.S. Senate race in New Jersey.','2026-03-16 13:24:43','2026-03-17 09:27:13'),(22,21,36,2,'2026-11-03',1,'New Mexico U.S. Senate General','new-mexico-us-senate-general-2026','upcoming',NULL,NULL,NULL,NULL,'General election shell for the 2026 U.S. Senate race in New Mexico.','2026-03-16 13:24:43','2026-03-17 09:27:13'),(23,22,31,2,'2026-11-03',1,'North Carolina U.S. Senate General','north-carolina-us-senate-general-2026','upcoming',NULL,NULL,NULL,NULL,'General election shell for the 2026 U.S. Senate race in North Carolina.','2026-03-16 13:24:43','2026-03-17 09:27:13'),(24,23,41,2,'2026-11-03',1,'Oklahoma U.S. Senate General','oklahoma-us-senate-general-2026','upcoming',NULL,NULL,NULL,NULL,'General election shell for the 2026 U.S. Senate race in Oklahoma.','2026-03-16 13:24:43','2026-03-17 09:27:13'),(25,24,42,2,'2026-11-03',1,'Oregon U.S. Senate General','oregon-us-senate-general-2026','upcoming',NULL,NULL,NULL,NULL,'General election shell for the 2026 U.S. Senate race in Oregon.','2026-03-16 13:24:43','2026-03-17 09:27:13'),(26,25,44,2,'2026-11-03',1,'Rhode Island U.S. Senate General','rhode-island-us-senate-general-2026','upcoming',NULL,NULL,NULL,NULL,'General election shell for the 2026 U.S. Senate race in Rhode Island.','2026-03-16 13:24:43','2026-03-17 09:27:13'),(27,26,45,2,'2026-11-03',1,'South Carolina U.S. Senate General','south-carolina-us-senate-general-2026','upcoming',NULL,NULL,NULL,NULL,'General election shell for the 2026 U.S. Senate race in South Carolina.','2026-03-16 13:24:43','2026-03-17 09:27:13'),(28,27,46,2,'2026-11-03',1,'South Dakota U.S. Senate General','south-dakota-us-senate-general-2026','upcoming',NULL,NULL,NULL,NULL,'General election shell for the 2026 U.S. Senate race in South Dakota.','2026-03-16 13:24:43','2026-03-17 09:27:13'),(29,28,47,2,'2026-11-03',1,'Tennessee U.S. Senate General','tennessee-us-senate-general-2026','upcoming',NULL,NULL,NULL,NULL,'General election shell for the 2026 U.S. Senate race in Tennessee.','2026-03-16 13:24:43','2026-03-17 09:27:13'),(30,29,48,2,'2026-11-03',1,'Texas U.S. Senate General','texas-us-senate-general-2026','upcoming',NULL,NULL,NULL,NULL,'General election shell for the 2026 U.S. Senate race in Texas.','2026-03-16 13:24:43','2026-03-17 09:27:13'),(31,30,51,2,'2026-11-03',1,'Virginia U.S. Senate General','virginia-us-senate-general-2026','upcoming',NULL,NULL,NULL,NULL,'General election shell for the 2026 U.S. Senate race in Virginia.','2026-03-16 13:24:43','2026-03-17 09:27:13'),(32,31,56,2,'2026-11-03',1,'West Virginia U.S. Senate General','west-virginia-us-senate-general-2026','upcoming',NULL,NULL,NULL,NULL,'General election shell for the 2026 U.S. Senate race in West Virginia.','2026-03-16 13:24:43','2026-03-17 09:27:13'),(33,32,57,2,'2026-11-03',1,'Wyoming U.S. Senate General','wyoming-us-senate-general-2026','upcoming',NULL,NULL,NULL,NULL,'General election shell for the 2026 U.S. Senate race in Wyoming.','2026-03-16 13:24:43','2026-03-17 09:27:13'),(34,34,2,2,'2026-11-03',1,'Alabama Governor General','alabama-governor-general-2026','upcoming',NULL,NULL,NULL,NULL,'General election shell for the 2026 governor race in Alabama.','2026-03-16 13:27:04','2026-03-17 09:27:13'),(35,36,3,2,'2026-11-03',1,'Arkansas Governor General','arkansas-governor-general-2026','upcoming',NULL,NULL,NULL,NULL,'General election shell for the 2026 governor race in Arkansas.','2026-03-16 13:27:04','2026-03-17 09:27:13'),(36,35,4,2,'2026-11-03',1,'Arizona Governor General','arizona-governor-general-2026','upcoming',NULL,NULL,NULL,NULL,'General election shell for the 2026 governor race in Arizona.','2026-03-16 13:27:04','2026-03-17 09:27:13'),(37,37,7,2,'2026-11-03',1,'Colorado Governor General','colorado-governor-general-2026','upcoming',NULL,NULL,NULL,NULL,'General election shell for the 2026 governor race in Colorado.','2026-03-16 13:27:04','2026-03-17 09:27:13'),(38,38,8,2,'2026-11-03',1,'Connecticut Governor General','connecticut-governor-general-2026','upcoming',NULL,NULL,NULL,NULL,'General election shell for the 2026 governor race in Connecticut.','2026-03-16 13:27:04','2026-03-17 09:27:13'),(39,39,10,2,'2026-11-03',1,'Florida Governor General','florida-governor-general-2026','upcoming',NULL,NULL,NULL,NULL,'General election shell for the 2026 governor race in Florida.','2026-03-16 13:27:04','2026-03-17 09:27:13'),(40,40,12,2,'2026-11-03',1,'Georgia Governor General','georgia-governor-general-2026','upcoming',NULL,NULL,NULL,NULL,'General election shell for the 2026 governor race in Georgia.','2026-03-16 13:27:04','2026-03-17 09:27:13'),(41,41,13,2,'2026-11-03',1,'Hawaii Governor General','hawaii-governor-general-2026','upcoming',NULL,NULL,NULL,NULL,'General election shell for the 2026 governor race in Hawaii.','2026-03-16 13:27:04','2026-03-17 09:27:13'),(42,43,14,2,'2026-11-03',1,'Iowa Governor General','iowa-governor-general-2026','upcoming',NULL,NULL,NULL,NULL,'General election shell for the 2026 governor race in Iowa.','2026-03-16 13:27:04','2026-03-17 09:27:13'),(43,42,15,2,'2026-11-03',1,'Idaho Governor General','idaho-governor-general-2026','upcoming',NULL,NULL,NULL,NULL,'General election shell for the 2026 governor race in Idaho.','2026-03-16 13:27:04','2026-03-17 09:27:13'),(44,44,19,2,'2026-11-03',1,'Kansas Governor General','kansas-governor-general-2026','upcoming',NULL,NULL,NULL,NULL,'General election shell for the 2026 governor race in Kansas.','2026-03-16 13:27:04','2026-03-17 09:27:13'),(45,46,23,2,'2026-11-03',1,'Massachusetts Governor General','massachusetts-governor-general-2026','upcoming',NULL,NULL,NULL,NULL,'General election shell for the 2026 governor race in Massachusetts.','2026-03-16 13:27:04','2026-03-17 09:27:13'),(46,45,25,2,'2026-11-03',1,'Maine Governor General','maine-governor-general-2026','upcoming',NULL,NULL,NULL,NULL,'General election shell for the 2026 governor race in Maine.','2026-03-16 13:27:04','2026-03-17 09:27:13'),(47,47,26,2,'2026-11-03',1,'Michigan Governor General','michigan-governor-general-2026','upcoming',NULL,NULL,NULL,NULL,'General election shell for the 2026 governor race in Michigan.','2026-03-16 13:27:04','2026-03-17 09:27:13'),(48,48,27,2,'2026-11-03',1,'Minnesota Governor General','minnesota-governor-general-2026','upcoming',NULL,NULL,NULL,NULL,'General election shell for the 2026 governor race in Minnesota.','2026-03-16 13:27:04','2026-03-17 09:27:13'),(49,50,34,2,'2026-11-03',1,'New Hampshire Governor General','new-hampshire-governor-general-2026','upcoming',NULL,NULL,NULL,NULL,'General election shell for the 2026 governor race in New Hampshire.','2026-03-16 13:27:04','2026-03-17 09:27:13'),(50,51,36,2,'2026-11-03',1,'New Mexico Governor General','new-mexico-governor-general-2026','upcoming',NULL,NULL,NULL,NULL,'General election shell for the 2026 governor race in New Mexico.','2026-03-16 13:27:04','2026-03-17 09:27:13'),(51,49,37,2,'2026-11-03',1,'Nevada Governor General','nevada-governor-general-2026','upcoming',NULL,NULL,NULL,NULL,'General election shell for the 2026 governor race in Nevada.','2026-03-16 13:27:04','2026-03-17 09:27:13'),(52,52,38,2,'2026-11-03',1,'New York Governor General','new-york-governor-general-2026','upcoming',NULL,NULL,NULL,NULL,'General election shell for the 2026 governor race in New York.','2026-03-16 13:27:04','2026-03-17 09:27:13'),(53,53,39,2,'2026-11-03',1,'Ohio Governor General','ohio-governor-general-2026','upcoming',NULL,NULL,NULL,NULL,'General election shell for the 2026 governor race in Ohio.','2026-03-16 13:27:04','2026-03-17 09:27:13'),(54,54,41,2,'2026-11-03',1,'Oklahoma Governor General','oklahoma-governor-general-2026','upcoming',NULL,NULL,NULL,NULL,'General election shell for the 2026 governor race in Oklahoma.','2026-03-16 13:27:04','2026-03-17 09:27:13'),(55,55,42,2,'2026-11-03',1,'Oregon Governor General','oregon-governor-general-2026','upcoming',NULL,NULL,NULL,NULL,'General election shell for the 2026 governor race in Oregon.','2026-03-16 13:27:04','2026-03-17 09:27:13'),(56,56,43,2,'2026-11-03',1,'Pennsylvania Governor General','pennsylvania-governor-general-2026','upcoming',NULL,NULL,NULL,NULL,'General election shell for the 2026 governor race in Pennsylvania.','2026-03-16 13:27:04','2026-03-17 09:27:13'),(57,57,44,2,'2026-11-03',1,'Rhode Island Governor General','rhode-island-governor-general-2026','upcoming',NULL,NULL,NULL,NULL,'General election shell for the 2026 governor race in Rhode Island.','2026-03-16 13:27:04','2026-03-17 09:27:13'),(58,58,45,2,'2026-11-03',1,'South Carolina Governor General','south-carolina-governor-general-2026','upcoming',NULL,NULL,NULL,NULL,'General election shell for the 2026 governor race in South Carolina.','2026-03-16 13:27:04','2026-03-17 09:27:13'),(59,59,46,2,'2026-11-03',1,'South Dakota Governor General','south-dakota-governor-general-2026','upcoming',NULL,NULL,NULL,NULL,'General election shell for the 2026 governor race in South Dakota.','2026-03-16 13:27:04','2026-03-17 09:27:13'),(60,60,47,2,'2026-11-03',1,'Tennessee Governor General','tennessee-governor-general-2026','upcoming',NULL,NULL,NULL,NULL,'General election shell for the 2026 governor race in Tennessee.','2026-03-16 13:27:04','2026-03-17 09:27:13'),(61,61,48,2,'2026-11-03',1,'Texas Governor General','texas-governor-general-2026','upcoming',NULL,NULL,NULL,NULL,'General election shell for the 2026 governor race in Texas.','2026-03-16 13:27:04','2026-03-17 09:27:13'),(62,62,52,2,'2026-11-03',1,'Vermont Governor General','vermont-governor-general-2026','upcoming',NULL,NULL,NULL,NULL,'General election shell for the 2026 governor race in Vermont.','2026-03-16 13:27:04','2026-03-17 09:27:13'),(63,63,55,2,'2026-11-03',1,'Wisconsin Governor General','wisconsin-governor-general-2026','upcoming',NULL,NULL,NULL,NULL,'General election shell for the 2026 governor race in Wisconsin.','2026-03-16 13:27:04','2026-03-17 09:27:13'),(64,64,57,2,'2026-11-03',1,'Wyoming Governor General','wyoming-governor-general-2026','upcoming',NULL,NULL,NULL,NULL,'General election shell for the 2026 governor race in Wyoming.','2026-03-16 13:27:04','2026-03-17 09:27:13'),(65,65,2,2,'2026-11-03',1,'Alabama U.S. House AL-01 General','alabama-us-house-al-01-general-2026','upcoming',NULL,NULL,NULL,NULL,'General election shell for the 2026 U.S. House race in Alabama District 1.','2026-03-16 13:30:02','2026-03-17 09:27:13'),(66,66,1,2,'2026-11-03',1,'Alaska U.S. House AK-01 General','alaska-us-house-ak-01-general-2026','upcoming',NULL,NULL,NULL,NULL,'General election shell for the 2026 U.S. House race in Alaska District 1.','2026-03-16 13:30:02','2026-03-17 09:27:13'),(67,67,4,2,'2026-11-03',1,'Arizona U.S. House AZ-01 General','arizona-us-house-az-01-general-2026','upcoming',NULL,NULL,NULL,NULL,'General election shell for the 2026 U.S. House race in Arizona District 1.','2026-03-16 13:30:02','2026-03-17 09:27:13'),(68,68,3,2,'2026-11-03',1,'Arkansas U.S. House AR-01 General','arkansas-us-house-ar-01-general-2026','upcoming',NULL,NULL,NULL,NULL,'General election shell for the 2026 U.S. House race in Arkansas District 1.','2026-03-16 13:30:02','2026-03-17 09:27:13'),(69,69,5,2,'2026-11-03',1,'California U.S. House CA-01 General','california-us-house-ca-01-general-2026','upcoming',NULL,NULL,NULL,NULL,'General election shell for the 2026 U.S. House race in California District 1.','2026-03-16 13:30:02','2026-03-17 09:27:13'),(70,70,7,2,'2026-11-03',1,'Colorado U.S. House CO-01 General','colorado-us-house-co-01-general-2026','upcoming',NULL,NULL,NULL,NULL,'General election shell for the 2026 U.S. House race in Colorado District 1.','2026-03-16 13:30:02','2026-03-17 09:27:13'),(71,71,8,2,'2026-11-03',1,'Connecticut U.S. House CT-01 General','connecticut-us-house-ct-01-general-2026','upcoming',NULL,NULL,NULL,NULL,'General election shell for the 2026 U.S. House race in Connecticut District 1.','2026-03-16 13:30:02','2026-03-17 09:27:13'),(72,72,9,2,'2026-11-03',1,'Delaware U.S. House DE-01 General','delaware-us-house-de-01-general-2026','upcoming',NULL,NULL,NULL,NULL,'General election shell for the 2026 U.S. House race in Delaware District 1.','2026-03-16 13:30:02','2026-03-17 09:27:13'),(73,73,10,2,'2026-11-03',1,'Florida U.S. House FL-01 General','florida-us-house-fl-01-general-2026','upcoming',NULL,NULL,NULL,NULL,'General election shell for the 2026 U.S. House race in Florida District 1.','2026-03-16 13:30:02','2026-03-17 09:27:13'),(74,74,12,2,'2026-11-03',1,'Georgia U.S. House GA-01 General','georgia-us-house-ga-01-general-2026','upcoming',NULL,NULL,NULL,NULL,'General election shell for the 2026 U.S. House race in Georgia District 1.','2026-03-16 13:30:02','2026-03-17 09:27:13'),(75,75,13,2,'2026-11-03',1,'Hawaii U.S. House HI-01 General','hawaii-us-house-hi-01-general-2026','upcoming',NULL,NULL,NULL,NULL,'General election shell for the 2026 U.S. House race in Hawaii District 1.','2026-03-16 13:30:02','2026-03-17 09:27:13'),(76,76,15,2,'2026-11-03',1,'Idaho U.S. House ID-01 General','idaho-us-house-id-01-general-2026','upcoming',NULL,NULL,NULL,NULL,'General election shell for the 2026 U.S. House race in Idaho District 1.','2026-03-16 13:30:02','2026-03-17 09:27:13'),(77,77,16,2,'2026-11-03',1,'Illinois U.S. House IL-01 General','illinois-us-house-il-01-general-2026','upcoming',NULL,NULL,NULL,NULL,'General election shell for the 2026 U.S. House race in Illinois District 1.','2026-03-16 13:30:02','2026-03-17 09:27:13'),(78,78,18,2,'2026-11-03',1,'Indiana U.S. House IN-01 General','indiana-us-house-in-01-general-2026','upcoming',NULL,NULL,NULL,NULL,'General election shell for the 2026 U.S. House race in Indiana District 1.','2026-03-16 13:30:02','2026-03-17 09:27:13'),(79,79,14,2,'2026-11-03',1,'Iowa U.S. House IA-01 General','iowa-us-house-ia-01-general-2026','upcoming',NULL,NULL,NULL,NULL,'General election shell for the 2026 U.S. House race in Iowa District 1.','2026-03-16 13:30:02','2026-03-17 09:27:13'),(80,80,19,2,'2026-11-03',1,'Kansas U.S. House KS-01 General','kansas-us-house-ks-01-general-2026','upcoming',NULL,NULL,NULL,NULL,'General election shell for the 2026 U.S. House race in Kansas District 1.','2026-03-16 13:30:02','2026-03-17 09:27:13'),(81,81,20,2,'2026-11-03',1,'Kentucky U.S. House KY-01 General','kentucky-us-house-ky-01-general-2026','upcoming',NULL,NULL,NULL,NULL,'General election shell for the 2026 U.S. House race in Kentucky District 1.','2026-03-16 13:30:02','2026-03-17 09:27:13'),(82,82,21,2,'2026-11-03',1,'Louisiana U.S. House LA-01 General','louisiana-us-house-la-01-general-2026','upcoming',NULL,NULL,NULL,NULL,'General election shell for the 2026 U.S. House race in Louisiana District 1.','2026-03-16 13:30:02','2026-03-17 09:27:13'),(83,83,25,2,'2026-11-03',1,'Maine U.S. House ME-01 General','maine-us-house-me-01-general-2026','upcoming',NULL,NULL,NULL,NULL,'General election shell for the 2026 U.S. House race in Maine District 1.','2026-03-16 13:30:02','2026-03-17 09:27:13'),(84,84,24,2,'2026-11-03',1,'Maryland U.S. House MD-01 General','maryland-us-house-md-01-general-2026','upcoming',NULL,NULL,NULL,NULL,'General election shell for the 2026 U.S. House race in Maryland District 1.','2026-03-16 13:30:02','2026-03-17 09:27:13'),(85,85,23,2,'2026-11-03',1,'Massachusetts U.S. House MA-01 General','massachusetts-us-house-ma-01-general-2026','upcoming',NULL,NULL,NULL,NULL,'General election shell for the 2026 U.S. House race in Massachusetts District 1.','2026-03-16 13:30:02','2026-03-17 09:27:13'),(86,86,26,2,'2026-11-03',1,'Michigan U.S. House MI-01 General','michigan-us-house-mi-01-general-2026','upcoming',NULL,NULL,NULL,NULL,'General election shell for the 2026 U.S. House race in Michigan District 1.','2026-03-16 13:30:02','2026-03-17 09:27:13'),(87,87,27,2,'2026-11-03',1,'Minnesota U.S. House MN-01 General','minnesota-us-house-mn-01-general-2026','upcoming',NULL,NULL,NULL,NULL,'General election shell for the 2026 U.S. House race in Minnesota District 1.','2026-03-16 13:30:02','2026-03-17 09:27:13'),(88,88,29,2,'2026-11-03',1,'Mississippi U.S. House MS-01 General','mississippi-us-house-ms-01-general-2026','upcoming',NULL,NULL,NULL,NULL,'General election shell for the 2026 U.S. House race in Mississippi District 1.','2026-03-16 13:30:02','2026-03-17 09:27:13'),(89,89,28,2,'2026-11-03',1,'Missouri U.S. House MO-01 General','missouri-us-house-mo-01-general-2026','upcoming',NULL,NULL,NULL,NULL,'General election shell for the 2026 U.S. House race in Missouri District 1.','2026-03-16 13:30:02','2026-03-17 09:27:13'),(90,90,30,2,'2026-11-03',1,'Montana U.S. House MT-01 General','montana-us-house-mt-01-general-2026','upcoming',NULL,NULL,NULL,NULL,'General election shell for the 2026 U.S. House race in Montana District 1.','2026-03-16 13:30:02','2026-03-17 09:27:13'),(91,91,33,2,'2026-11-03',1,'Nebraska U.S. House NE-01 General','nebraska-us-house-ne-01-general-2026','upcoming',NULL,NULL,NULL,NULL,'General election shell for the 2026 U.S. House race in Nebraska District 1.','2026-03-16 13:30:02','2026-03-17 09:27:13'),(92,92,37,2,'2026-11-03',1,'Nevada U.S. House NV-01 General','nevada-us-house-nv-01-general-2026','upcoming',NULL,NULL,NULL,NULL,'General election shell for the 2026 U.S. House race in Nevada District 1.','2026-03-16 13:30:02','2026-03-17 09:27:13'),(93,93,34,2,'2026-11-03',1,'New Hampshire U.S. House NH-01 General','new-hampshire-us-house-nh-01-general-2026','upcoming',NULL,NULL,NULL,NULL,'General election shell for the 2026 U.S. House race in New Hampshire District 1.','2026-03-16 13:30:02','2026-03-17 09:27:13'),(94,94,35,2,'2026-11-03',1,'New Jersey U.S. House NJ-01 General','new-jersey-us-house-nj-01-general-2026','upcoming',NULL,NULL,NULL,NULL,'General election shell for the 2026 U.S. House race in New Jersey District 1.','2026-03-16 13:30:02','2026-03-17 09:27:13'),(95,95,36,2,'2026-11-03',1,'New Mexico U.S. House NM-01 General','new-mexico-us-house-nm-01-general-2026','upcoming',NULL,NULL,NULL,NULL,'General election shell for the 2026 U.S. House race in New Mexico District 1.','2026-03-16 13:30:02','2026-03-17 09:27:13'),(96,96,38,2,'2026-11-03',1,'New York U.S. House NY-01 General','new-york-us-house-ny-01-general-2026','upcoming',NULL,NULL,NULL,NULL,'General election shell for the 2026 U.S. House race in New York District 1.','2026-03-16 13:30:02','2026-03-17 09:27:13'),(97,97,31,2,'2026-11-03',1,'North Carolina U.S. House NC-01 General','north-carolina-us-house-nc-01-general-2026','upcoming',NULL,NULL,NULL,NULL,'General election shell for the 2026 U.S. House race in North Carolina District 1.','2026-03-16 13:30:02','2026-03-17 09:27:13'),(98,98,32,2,'2026-11-03',1,'North Dakota U.S. House ND-01 General','north-dakota-us-house-nd-01-general-2026','upcoming',NULL,NULL,NULL,NULL,'General election shell for the 2026 U.S. House race in North Dakota District 1.','2026-03-16 13:30:02','2026-03-17 09:27:13'),(99,99,39,2,'2026-11-03',1,'Ohio U.S. House OH-01 General','ohio-us-house-oh-01-general-2026','upcoming',NULL,NULL,NULL,NULL,'General election shell for the 2026 U.S. House race in Ohio District 1.','2026-03-16 13:30:02','2026-03-17 09:27:13'),(100,100,41,2,'2026-11-03',1,'Oklahoma U.S. House OK-01 General','oklahoma-us-house-ok-01-general-2026','upcoming',NULL,NULL,NULL,NULL,'General election shell for the 2026 U.S. House race in Oklahoma District 1.','2026-03-16 13:30:02','2026-03-17 09:27:13'),(101,101,42,2,'2026-11-03',1,'Oregon U.S. House OR-01 General','oregon-us-house-or-01-general-2026','upcoming',NULL,NULL,NULL,NULL,'General election shell for the 2026 U.S. House race in Oregon District 1.','2026-03-16 13:30:02','2026-03-17 09:27:13'),(102,102,43,2,'2026-11-03',1,'Pennsylvania U.S. House PA-01 General','pennsylvania-us-house-pa-01-general-2026','upcoming',NULL,NULL,NULL,NULL,'General election shell for the 2026 U.S. House race in Pennsylvania District 1.','2026-03-16 13:30:02','2026-03-17 09:27:13'),(103,103,44,2,'2026-11-03',1,'Rhode Island U.S. House RI-01 General','rhode-island-us-house-ri-01-general-2026','upcoming',NULL,NULL,NULL,NULL,'General election shell for the 2026 U.S. House race in Rhode Island District 1.','2026-03-16 13:30:02','2026-03-17 09:27:13'),(104,104,45,2,'2026-11-03',1,'South Carolina U.S. House SC-01 General','south-carolina-us-house-sc-01-general-2026','upcoming',NULL,NULL,NULL,NULL,'General election shell for the 2026 U.S. House race in South Carolina District 1.','2026-03-16 13:30:02','2026-03-17 09:27:13'),(105,105,46,2,'2026-11-03',1,'South Dakota U.S. House SD-01 General','south-dakota-us-house-sd-01-general-2026','upcoming',NULL,NULL,NULL,NULL,'General election shell for the 2026 U.S. House race in South Dakota District 1.','2026-03-16 13:30:02','2026-03-17 09:27:13'),(106,106,47,2,'2026-11-03',1,'Tennessee U.S. House TN-01 General','tennessee-us-house-tn-01-general-2026','upcoming',NULL,NULL,NULL,NULL,'General election shell for the 2026 U.S. House race in Tennessee District 1.','2026-03-16 13:30:02','2026-03-17 09:27:13'),(107,107,48,2,'2026-11-03',1,'Texas U.S. House TX-01 General','texas-us-house-tx-01-general-2026','upcoming',NULL,NULL,NULL,NULL,'General election shell for the 2026 U.S. House race in Texas District 1.','2026-03-16 13:30:02','2026-03-17 09:27:13'),(108,108,50,2,'2026-11-03',1,'Utah U.S. House UT-01 General','utah-us-house-ut-01-general-2026','upcoming',NULL,NULL,NULL,NULL,'General election shell for the 2026 U.S. House race in Utah District 1.','2026-03-16 13:30:02','2026-03-17 09:27:13'),(109,109,52,2,'2026-11-03',1,'Vermont U.S. House VT-01 General','vermont-us-house-vt-01-general-2026','upcoming',NULL,NULL,NULL,NULL,'General election shell for the 2026 U.S. House race in Vermont District 1.','2026-03-16 13:30:02','2026-03-17 09:27:13'),(110,110,51,2,'2026-11-03',1,'Virginia U.S. House VA-01 General','virginia-us-house-va-01-general-2026','upcoming',NULL,NULL,NULL,NULL,'General election shell for the 2026 U.S. House race in Virginia District 1.','2026-03-16 13:30:02','2026-03-17 09:27:13'),(111,111,53,2,'2026-11-03',1,'Washington U.S. House WA-01 General','washington-us-house-wa-01-general-2026','upcoming',NULL,NULL,NULL,NULL,'General election shell for the 2026 U.S. House race in Washington District 1.','2026-03-16 13:30:02','2026-03-17 09:27:13'),(112,112,56,2,'2026-11-03',1,'West Virginia U.S. House WV-01 General','west-virginia-us-house-wv-01-general-2026','upcoming',NULL,NULL,NULL,NULL,'General election shell for the 2026 U.S. House race in West Virginia District 1.','2026-03-16 13:30:02','2026-03-17 09:27:13'),(113,113,55,2,'2026-11-03',1,'Wisconsin U.S. House WI-01 General','wisconsin-us-house-wi-01-general-2026','upcoming',NULL,NULL,NULL,NULL,'General election shell for the 2026 U.S. House race in Wisconsin District 1.','2026-03-16 13:30:02','2026-03-17 09:27:13'),(114,114,57,2,'2026-11-03',1,'Wyoming U.S. House WY-01 General','wyoming-us-house-wy-01-general-2026','upcoming',NULL,NULL,NULL,NULL,'General election shell for the 2026 U.S. House race in Wyoming District 1.','2026-03-16 13:30:02','2026-03-17 09:27:13'),(115,115,2,2,'2026-11-03',1,'Alabama U.S. House AL-02 General','alabama-us-house-al-02-general-2026','upcoming',NULL,NULL,NULL,NULL,'General election shell for the 2026 U.S. House race in Alabama District 2.','2026-03-16 13:30:02','2026-03-17 09:27:13'),(116,116,4,2,'2026-11-03',1,'Arizona U.S. House AZ-02 General','arizona-us-house-az-02-general-2026','upcoming',NULL,NULL,NULL,NULL,'General election shell for the 2026 U.S. House race in Arizona District 2.','2026-03-16 13:30:02','2026-03-17 09:27:13'),(117,117,3,2,'2026-11-03',1,'Arkansas U.S. House AR-02 General','arkansas-us-house-ar-02-general-2026','upcoming',NULL,NULL,NULL,NULL,'General election shell for the 2026 U.S. House race in Arkansas District 2.','2026-03-16 13:30:02','2026-03-17 09:27:13'),(118,118,5,2,'2026-11-03',1,'California U.S. House CA-02 General','california-us-house-ca-02-general-2026','upcoming',NULL,NULL,NULL,NULL,'General election shell for the 2026 U.S. House race in California District 2.','2026-03-16 13:30:02','2026-03-17 09:27:13'),(119,119,7,2,'2026-11-03',1,'Colorado U.S. House CO-02 General','colorado-us-house-co-02-general-2026','upcoming',NULL,NULL,NULL,NULL,'General election shell for the 2026 U.S. House race in Colorado District 2.','2026-03-16 13:30:02','2026-03-17 09:27:13'),(120,120,8,2,'2026-11-03',1,'Connecticut U.S. House CT-02 General','connecticut-us-house-ct-02-general-2026','upcoming',NULL,NULL,NULL,NULL,'General election shell for the 2026 U.S. House race in Connecticut District 2.','2026-03-16 13:30:02','2026-03-17 09:27:13'),(121,121,10,2,'2026-11-03',1,'Florida U.S. House FL-02 General','florida-us-house-fl-02-general-2026','upcoming',NULL,NULL,NULL,NULL,'General election shell for the 2026 U.S. House race in Florida District 2.','2026-03-16 13:30:02','2026-03-17 09:27:13'),(122,122,12,2,'2026-11-03',1,'Georgia U.S. House GA-02 General','georgia-us-house-ga-02-general-2026','upcoming',NULL,NULL,NULL,NULL,'General election shell for the 2026 U.S. House race in Georgia District 2.','2026-03-16 13:30:02','2026-03-17 09:27:13'),(123,123,13,2,'2026-11-03',1,'Hawaii U.S. House HI-02 General','hawaii-us-house-hi-02-general-2026','upcoming',NULL,NULL,NULL,NULL,'General election shell for the 2026 U.S. House race in Hawaii District 2.','2026-03-16 13:30:02','2026-03-17 09:27:13'),(124,124,15,2,'2026-11-03',1,'Idaho U.S. House ID-02 General','idaho-us-house-id-02-general-2026','upcoming',NULL,NULL,NULL,NULL,'General election shell for the 2026 U.S. House race in Idaho District 2.','2026-03-16 13:30:02','2026-03-17 09:27:13'),(125,125,16,2,'2026-11-03',1,'Illinois U.S. House IL-02 General','illinois-us-house-il-02-general-2026','upcoming',NULL,NULL,NULL,NULL,'General election shell for the 2026 U.S. House race in Illinois District 2.','2026-03-16 13:30:02','2026-03-17 09:27:13'),(126,126,18,2,'2026-11-03',1,'Indiana U.S. House IN-02 General','indiana-us-house-in-02-general-2026','upcoming',NULL,NULL,NULL,NULL,'General election shell for the 2026 U.S. House race in Indiana District 2.','2026-03-16 13:30:02','2026-03-17 09:27:13'),(127,127,14,2,'2026-11-03',1,'Iowa U.S. House IA-02 General','iowa-us-house-ia-02-general-2026','upcoming',NULL,NULL,NULL,NULL,'General election shell for the 2026 U.S. House race in Iowa District 2.','2026-03-16 13:30:02','2026-03-17 09:27:13'),(128,128,19,2,'2026-11-03',1,'Kansas U.S. House KS-02 General','kansas-us-house-ks-02-general-2026','upcoming',NULL,NULL,NULL,NULL,'General election shell for the 2026 U.S. House race in Kansas District 2.','2026-03-16 13:30:02','2026-03-17 09:27:13'),(129,129,20,2,'2026-11-03',1,'Kentucky U.S. House KY-02 General','kentucky-us-house-ky-02-general-2026','upcoming',NULL,NULL,NULL,NULL,'General election shell for the 2026 U.S. House race in Kentucky District 2.','2026-03-16 13:30:02','2026-03-17 09:27:13'),(130,130,21,2,'2026-11-03',1,'Louisiana U.S. House LA-02 General','louisiana-us-house-la-02-general-2026','upcoming',NULL,NULL,NULL,NULL,'General election shell for the 2026 U.S. House race in Louisiana District 2.','2026-03-16 13:30:02','2026-03-17 09:27:13'),(131,131,25,2,'2026-11-03',1,'Maine U.S. House ME-02 General','maine-us-house-me-02-general-2026','upcoming',NULL,NULL,NULL,NULL,'General election shell for the 2026 U.S. House race in Maine District 2.','2026-03-16 13:30:02','2026-03-17 09:27:13'),(132,132,24,2,'2026-11-03',1,'Maryland U.S. House MD-02 General','maryland-us-house-md-02-general-2026','upcoming',NULL,NULL,NULL,NULL,'General election shell for the 2026 U.S. House race in Maryland District 2.','2026-03-16 13:30:02','2026-03-17 09:27:13'),(133,133,23,2,'2026-11-03',1,'Massachusetts U.S. House MA-02 General','massachusetts-us-house-ma-02-general-2026','upcoming',NULL,NULL,NULL,NULL,'General election shell for the 2026 U.S. House race in Massachusetts District 2.','2026-03-16 13:30:02','2026-03-17 09:27:13'),(134,134,26,2,'2026-11-03',1,'Michigan U.S. House MI-02 General','michigan-us-house-mi-02-general-2026','upcoming',NULL,NULL,NULL,NULL,'General election shell for the 2026 U.S. House race in Michigan District 2.','2026-03-16 13:30:02','2026-03-17 09:27:13'),(135,135,27,2,'2026-11-03',1,'Minnesota U.S. House MN-02 General','minnesota-us-house-mn-02-general-2026','upcoming',NULL,NULL,NULL,NULL,'General election shell for the 2026 U.S. House race in Minnesota District 2.','2026-03-16 13:30:02','2026-03-17 09:27:13'),(136,136,29,2,'2026-11-03',1,'Mississippi U.S. House MS-02 General','mississippi-us-house-ms-02-general-2026','upcoming',NULL,NULL,NULL,NULL,'General election shell for the 2026 U.S. House race in Mississippi District 2.','2026-03-16 13:30:02','2026-03-17 09:27:13'),(137,137,28,2,'2026-11-03',1,'Missouri U.S. House MO-02 General','missouri-us-house-mo-02-general-2026','upcoming',NULL,NULL,NULL,NULL,'General election shell for the 2026 U.S. House race in Missouri District 2.','2026-03-16 13:30:02','2026-03-17 09:27:13'),(138,138,30,2,'2026-11-03',1,'Montana U.S. House MT-02 General','montana-us-house-mt-02-general-2026','upcoming',NULL,NULL,NULL,NULL,'General election shell for the 2026 U.S. House race in Montana District 2.','2026-03-16 13:30:02','2026-03-17 09:27:13'),(139,139,33,2,'2026-11-03',1,'Nebraska U.S. House NE-02 General','nebraska-us-house-ne-02-general-2026','upcoming',NULL,NULL,NULL,NULL,'General election shell for the 2026 U.S. House race in Nebraska District 2.','2026-03-16 13:30:02','2026-03-17 09:27:13'),(140,140,37,2,'2026-11-03',1,'Nevada U.S. House NV-02 General','nevada-us-house-nv-02-general-2026','upcoming',NULL,NULL,NULL,NULL,'General election shell for the 2026 U.S. House race in Nevada District 2.','2026-03-16 13:30:02','2026-03-17 09:27:13'),(141,141,34,2,'2026-11-03',1,'New Hampshire U.S. House NH-02 General','new-hampshire-us-house-nh-02-general-2026','upcoming',NULL,NULL,NULL,NULL,'General election shell for the 2026 U.S. House race in New Hampshire District 2.','2026-03-16 13:30:02','2026-03-17 09:27:13'),(142,142,35,2,'2026-11-03',1,'New Jersey U.S. House NJ-02 General','new-jersey-us-house-nj-02-general-2026','upcoming',NULL,NULL,NULL,NULL,'General election shell for the 2026 U.S. House race in New Jersey District 2.','2026-03-16 13:30:02','2026-03-17 09:27:13'),(143,143,36,2,'2026-11-03',1,'New Mexico U.S. House NM-02 General','new-mexico-us-house-nm-02-general-2026','upcoming',NULL,NULL,NULL,NULL,'General election shell for the 2026 U.S. House race in New Mexico District 2.','2026-03-16 13:30:02','2026-03-17 09:27:13'),(144,144,38,2,'2026-11-03',1,'New York U.S. House NY-02 General','new-york-us-house-ny-02-general-2026','upcoming',NULL,NULL,NULL,NULL,'General election shell for the 2026 U.S. House race in New York District 2.','2026-03-16 13:30:02','2026-03-17 09:27:13'),(145,145,31,2,'2026-11-03',1,'North Carolina U.S. House NC-02 General','north-carolina-us-house-nc-02-general-2026','upcoming',NULL,NULL,NULL,NULL,'General election shell for the 2026 U.S. House race in North Carolina District 2.','2026-03-16 13:30:02','2026-03-17 09:27:13'),(146,146,39,2,'2026-11-03',1,'Ohio U.S. House OH-02 General','ohio-us-house-oh-02-general-2026','upcoming',NULL,NULL,NULL,NULL,'General election shell for the 2026 U.S. House race in Ohio District 2.','2026-03-16 13:30:02','2026-03-17 09:27:13'),(147,147,41,2,'2026-11-03',1,'Oklahoma U.S. House OK-02 General','oklahoma-us-house-ok-02-general-2026','upcoming',NULL,NULL,NULL,NULL,'General election shell for the 2026 U.S. House race in Oklahoma District 2.','2026-03-16 13:30:02','2026-03-17 09:27:13'),(148,148,42,2,'2026-11-03',1,'Oregon U.S. House OR-02 General','oregon-us-house-or-02-general-2026','upcoming',NULL,NULL,NULL,NULL,'General election shell for the 2026 U.S. House race in Oregon District 2.','2026-03-16 13:30:02','2026-03-17 09:27:13'),(149,149,43,2,'2026-11-03',1,'Pennsylvania U.S. House PA-02 General','pennsylvania-us-house-pa-02-general-2026','upcoming',NULL,NULL,NULL,NULL,'General election shell for the 2026 U.S. House race in Pennsylvania District 2.','2026-03-16 13:30:02','2026-03-17 09:27:13'),(150,150,44,2,'2026-11-03',1,'Rhode Island U.S. House RI-02 General','rhode-island-us-house-ri-02-general-2026','upcoming',NULL,NULL,NULL,NULL,'General election shell for the 2026 U.S. House race in Rhode Island District 2.','2026-03-16 13:30:02','2026-03-17 09:27:13'),(151,151,45,2,'2026-11-03',1,'South Carolina U.S. House SC-02 General','south-carolina-us-house-sc-02-general-2026','upcoming',NULL,NULL,NULL,NULL,'General election shell for the 2026 U.S. House race in South Carolina District 2.','2026-03-16 13:30:02','2026-03-17 09:27:13'),(152,152,47,2,'2026-11-03',1,'Tennessee U.S. House TN-02 General','tennessee-us-house-tn-02-general-2026','upcoming',NULL,NULL,NULL,NULL,'General election shell for the 2026 U.S. House race in Tennessee District 2.','2026-03-16 13:30:02','2026-03-17 09:27:13'),(153,153,48,2,'2026-11-03',1,'Texas U.S. House TX-02 General','texas-us-house-tx-02-general-2026','upcoming',NULL,NULL,NULL,NULL,'General election shell for the 2026 U.S. House race in Texas District 2.','2026-03-16 13:30:02','2026-03-17 09:27:13'),(154,154,50,2,'2026-11-03',1,'Utah U.S. House UT-02 General','utah-us-house-ut-02-general-2026','upcoming',NULL,NULL,NULL,NULL,'General election shell for the 2026 U.S. House race in Utah District 2.','2026-03-16 13:30:02','2026-03-17 09:27:13'),(155,155,51,2,'2026-11-03',1,'Virginia U.S. House VA-02 General','virginia-us-house-va-02-general-2026','upcoming',NULL,NULL,NULL,NULL,'General election shell for the 2026 U.S. House race in Virginia District 2.','2026-03-16 13:30:02','2026-03-17 09:27:13'),(156,156,53,2,'2026-11-03',1,'Washington U.S. House WA-02 General','washington-us-house-wa-02-general-2026','upcoming',NULL,NULL,NULL,NULL,'General election shell for the 2026 U.S. House race in Washington District 2.','2026-03-16 13:30:02','2026-03-17 09:27:13'),(157,157,56,2,'2026-11-03',1,'West Virginia U.S. House WV-02 General','west-virginia-us-house-wv-02-general-2026','upcoming',NULL,NULL,NULL,NULL,'General election shell for the 2026 U.S. House race in West Virginia District 2.','2026-03-16 13:30:02','2026-03-17 09:27:13'),(158,158,55,2,'2026-11-03',1,'Wisconsin U.S. House WI-02 General','wisconsin-us-house-wi-02-general-2026','upcoming',NULL,NULL,NULL,NULL,'General election shell for the 2026 U.S. House race in Wisconsin District 2.','2026-03-16 13:30:02','2026-03-17 09:27:13'),(159,159,2,2,'2026-11-03',1,'Alabama U.S. House AL-03 General','alabama-us-house-al-03-general-2026','upcoming',NULL,NULL,NULL,NULL,'General election shell for the 2026 U.S. House race in Alabama District 3.','2026-03-16 13:30:02','2026-03-17 09:27:13'),(160,160,4,2,'2026-11-03',1,'Arizona U.S. House AZ-03 General','arizona-us-house-az-03-general-2026','upcoming',NULL,NULL,NULL,NULL,'General election shell for the 2026 U.S. House race in Arizona District 3.','2026-03-16 13:30:02','2026-03-17 09:27:13'),(161,161,3,2,'2026-11-03',1,'Arkansas U.S. House AR-03 General','arkansas-us-house-ar-03-general-2026','upcoming',NULL,NULL,NULL,NULL,'General election shell for the 2026 U.S. House race in Arkansas District 3.','2026-03-16 13:30:02','2026-03-17 09:27:13'),(162,162,5,2,'2026-11-03',1,'California U.S. House CA-03 General','california-us-house-ca-03-general-2026','upcoming',NULL,NULL,NULL,NULL,'General election shell for the 2026 U.S. House race in California District 3.','2026-03-16 13:30:02','2026-03-17 09:27:13'),(163,163,7,2,'2026-11-03',1,'Colorado U.S. House CO-03 General','colorado-us-house-co-03-general-2026','upcoming',NULL,NULL,NULL,NULL,'General election shell for the 2026 U.S. House race in Colorado District 3.','2026-03-16 13:30:02','2026-03-17 09:27:13'),(164,164,8,2,'2026-11-03',1,'Connecticut U.S. House CT-03 General','connecticut-us-house-ct-03-general-2026','upcoming',NULL,NULL,NULL,NULL,'General election shell for the 2026 U.S. House race in Connecticut District 3.','2026-03-16 13:30:02','2026-03-17 09:27:13'),(165,165,10,2,'2026-11-03',1,'Florida U.S. House FL-03 General','florida-us-house-fl-03-general-2026','upcoming',NULL,NULL,NULL,NULL,'General election shell for the 2026 U.S. House race in Florida District 3.','2026-03-16 13:30:02','2026-03-17 09:27:13'),(166,166,12,2,'2026-11-03',1,'Georgia U.S. House GA-03 General','georgia-us-house-ga-03-general-2026','upcoming',NULL,NULL,NULL,NULL,'General election shell for the 2026 U.S. House race in Georgia District 3.','2026-03-16 13:30:02','2026-03-17 09:27:13'),(167,167,16,2,'2026-11-03',1,'Illinois U.S. House IL-03 General','illinois-us-house-il-03-general-2026','upcoming',NULL,NULL,NULL,NULL,'General election shell for the 2026 U.S. House race in Illinois District 3.','2026-03-16 13:30:02','2026-03-17 09:27:13'),(168,168,18,2,'2026-11-03',1,'Indiana U.S. House IN-03 General','indiana-us-house-in-03-general-2026','upcoming',NULL,NULL,NULL,NULL,'General election shell for the 2026 U.S. House race in Indiana District 3.','2026-03-16 13:30:02','2026-03-17 09:27:13'),(169,169,14,2,'2026-11-03',1,'Iowa U.S. House IA-03 General','iowa-us-house-ia-03-general-2026','upcoming',NULL,NULL,NULL,NULL,'General election shell for the 2026 U.S. House race in Iowa District 3.','2026-03-16 13:30:02','2026-03-17 09:27:13'),(170,170,19,2,'2026-11-03',1,'Kansas U.S. House KS-03 General','kansas-us-house-ks-03-general-2026','upcoming',NULL,NULL,NULL,NULL,'General election shell for the 2026 U.S. House race in Kansas District 3.','2026-03-16 13:30:02','2026-03-17 09:27:13'),(171,171,20,2,'2026-11-03',1,'Kentucky U.S. House KY-03 General','kentucky-us-house-ky-03-general-2026','upcoming',NULL,NULL,NULL,NULL,'General election shell for the 2026 U.S. House race in Kentucky District 3.','2026-03-16 13:30:02','2026-03-17 09:27:13'),(172,172,21,2,'2026-11-03',1,'Louisiana U.S. House LA-03 General','louisiana-us-house-la-03-general-2026','upcoming',NULL,NULL,NULL,NULL,'General election shell for the 2026 U.S. House race in Louisiana District 3.','2026-03-16 13:30:02','2026-03-17 09:27:13'),(173,173,24,2,'2026-11-03',1,'Maryland U.S. House MD-03 General','maryland-us-house-md-03-general-2026','upcoming',NULL,NULL,NULL,NULL,'General election shell for the 2026 U.S. House race in Maryland District 3.','2026-03-16 13:30:02','2026-03-17 09:27:13'),(174,174,23,2,'2026-11-03',1,'Massachusetts U.S. House MA-03 General','massachusetts-us-house-ma-03-general-2026','upcoming',NULL,NULL,NULL,NULL,'General election shell for the 2026 U.S. House race in Massachusetts District 3.','2026-03-16 13:30:02','2026-03-17 09:27:13'),(175,175,26,2,'2026-11-03',1,'Michigan U.S. House MI-03 General','michigan-us-house-mi-03-general-2026','upcoming',NULL,NULL,NULL,NULL,'General election shell for the 2026 U.S. House race in Michigan District 3.','2026-03-16 13:30:02','2026-03-17 09:27:13'),(176,176,27,2,'2026-11-03',1,'Minnesota U.S. House MN-03 General','minnesota-us-house-mn-03-general-2026','upcoming',NULL,NULL,NULL,NULL,'General election shell for the 2026 U.S. House race in Minnesota District 3.','2026-03-16 13:30:02','2026-03-17 09:27:13'),(177,177,29,2,'2026-11-03',1,'Mississippi U.S. House MS-03 General','mississippi-us-house-ms-03-general-2026','upcoming',NULL,NULL,NULL,NULL,'General election shell for the 2026 U.S. House race in Mississippi District 3.','2026-03-16 13:30:02','2026-03-17 09:27:13'),(178,178,28,2,'2026-11-03',1,'Missouri U.S. House MO-03 General','missouri-us-house-mo-03-general-2026','upcoming',NULL,NULL,NULL,NULL,'General election shell for the 2026 U.S. House race in Missouri District 3.','2026-03-16 13:30:02','2026-03-17 09:27:13'),(179,179,33,2,'2026-11-03',1,'Nebraska U.S. House NE-03 General','nebraska-us-house-ne-03-general-2026','upcoming',NULL,NULL,NULL,NULL,'General election shell for the 2026 U.S. House race in Nebraska District 3.','2026-03-16 13:30:02','2026-03-17 09:27:13'),(180,180,37,2,'2026-11-03',1,'Nevada U.S. House NV-03 General','nevada-us-house-nv-03-general-2026','upcoming',NULL,NULL,NULL,NULL,'General election shell for the 2026 U.S. House race in Nevada District 3.','2026-03-16 13:30:02','2026-03-17 09:27:13'),(181,181,35,2,'2026-11-03',1,'New Jersey U.S. House NJ-03 General','new-jersey-us-house-nj-03-general-2026','upcoming',NULL,NULL,NULL,NULL,'General election shell for the 2026 U.S. House race in New Jersey District 3.','2026-03-16 13:30:02','2026-03-17 09:27:13'),(182,182,36,2,'2026-11-03',1,'New Mexico U.S. House NM-03 General','new-mexico-us-house-nm-03-general-2026','upcoming',NULL,NULL,NULL,NULL,'General election shell for the 2026 U.S. House race in New Mexico District 3.','2026-03-16 13:30:02','2026-03-17 09:27:13'),(183,183,38,2,'2026-11-03',1,'New York U.S. House NY-03 General','new-york-us-house-ny-03-general-2026','upcoming',NULL,NULL,NULL,NULL,'General election shell for the 2026 U.S. House race in New York District 3.','2026-03-16 13:30:02','2026-03-17 09:27:13'),(184,184,31,2,'2026-11-03',1,'North Carolina U.S. House NC-03 General','north-carolina-us-house-nc-03-general-2026','upcoming',NULL,NULL,NULL,NULL,'General election shell for the 2026 U.S. House race in North Carolina District 3.','2026-03-16 13:30:02','2026-03-17 09:27:13'),(185,185,39,2,'2026-11-03',1,'Ohio U.S. House OH-03 General','ohio-us-house-oh-03-general-2026','upcoming',NULL,NULL,NULL,NULL,'General election shell for the 2026 U.S. House race in Ohio District 3.','2026-03-16 13:30:02','2026-03-17 09:27:13'),(186,186,41,2,'2026-11-03',1,'Oklahoma U.S. House OK-03 General','oklahoma-us-house-ok-03-general-2026','upcoming',NULL,NULL,NULL,NULL,'General election shell for the 2026 U.S. House race in Oklahoma District 3.','2026-03-16 13:30:02','2026-03-17 09:27:13'),(187,187,42,2,'2026-11-03',1,'Oregon U.S. House OR-03 General','oregon-us-house-or-03-general-2026','upcoming',NULL,NULL,NULL,NULL,'General election shell for the 2026 U.S. House race in Oregon District 3.','2026-03-16 13:30:02','2026-03-17 09:27:13'),(188,188,43,2,'2026-11-03',1,'Pennsylvania U.S. House PA-03 General','pennsylvania-us-house-pa-03-general-2026','upcoming',NULL,NULL,NULL,NULL,'General election shell for the 2026 U.S. House race in Pennsylvania District 3.','2026-03-16 13:30:02','2026-03-17 09:27:13'),(189,189,45,2,'2026-11-03',1,'South Carolina U.S. House SC-03 General','south-carolina-us-house-sc-03-general-2026','upcoming',NULL,NULL,NULL,NULL,'General election shell for the 2026 U.S. House race in South Carolina District 3.','2026-03-16 13:30:02','2026-03-17 09:27:13'),(190,190,47,2,'2026-11-03',1,'Tennessee U.S. House TN-03 General','tennessee-us-house-tn-03-general-2026','upcoming',NULL,NULL,NULL,NULL,'General election shell for the 2026 U.S. House race in Tennessee District 3.','2026-03-16 13:30:02','2026-03-17 09:27:13'),(191,191,48,2,'2026-11-03',1,'Texas U.S. House TX-03 General','texas-us-house-tx-03-general-2026','upcoming',NULL,NULL,NULL,NULL,'General election shell for the 2026 U.S. House race in Texas District 3.','2026-03-16 13:30:02','2026-03-17 09:27:13'),(192,192,50,2,'2026-11-03',1,'Utah U.S. House UT-03 General','utah-us-house-ut-03-general-2026','upcoming',NULL,NULL,NULL,NULL,'General election shell for the 2026 U.S. House race in Utah District 3.','2026-03-16 13:30:02','2026-03-17 09:27:13'),(193,193,51,2,'2026-11-03',1,'Virginia U.S. House VA-03 General','virginia-us-house-va-03-general-2026','upcoming',NULL,NULL,NULL,NULL,'General election shell for the 2026 U.S. House race in Virginia District 3.','2026-03-16 13:30:02','2026-03-17 09:27:13'),(194,194,53,2,'2026-11-03',1,'Washington U.S. House WA-03 General','washington-us-house-wa-03-general-2026','upcoming',NULL,NULL,NULL,NULL,'General election shell for the 2026 U.S. House race in Washington District 3.','2026-03-16 13:30:02','2026-03-17 09:27:13'),(195,195,55,2,'2026-11-03',1,'Wisconsin U.S. House WI-03 General','wisconsin-us-house-wi-03-general-2026','upcoming',NULL,NULL,NULL,NULL,'General election shell for the 2026 U.S. House race in Wisconsin District 3.','2026-03-16 13:30:02','2026-03-17 09:27:13'),(196,196,2,2,'2026-11-03',1,'Alabama U.S. House AL-04 General','alabama-us-house-al-04-general-2026','upcoming',NULL,NULL,NULL,NULL,'General election shell for the 2026 U.S. House race in Alabama District 4.','2026-03-16 13:30:02','2026-03-17 09:27:13'),(197,197,4,2,'2026-11-03',1,'Arizona U.S. House AZ-04 General','arizona-us-house-az-04-general-2026','upcoming',NULL,NULL,NULL,NULL,'General election shell for the 2026 U.S. House race in Arizona District 4.','2026-03-16 13:30:02','2026-03-17 09:27:13'),(198,198,3,2,'2026-11-03',1,'Arkansas U.S. House AR-04 General','arkansas-us-house-ar-04-general-2026','upcoming',NULL,NULL,NULL,NULL,'General election shell for the 2026 U.S. House race in Arkansas District 4.','2026-03-16 13:30:02','2026-03-17 09:27:13'),(199,199,5,2,'2026-11-03',1,'California U.S. House CA-04 General','california-us-house-ca-04-general-2026','upcoming',NULL,NULL,NULL,NULL,'General election shell for the 2026 U.S. House race in California District 4.','2026-03-16 13:30:02','2026-03-17 09:27:13'),(200,200,7,2,'2026-11-03',1,'Colorado U.S. House CO-04 General','colorado-us-house-co-04-general-2026','upcoming',NULL,NULL,NULL,NULL,'General election shell for the 2026 U.S. House race in Colorado District 4.','2026-03-16 13:30:02','2026-03-17 09:27:13'),(201,201,8,2,'2026-11-03',1,'Connecticut U.S. House CT-04 General','connecticut-us-house-ct-04-general-2026','upcoming',NULL,NULL,NULL,NULL,'General election shell for the 2026 U.S. House race in Connecticut District 4.','2026-03-16 13:30:02','2026-03-17 09:27:13'),(202,202,10,2,'2026-11-03',1,'Florida U.S. House FL-04 General','florida-us-house-fl-04-general-2026','upcoming',NULL,NULL,NULL,NULL,'General election shell for the 2026 U.S. House race in Florida District 4.','2026-03-16 13:30:02','2026-03-17 09:27:13'),(203,203,12,2,'2026-11-03',1,'Georgia U.S. House GA-04 General','georgia-us-house-ga-04-general-2026','upcoming',NULL,NULL,NULL,NULL,'General election shell for the 2026 U.S. House race in Georgia District 4.','2026-03-16 13:30:02','2026-03-17 09:27:13'),(204,204,16,2,'2026-11-03',1,'Illinois U.S. House IL-04 General','illinois-us-house-il-04-general-2026','upcoming',NULL,NULL,NULL,NULL,'General election shell for the 2026 U.S. House race in Illinois District 4.','2026-03-16 13:30:02','2026-03-17 09:27:13'),(205,205,18,2,'2026-11-03',1,'Indiana U.S. House IN-04 General','indiana-us-house-in-04-general-2026','upcoming',NULL,NULL,NULL,NULL,'General election shell for the 2026 U.S. House race in Indiana District 4.','2026-03-16 13:30:02','2026-03-17 09:27:13'),(206,206,14,2,'2026-11-03',1,'Iowa U.S. House IA-04 General','iowa-us-house-ia-04-general-2026','upcoming',NULL,NULL,NULL,NULL,'General election shell for the 2026 U.S. House race in Iowa District 4.','2026-03-16 13:30:02','2026-03-17 09:27:13'),(207,207,19,2,'2026-11-03',1,'Kansas U.S. House KS-04 General','kansas-us-house-ks-04-general-2026','upcoming',NULL,NULL,NULL,NULL,'General election shell for the 2026 U.S. House race in Kansas District 4.','2026-03-16 13:30:02','2026-03-17 09:27:13'),(208,208,20,2,'2026-11-03',1,'Kentucky U.S. House KY-04 General','kentucky-us-house-ky-04-general-2026','upcoming',NULL,NULL,NULL,NULL,'General election shell for the 2026 U.S. House race in Kentucky District 4.','2026-03-16 13:30:02','2026-03-17 09:27:13'),(209,209,21,2,'2026-11-03',1,'Louisiana U.S. House LA-04 General','louisiana-us-house-la-04-general-2026','upcoming',NULL,NULL,NULL,NULL,'General election shell for the 2026 U.S. House race in Louisiana District 4.','2026-03-16 13:30:02','2026-03-17 09:27:13'),(210,210,24,2,'2026-11-03',1,'Maryland U.S. House MD-04 General','maryland-us-house-md-04-general-2026','upcoming',NULL,NULL,NULL,NULL,'General election shell for the 2026 U.S. House race in Maryland District 4.','2026-03-16 13:30:02','2026-03-17 09:27:13'),(211,211,23,2,'2026-11-03',1,'Massachusetts U.S. House MA-04 General','massachusetts-us-house-ma-04-general-2026','upcoming',NULL,NULL,NULL,NULL,'General election shell for the 2026 U.S. House race in Massachusetts District 4.','2026-03-16 13:30:02','2026-03-17 09:27:13'),(212,212,26,2,'2026-11-03',1,'Michigan U.S. House MI-04 General','michigan-us-house-mi-04-general-2026','upcoming',NULL,NULL,NULL,NULL,'General election shell for the 2026 U.S. House race in Michigan District 4.','2026-03-16 13:30:02','2026-03-17 09:27:13'),(213,213,27,2,'2026-11-03',1,'Minnesota U.S. House MN-04 General','minnesota-us-house-mn-04-general-2026','upcoming',NULL,NULL,NULL,NULL,'General election shell for the 2026 U.S. House race in Minnesota District 4.','2026-03-16 13:30:02','2026-03-17 09:27:13'),(214,214,29,2,'2026-11-03',1,'Mississippi U.S. House MS-04 General','mississippi-us-house-ms-04-general-2026','upcoming',NULL,NULL,NULL,NULL,'General election shell for the 2026 U.S. House race in Mississippi District 4.','2026-03-16 13:30:02','2026-03-17 09:27:13'),(215,215,28,2,'2026-11-03',1,'Missouri U.S. House MO-04 General','missouri-us-house-mo-04-general-2026','upcoming',NULL,NULL,NULL,NULL,'General election shell for the 2026 U.S. House race in Missouri District 4.','2026-03-16 13:30:02','2026-03-17 09:27:13'),(216,216,37,2,'2026-11-03',1,'Nevada U.S. House NV-04 General','nevada-us-house-nv-04-general-2026','upcoming',NULL,NULL,NULL,NULL,'General election shell for the 2026 U.S. House race in Nevada District 4.','2026-03-16 13:30:02','2026-03-17 09:27:13'),(217,217,35,2,'2026-11-03',1,'New Jersey U.S. House NJ-04 General','new-jersey-us-house-nj-04-general-2026','upcoming',NULL,NULL,NULL,NULL,'General election shell for the 2026 U.S. House race in New Jersey District 4.','2026-03-16 13:30:02','2026-03-17 09:27:13'),(218,218,38,2,'2026-11-03',1,'New York U.S. House NY-04 General','new-york-us-house-ny-04-general-2026','upcoming',NULL,NULL,NULL,NULL,'General election shell for the 2026 U.S. House race in New York District 4.','2026-03-16 13:30:02','2026-03-17 09:27:13'),(219,219,31,2,'2026-11-03',1,'North Carolina U.S. House NC-04 General','north-carolina-us-house-nc-04-general-2026','upcoming',NULL,NULL,NULL,NULL,'General election shell for the 2026 U.S. House race in North Carolina District 4.','2026-03-16 13:30:02','2026-03-17 09:27:13'),(220,220,39,2,'2026-11-03',1,'Ohio U.S. House OH-04 General','ohio-us-house-oh-04-general-2026','upcoming',NULL,NULL,NULL,NULL,'General election shell for the 2026 U.S. House race in Ohio District 4.','2026-03-16 13:30:02','2026-03-17 09:27:13'),(221,221,41,2,'2026-11-03',1,'Oklahoma U.S. House OK-04 General','oklahoma-us-house-ok-04-general-2026','upcoming',NULL,NULL,NULL,NULL,'General election shell for the 2026 U.S. House race in Oklahoma District 4.','2026-03-16 13:30:02','2026-03-17 09:27:13'),(222,222,42,2,'2026-11-03',1,'Oregon U.S. House OR-04 General','oregon-us-house-or-04-general-2026','upcoming',NULL,NULL,NULL,NULL,'General election shell for the 2026 U.S. House race in Oregon District 4.','2026-03-16 13:30:02','2026-03-17 09:27:13'),(223,223,43,2,'2026-11-03',1,'Pennsylvania U.S. House PA-04 General','pennsylvania-us-house-pa-04-general-2026','upcoming',NULL,NULL,NULL,NULL,'General election shell for the 2026 U.S. House race in Pennsylvania District 4.','2026-03-16 13:30:02','2026-03-17 09:27:13'),(224,224,45,2,'2026-11-03',1,'South Carolina U.S. House SC-04 General','south-carolina-us-house-sc-04-general-2026','upcoming',NULL,NULL,NULL,NULL,'General election shell for the 2026 U.S. House race in South Carolina District 4.','2026-03-16 13:30:02','2026-03-17 09:27:13'),(225,225,47,2,'2026-11-03',1,'Tennessee U.S. House TN-04 General','tennessee-us-house-tn-04-general-2026','upcoming',NULL,NULL,NULL,NULL,'General election shell for the 2026 U.S. House race in Tennessee District 4.','2026-03-16 13:30:02','2026-03-17 09:27:13'),(226,226,48,2,'2026-11-03',1,'Texas U.S. House TX-04 General','texas-us-house-tx-04-general-2026','upcoming',NULL,NULL,NULL,NULL,'General election shell for the 2026 U.S. House race in Texas District 4.','2026-03-16 13:30:02','2026-03-17 09:27:13'),(227,227,50,2,'2026-11-03',1,'Utah U.S. House UT-04 General','utah-us-house-ut-04-general-2026','upcoming',NULL,NULL,NULL,NULL,'General election shell for the 2026 U.S. House race in Utah District 4.','2026-03-16 13:30:02','2026-03-17 09:27:13'),(228,228,51,2,'2026-11-03',1,'Virginia U.S. House VA-04 General','virginia-us-house-va-04-general-2026','upcoming',NULL,NULL,NULL,NULL,'General election shell for the 2026 U.S. House race in Virginia District 4.','2026-03-16 13:30:02','2026-03-17 09:27:13'),(229,229,53,2,'2026-11-03',1,'Washington U.S. House WA-04 General','washington-us-house-wa-04-general-2026','upcoming',NULL,NULL,NULL,NULL,'General election shell for the 2026 U.S. House race in Washington District 4.','2026-03-16 13:30:02','2026-03-17 09:27:13'),(230,230,55,2,'2026-11-03',1,'Wisconsin U.S. House WI-04 General','wisconsin-us-house-wi-04-general-2026','upcoming',NULL,NULL,NULL,NULL,'General election shell for the 2026 U.S. House race in Wisconsin District 4.','2026-03-16 13:30:02','2026-03-17 09:27:13'),(231,231,2,2,'2026-11-03',1,'Alabama U.S. House AL-05 General','alabama-us-house-al-05-general-2026','upcoming',NULL,NULL,NULL,NULL,'General election shell for the 2026 U.S. House race in Alabama District 5.','2026-03-16 13:30:02','2026-03-17 09:27:13'),(232,232,4,2,'2026-11-03',1,'Arizona U.S. House AZ-05 General','arizona-us-house-az-05-general-2026','upcoming',NULL,NULL,NULL,NULL,'General election shell for the 2026 U.S. House race in Arizona District 5.','2026-03-16 13:30:02','2026-03-17 09:27:13'),(233,233,5,2,'2026-11-03',1,'California U.S. House CA-05 General','california-us-house-ca-05-general-2026','upcoming',NULL,NULL,NULL,NULL,'General election shell for the 2026 U.S. House race in California District 5.','2026-03-16 13:30:02','2026-03-17 09:27:13'),(234,234,7,2,'2026-11-03',1,'Colorado U.S. House CO-05 General','colorado-us-house-co-05-general-2026','upcoming',NULL,NULL,NULL,NULL,'General election shell for the 2026 U.S. House race in Colorado District 5.','2026-03-16 13:30:02','2026-03-17 09:27:13'),(235,235,8,2,'2026-11-03',1,'Connecticut U.S. House CT-05 General','connecticut-us-house-ct-05-general-2026','upcoming',NULL,NULL,NULL,NULL,'General election shell for the 2026 U.S. House race in Connecticut District 5.','2026-03-16 13:30:02','2026-03-17 09:27:13'),(236,236,10,2,'2026-11-03',1,'Florida U.S. House FL-05 General','florida-us-house-fl-05-general-2026','upcoming',NULL,NULL,NULL,NULL,'General election shell for the 2026 U.S. House race in Florida District 5.','2026-03-16 13:30:02','2026-03-17 09:27:13'),(237,237,12,2,'2026-11-03',1,'Georgia U.S. House GA-05 General','georgia-us-house-ga-05-general-2026','upcoming',NULL,NULL,NULL,NULL,'General election shell for the 2026 U.S. House race in Georgia District 5.','2026-03-16 13:30:02','2026-03-17 09:27:13'),(238,238,16,2,'2026-11-03',1,'Illinois U.S. House IL-05 General','illinois-us-house-il-05-general-2026','upcoming',NULL,NULL,NULL,NULL,'General election shell for the 2026 U.S. House race in Illinois District 5.','2026-03-16 13:30:02','2026-03-17 09:27:13'),(239,239,18,2,'2026-11-03',1,'Indiana U.S. House IN-05 General','indiana-us-house-in-05-general-2026','upcoming',NULL,NULL,NULL,NULL,'General election shell for the 2026 U.S. House race in Indiana District 5.','2026-03-16 13:30:02','2026-03-17 09:27:13'),(240,240,20,2,'2026-11-03',1,'Kentucky U.S. House KY-05 General','kentucky-us-house-ky-05-general-2026','upcoming',NULL,NULL,NULL,NULL,'General election shell for the 2026 U.S. House race in Kentucky District 5.','2026-03-16 13:30:02','2026-03-17 09:27:13'),(241,241,21,2,'2026-11-03',1,'Louisiana U.S. House LA-05 General','louisiana-us-house-la-05-general-2026','upcoming',NULL,NULL,NULL,NULL,'General election shell for the 2026 U.S. House race in Louisiana District 5.','2026-03-16 13:30:02','2026-03-17 09:27:13'),(242,242,24,2,'2026-11-03',1,'Maryland U.S. House MD-05 General','maryland-us-house-md-05-general-2026','upcoming',NULL,NULL,NULL,NULL,'General election shell for the 2026 U.S. House race in Maryland District 5.','2026-03-16 13:30:02','2026-03-17 09:27:13'),(243,243,23,2,'2026-11-03',1,'Massachusetts U.S. House MA-05 General','massachusetts-us-house-ma-05-general-2026','upcoming',NULL,NULL,NULL,NULL,'General election shell for the 2026 U.S. House race in Massachusetts District 5.','2026-03-16 13:30:02','2026-03-17 09:27:13'),(244,244,26,2,'2026-11-03',1,'Michigan U.S. House MI-05 General','michigan-us-house-mi-05-general-2026','upcoming',NULL,NULL,NULL,NULL,'General election shell for the 2026 U.S. House race in Michigan District 5.','2026-03-16 13:30:02','2026-03-17 09:27:13'),(245,245,27,2,'2026-11-03',1,'Minnesota U.S. House MN-05 General','minnesota-us-house-mn-05-general-2026','upcoming',NULL,NULL,NULL,NULL,'General election shell for the 2026 U.S. House race in Minnesota District 5.','2026-03-16 13:30:02','2026-03-17 09:27:13'),(246,246,28,2,'2026-11-03',1,'Missouri U.S. House MO-05 General','missouri-us-house-mo-05-general-2026','upcoming',NULL,NULL,NULL,NULL,'General election shell for the 2026 U.S. House race in Missouri District 5.','2026-03-16 13:30:02','2026-03-17 09:27:13'),(247,247,35,2,'2026-11-03',1,'New Jersey U.S. House NJ-05 General','new-jersey-us-house-nj-05-general-2026','upcoming',NULL,NULL,NULL,NULL,'General election shell for the 2026 U.S. House race in New Jersey District 5.','2026-03-16 13:30:02','2026-03-17 09:27:13'),(248,248,38,2,'2026-11-03',1,'New York U.S. House NY-05 General','new-york-us-house-ny-05-general-2026','upcoming',NULL,NULL,NULL,NULL,'General election shell for the 2026 U.S. House race in New York District 5.','2026-03-16 13:30:02','2026-03-17 09:27:13'),(249,249,31,2,'2026-11-03',1,'North Carolina U.S. House NC-05 General','north-carolina-us-house-nc-05-general-2026','upcoming',NULL,NULL,NULL,NULL,'General election shell for the 2026 U.S. House race in North Carolina District 5.','2026-03-16 13:30:02','2026-03-17 09:27:13'),(250,250,39,2,'2026-11-03',1,'Ohio U.S. House OH-05 General','ohio-us-house-oh-05-general-2026','upcoming',NULL,NULL,NULL,NULL,'General election shell for the 2026 U.S. House race in Ohio District 5.','2026-03-16 13:30:02','2026-03-17 09:27:13'),(251,251,41,2,'2026-11-03',1,'Oklahoma U.S. House OK-05 General','oklahoma-us-house-ok-05-general-2026','upcoming',NULL,NULL,NULL,NULL,'General election shell for the 2026 U.S. House race in Oklahoma District 5.','2026-03-16 13:30:02','2026-03-17 09:27:13'),(252,252,42,2,'2026-11-03',1,'Oregon U.S. House OR-05 General','oregon-us-house-or-05-general-2026','upcoming',NULL,NULL,NULL,NULL,'General election shell for the 2026 U.S. House race in Oregon District 5.','2026-03-16 13:30:02','2026-03-17 09:27:13'),(253,253,43,2,'2026-11-03',1,'Pennsylvania U.S. House PA-05 General','pennsylvania-us-house-pa-05-general-2026','upcoming',NULL,NULL,NULL,NULL,'General election shell for the 2026 U.S. House race in Pennsylvania District 5.','2026-03-16 13:30:02','2026-03-17 09:27:13'),(254,254,45,2,'2026-11-03',1,'South Carolina U.S. House SC-05 General','south-carolina-us-house-sc-05-general-2026','upcoming',NULL,NULL,NULL,NULL,'General election shell for the 2026 U.S. House race in South Carolina District 5.','2026-03-16 13:30:02','2026-03-17 09:27:13'),(255,255,47,2,'2026-11-03',1,'Tennessee U.S. House TN-05 General','tennessee-us-house-tn-05-general-2026','upcoming',NULL,NULL,NULL,NULL,'General election shell for the 2026 U.S. House race in Tennessee District 5.','2026-03-16 13:30:02','2026-03-17 09:27:13'),(256,256,48,2,'2026-11-03',1,'Texas U.S. House TX-05 General','texas-us-house-tx-05-general-2026','upcoming',NULL,NULL,NULL,NULL,'General election shell for the 2026 U.S. House race in Texas District 5.','2026-03-16 13:30:02','2026-03-17 09:27:13'),(257,257,51,2,'2026-11-03',1,'Virginia U.S. House VA-05 General','virginia-us-house-va-05-general-2026','upcoming',NULL,NULL,NULL,NULL,'General election shell for the 2026 U.S. House race in Virginia District 5.','2026-03-16 13:30:02','2026-03-17 09:27:13'),(258,258,53,2,'2026-11-03',1,'Washington U.S. House WA-05 General','washington-us-house-wa-05-general-2026','upcoming',NULL,NULL,NULL,NULL,'General election shell for the 2026 U.S. House race in Washington District 5.','2026-03-16 13:30:02','2026-03-17 09:27:13'),(259,259,55,2,'2026-11-03',1,'Wisconsin U.S. House WI-05 General','wisconsin-us-house-wi-05-general-2026','upcoming',NULL,NULL,NULL,NULL,'General election shell for the 2026 U.S. House race in Wisconsin District 5.','2026-03-16 13:30:02','2026-03-17 09:27:13'),(260,260,2,2,'2026-11-03',1,'Alabama U.S. House AL-06 General','alabama-us-house-al-06-general-2026','upcoming',NULL,NULL,NULL,NULL,'General election shell for the 2026 U.S. House race in Alabama District 6.','2026-03-16 13:30:02','2026-03-17 09:27:13'),(261,261,4,2,'2026-11-03',1,'Arizona U.S. House AZ-06 General','arizona-us-house-az-06-general-2026','upcoming',NULL,NULL,NULL,NULL,'General election shell for the 2026 U.S. House race in Arizona District 6.','2026-03-16 13:30:02','2026-03-17 09:27:13'),(262,262,5,2,'2026-11-03',1,'California U.S. House CA-06 General','california-us-house-ca-06-general-2026','upcoming',NULL,NULL,NULL,NULL,'General election shell for the 2026 U.S. House race in California District 6.','2026-03-16 13:30:02','2026-03-17 09:27:13'),(263,263,7,2,'2026-11-03',1,'Colorado U.S. House CO-06 General','colorado-us-house-co-06-general-2026','upcoming',NULL,NULL,NULL,NULL,'General election shell for the 2026 U.S. House race in Colorado District 6.','2026-03-16 13:30:02','2026-03-17 09:27:13'),(264,264,10,2,'2026-11-03',1,'Florida U.S. House FL-06 General','florida-us-house-fl-06-general-2026','upcoming',NULL,NULL,NULL,NULL,'General election shell for the 2026 U.S. House race in Florida District 6.','2026-03-16 13:30:02','2026-03-17 09:27:13'),(265,265,12,2,'2026-11-03',1,'Georgia U.S. House GA-06 General','georgia-us-house-ga-06-general-2026','upcoming',NULL,NULL,NULL,NULL,'General election shell for the 2026 U.S. House race in Georgia District 6.','2026-03-16 13:30:02','2026-03-17 09:27:13'),(266,266,16,2,'2026-11-03',1,'Illinois U.S. House IL-06 General','illinois-us-house-il-06-general-2026','upcoming',NULL,NULL,NULL,NULL,'General election shell for the 2026 U.S. House race in Illinois District 6.','2026-03-16 13:30:02','2026-03-17 09:27:13'),(267,267,18,2,'2026-11-03',1,'Indiana U.S. House IN-06 General','indiana-us-house-in-06-general-2026','upcoming',NULL,NULL,NULL,NULL,'General election shell for the 2026 U.S. House race in Indiana District 6.','2026-03-16 13:30:02','2026-03-17 09:27:13'),(268,268,20,2,'2026-11-03',1,'Kentucky U.S. House KY-06 General','kentucky-us-house-ky-06-general-2026','upcoming',NULL,NULL,NULL,NULL,'General election shell for the 2026 U.S. House race in Kentucky District 6.','2026-03-16 13:30:02','2026-03-17 09:27:13'),(269,269,21,2,'2026-11-03',1,'Louisiana U.S. House LA-06 General','louisiana-us-house-la-06-general-2026','upcoming',NULL,NULL,NULL,NULL,'General election shell for the 2026 U.S. House race in Louisiana District 6.','2026-03-16 13:30:02','2026-03-17 09:27:13'),(270,270,24,2,'2026-11-03',1,'Maryland U.S. House MD-06 General','maryland-us-house-md-06-general-2026','upcoming',NULL,NULL,NULL,NULL,'General election shell for the 2026 U.S. House race in Maryland District 6.','2026-03-16 13:30:02','2026-03-17 09:27:13'),(271,271,23,2,'2026-11-03',1,'Massachusetts U.S. House MA-06 General','massachusetts-us-house-ma-06-general-2026','upcoming',NULL,NULL,NULL,NULL,'General election shell for the 2026 U.S. House race in Massachusetts District 6.','2026-03-16 13:30:02','2026-03-17 09:27:13'),(272,272,26,2,'2026-11-03',1,'Michigan U.S. House MI-06 General','michigan-us-house-mi-06-general-2026','upcoming',NULL,NULL,NULL,NULL,'General election shell for the 2026 U.S. House race in Michigan District 6.','2026-03-16 13:30:02','2026-03-17 09:27:13'),(273,273,27,2,'2026-11-03',1,'Minnesota U.S. House MN-06 General','minnesota-us-house-mn-06-general-2026','upcoming',NULL,NULL,NULL,NULL,'General election shell for the 2026 U.S. House race in Minnesota District 6.','2026-03-16 13:30:02','2026-03-17 09:27:13'),(274,274,28,2,'2026-11-03',1,'Missouri U.S. House MO-06 General','missouri-us-house-mo-06-general-2026','upcoming',NULL,NULL,NULL,NULL,'General election shell for the 2026 U.S. House race in Missouri District 6.','2026-03-16 13:30:02','2026-03-17 09:27:13'),(275,275,35,2,'2026-11-03',1,'New Jersey U.S. House NJ-06 General','new-jersey-us-house-nj-06-general-2026','upcoming',NULL,NULL,NULL,NULL,'General election shell for the 2026 U.S. House race in New Jersey District 6.','2026-03-16 13:30:02','2026-03-17 09:27:13'),(276,276,38,2,'2026-11-03',1,'New York U.S. House NY-06 General','new-york-us-house-ny-06-general-2026','upcoming',NULL,NULL,NULL,NULL,'General election shell for the 2026 U.S. House race in New York District 6.','2026-03-16 13:30:02','2026-03-17 09:27:13'),(277,277,31,2,'2026-11-03',1,'North Carolina U.S. House NC-06 General','north-carolina-us-house-nc-06-general-2026','upcoming',NULL,NULL,NULL,NULL,'General election shell for the 2026 U.S. House race in North Carolina District 6.','2026-03-16 13:30:02','2026-03-17 09:27:13'),(278,278,39,2,'2026-11-03',1,'Ohio U.S. House OH-06 General','ohio-us-house-oh-06-general-2026','upcoming',NULL,NULL,NULL,NULL,'General election shell for the 2026 U.S. House race in Ohio District 6.','2026-03-16 13:30:02','2026-03-17 09:27:13'),(279,279,42,2,'2026-11-03',1,'Oregon U.S. House OR-06 General','oregon-us-house-or-06-general-2026','upcoming',NULL,NULL,NULL,NULL,'General election shell for the 2026 U.S. House race in Oregon District 6.','2026-03-16 13:30:02','2026-03-17 09:27:13'),(280,280,43,2,'2026-11-03',1,'Pennsylvania U.S. House PA-06 General','pennsylvania-us-house-pa-06-general-2026','upcoming',NULL,NULL,NULL,NULL,'General election shell for the 2026 U.S. House race in Pennsylvania District 6.','2026-03-16 13:30:02','2026-03-17 09:27:13'),(281,281,45,2,'2026-11-03',1,'South Carolina U.S. House SC-06 General','south-carolina-us-house-sc-06-general-2026','upcoming',NULL,NULL,NULL,NULL,'General election shell for the 2026 U.S. House race in South Carolina District 6.','2026-03-16 13:30:02','2026-03-17 09:27:13'),(282,282,47,2,'2026-11-03',1,'Tennessee U.S. House TN-06 General','tennessee-us-house-tn-06-general-2026','upcoming',NULL,NULL,NULL,NULL,'General election shell for the 2026 U.S. House race in Tennessee District 6.','2026-03-16 13:30:02','2026-03-17 09:27:13'),(283,283,48,2,'2026-11-03',1,'Texas U.S. House TX-06 General','texas-us-house-tx-06-general-2026','upcoming',NULL,NULL,NULL,NULL,'General election shell for the 2026 U.S. House race in Texas District 6.','2026-03-16 13:30:02','2026-03-17 09:27:13'),(284,284,51,2,'2026-11-03',1,'Virginia U.S. House VA-06 General','virginia-us-house-va-06-general-2026','upcoming',NULL,NULL,NULL,NULL,'General election shell for the 2026 U.S. House race in Virginia District 6.','2026-03-16 13:30:02','2026-03-17 09:27:13'),(285,285,53,2,'2026-11-03',1,'Washington U.S. House WA-06 General','washington-us-house-wa-06-general-2026','upcoming',NULL,NULL,NULL,NULL,'General election shell for the 2026 U.S. House race in Washington District 6.','2026-03-16 13:30:02','2026-03-17 09:27:13'),(286,286,55,2,'2026-11-03',1,'Wisconsin U.S. House WI-06 General','wisconsin-us-house-wi-06-general-2026','upcoming',NULL,NULL,NULL,NULL,'General election shell for the 2026 U.S. House race in Wisconsin District 6.','2026-03-16 13:30:02','2026-03-17 09:27:13'),(287,287,2,2,'2026-11-03',1,'Alabama U.S. House AL-07 General','alabama-us-house-al-07-general-2026','upcoming',NULL,NULL,NULL,NULL,'General election shell for the 2026 U.S. House race in Alabama District 7.','2026-03-16 13:30:02','2026-03-17 09:27:13'),(288,288,4,2,'2026-11-03',1,'Arizona U.S. House AZ-07 General','arizona-us-house-az-07-general-2026','upcoming',NULL,NULL,NULL,NULL,'General election shell for the 2026 U.S. House race in Arizona District 7.','2026-03-16 13:30:02','2026-03-17 09:27:13'),(289,289,5,2,'2026-11-03',1,'California U.S. House CA-07 General','california-us-house-ca-07-general-2026','upcoming',NULL,NULL,NULL,NULL,'General election shell for the 2026 U.S. House race in California District 7.','2026-03-16 13:30:02','2026-03-17 09:27:13'),(290,290,7,2,'2026-11-03',1,'Colorado U.S. House CO-07 General','colorado-us-house-co-07-general-2026','upcoming',NULL,NULL,NULL,NULL,'General election shell for the 2026 U.S. House race in Colorado District 7.','2026-03-16 13:30:02','2026-03-17 09:27:13'),(291,291,10,2,'2026-11-03',1,'Florida U.S. House FL-07 General','florida-us-house-fl-07-general-2026','upcoming',NULL,NULL,NULL,NULL,'General election shell for the 2026 U.S. House race in Florida District 7.','2026-03-16 13:30:02','2026-03-17 09:27:13'),(292,292,12,2,'2026-11-03',1,'Georgia U.S. House GA-07 General','georgia-us-house-ga-07-general-2026','upcoming',NULL,NULL,NULL,NULL,'General election shell for the 2026 U.S. House race in Georgia District 7.','2026-03-16 13:30:02','2026-03-17 09:27:13'),(293,293,16,2,'2026-11-03',1,'Illinois U.S. House IL-07 General','illinois-us-house-il-07-general-2026','upcoming',NULL,NULL,NULL,NULL,'General election shell for the 2026 U.S. House race in Illinois District 7.','2026-03-16 13:30:02','2026-03-17 09:27:13'),(294,294,18,2,'2026-11-03',1,'Indiana U.S. House IN-07 General','indiana-us-house-in-07-general-2026','upcoming',NULL,NULL,NULL,NULL,'General election shell for the 2026 U.S. House race in Indiana District 7.','2026-03-16 13:30:02','2026-03-17 09:27:13'),(295,295,24,2,'2026-11-03',1,'Maryland U.S. House MD-07 General','maryland-us-house-md-07-general-2026','upcoming',NULL,NULL,NULL,NULL,'General election shell for the 2026 U.S. House race in Maryland District 7.','2026-03-16 13:30:02','2026-03-17 09:27:13'),(296,296,23,2,'2026-11-03',1,'Massachusetts U.S. House MA-07 General','massachusetts-us-house-ma-07-general-2026','upcoming',NULL,NULL,NULL,NULL,'General election shell for the 2026 U.S. House race in Massachusetts District 7.','2026-03-16 13:30:02','2026-03-17 09:27:13'),(297,297,26,2,'2026-11-03',1,'Michigan U.S. House MI-07 General','michigan-us-house-mi-07-general-2026','upcoming',NULL,NULL,NULL,NULL,'General election shell for the 2026 U.S. House race in Michigan District 7.','2026-03-16 13:30:02','2026-03-17 09:27:13'),(298,298,27,2,'2026-11-03',1,'Minnesota U.S. House MN-07 General','minnesota-us-house-mn-07-general-2026','upcoming',NULL,NULL,NULL,NULL,'General election shell for the 2026 U.S. House race in Minnesota District 7.','2026-03-16 13:30:02','2026-03-17 09:27:13'),(299,299,28,2,'2026-11-03',1,'Missouri U.S. House MO-07 General','missouri-us-house-mo-07-general-2026','upcoming',NULL,NULL,NULL,NULL,'General election shell for the 2026 U.S. House race in Missouri District 7.','2026-03-16 13:30:02','2026-03-17 09:27:13'),(300,300,35,2,'2026-11-03',1,'New Jersey U.S. House NJ-07 General','new-jersey-us-house-nj-07-general-2026','upcoming',NULL,NULL,NULL,NULL,'General election shell for the 2026 U.S. House race in New Jersey District 7.','2026-03-16 13:30:02','2026-03-17 09:27:13'),(301,301,38,2,'2026-11-03',1,'New York U.S. House NY-07 General','new-york-us-house-ny-07-general-2026','upcoming',NULL,NULL,NULL,NULL,'General election shell for the 2026 U.S. House race in New York District 7.','2026-03-16 13:30:02','2026-03-17 09:27:13'),(302,302,31,2,'2026-11-03',1,'North Carolina U.S. House NC-07 General','north-carolina-us-house-nc-07-general-2026','upcoming',NULL,NULL,NULL,NULL,'General election shell for the 2026 U.S. House race in North Carolina District 7.','2026-03-16 13:30:02','2026-03-17 09:27:13'),(303,303,39,2,'2026-11-03',1,'Ohio U.S. House OH-07 General','ohio-us-house-oh-07-general-2026','upcoming',NULL,NULL,NULL,NULL,'General election shell for the 2026 U.S. House race in Ohio District 7.','2026-03-16 13:30:02','2026-03-17 09:27:13'),(304,304,43,2,'2026-11-03',1,'Pennsylvania U.S. House PA-07 General','pennsylvania-us-house-pa-07-general-2026','upcoming',NULL,NULL,NULL,NULL,'General election shell for the 2026 U.S. House race in Pennsylvania District 7.','2026-03-16 13:30:02','2026-03-17 09:27:13'),(305,305,45,2,'2026-11-03',1,'South Carolina U.S. House SC-07 General','south-carolina-us-house-sc-07-general-2026','upcoming',NULL,NULL,NULL,NULL,'General election shell for the 2026 U.S. House race in South Carolina District 7.','2026-03-16 13:30:02','2026-03-17 09:27:13'),(306,306,47,2,'2026-11-03',1,'Tennessee U.S. House TN-07 General','tennessee-us-house-tn-07-general-2026','upcoming',NULL,NULL,NULL,NULL,'General election shell for the 2026 U.S. House race in Tennessee District 7.','2026-03-16 13:30:02','2026-03-17 09:27:13'),(307,307,48,2,'2026-11-03',1,'Texas U.S. House TX-07 General','texas-us-house-tx-07-general-2026','upcoming',NULL,NULL,NULL,NULL,'General election shell for the 2026 U.S. House race in Texas District 7.','2026-03-16 13:30:02','2026-03-17 09:27:13'),(308,308,51,2,'2026-11-03',1,'Virginia U.S. House VA-07 General','virginia-us-house-va-07-general-2026','upcoming',NULL,NULL,NULL,NULL,'General election shell for the 2026 U.S. House race in Virginia District 7.','2026-03-16 13:30:02','2026-03-17 09:27:13'),(309,309,53,2,'2026-11-03',1,'Washington U.S. House WA-07 General','washington-us-house-wa-07-general-2026','upcoming',NULL,NULL,NULL,NULL,'General election shell for the 2026 U.S. House race in Washington District 7.','2026-03-16 13:30:02','2026-03-17 09:27:13'),(310,310,55,2,'2026-11-03',1,'Wisconsin U.S. House WI-07 General','wisconsin-us-house-wi-07-general-2026','upcoming',NULL,NULL,NULL,NULL,'General election shell for the 2026 U.S. House race in Wisconsin District 7.','2026-03-16 13:30:02','2026-03-17 09:27:13'),(311,311,4,2,'2026-11-03',1,'Arizona U.S. House AZ-08 General','arizona-us-house-az-08-general-2026','upcoming',NULL,NULL,NULL,NULL,'General election shell for the 2026 U.S. House race in Arizona District 8.','2026-03-16 13:30:02','2026-03-17 09:27:13'),(312,312,5,2,'2026-11-03',1,'California U.S. House CA-08 General','california-us-house-ca-08-general-2026','upcoming',NULL,NULL,NULL,NULL,'General election shell for the 2026 U.S. House race in California District 8.','2026-03-16 13:30:02','2026-03-17 09:27:13'),(313,313,7,2,'2026-11-03',1,'Colorado U.S. House CO-08 General','colorado-us-house-co-08-general-2026','upcoming',NULL,NULL,NULL,NULL,'General election shell for the 2026 U.S. House race in Colorado District 8.','2026-03-16 13:30:02','2026-03-17 09:27:13'),(314,314,10,2,'2026-11-03',1,'Florida U.S. House FL-08 General','florida-us-house-fl-08-general-2026','upcoming',NULL,NULL,NULL,NULL,'General election shell for the 2026 U.S. House race in Florida District 8.','2026-03-16 13:30:02','2026-03-17 09:27:13'),(315,315,12,2,'2026-11-03',1,'Georgia U.S. House GA-08 General','georgia-us-house-ga-08-general-2026','upcoming',NULL,NULL,NULL,NULL,'General election shell for the 2026 U.S. House race in Georgia District 8.','2026-03-16 13:30:02','2026-03-17 09:27:13'),(316,316,16,2,'2026-11-03',1,'Illinois U.S. House IL-08 General','illinois-us-house-il-08-general-2026','upcoming',NULL,NULL,NULL,NULL,'General election shell for the 2026 U.S. House race in Illinois District 8.','2026-03-16 13:30:02','2026-03-17 09:27:13'),(317,317,18,2,'2026-11-03',1,'Indiana U.S. House IN-08 General','indiana-us-house-in-08-general-2026','upcoming',NULL,NULL,NULL,NULL,'General election shell for the 2026 U.S. House race in Indiana District 8.','2026-03-16 13:30:02','2026-03-17 09:27:13'),(318,318,24,2,'2026-11-03',1,'Maryland U.S. House MD-08 General','maryland-us-house-md-08-general-2026','upcoming',NULL,NULL,NULL,NULL,'General election shell for the 2026 U.S. House race in Maryland District 8.','2026-03-16 13:30:02','2026-03-17 09:27:13'),(319,319,23,2,'2026-11-03',1,'Massachusetts U.S. House MA-08 General','massachusetts-us-house-ma-08-general-2026','upcoming',NULL,NULL,NULL,NULL,'General election shell for the 2026 U.S. House race in Massachusetts District 8.','2026-03-16 13:30:02','2026-03-17 09:27:13'),(320,320,26,2,'2026-11-03',1,'Michigan U.S. House MI-08 General','michigan-us-house-mi-08-general-2026','upcoming',NULL,NULL,NULL,NULL,'General election shell for the 2026 U.S. House race in Michigan District 8.','2026-03-16 13:30:02','2026-03-17 09:27:13'),(321,321,27,2,'2026-11-03',1,'Minnesota U.S. House MN-08 General','minnesota-us-house-mn-08-general-2026','upcoming',NULL,NULL,NULL,NULL,'General election shell for the 2026 U.S. House race in Minnesota District 8.','2026-03-16 13:30:02','2026-03-17 09:27:13'),(322,322,28,2,'2026-11-03',1,'Missouri U.S. House MO-08 General','missouri-us-house-mo-08-general-2026','upcoming',NULL,NULL,NULL,NULL,'General election shell for the 2026 U.S. House race in Missouri District 8.','2026-03-16 13:30:02','2026-03-17 09:27:13'),(323,323,35,2,'2026-11-03',1,'New Jersey U.S. House NJ-08 General','new-jersey-us-house-nj-08-general-2026','upcoming',NULL,NULL,NULL,NULL,'General election shell for the 2026 U.S. House race in New Jersey District 8.','2026-03-16 13:30:02','2026-03-17 09:27:13'),(324,324,38,2,'2026-11-03',1,'New York U.S. House NY-08 General','new-york-us-house-ny-08-general-2026','upcoming',NULL,NULL,NULL,NULL,'General election shell for the 2026 U.S. House race in New York District 8.','2026-03-16 13:30:02','2026-03-17 09:27:13'),(325,325,31,2,'2026-11-03',1,'North Carolina U.S. House NC-08 General','north-carolina-us-house-nc-08-general-2026','upcoming',NULL,NULL,NULL,NULL,'General election shell for the 2026 U.S. House race in North Carolina District 8.','2026-03-16 13:30:02','2026-03-17 09:27:13'),(326,326,39,2,'2026-11-03',1,'Ohio U.S. House OH-08 General','ohio-us-house-oh-08-general-2026','upcoming',NULL,NULL,NULL,NULL,'General election shell for the 2026 U.S. House race in Ohio District 8.','2026-03-16 13:30:02','2026-03-17 09:27:13'),(327,327,43,2,'2026-11-03',1,'Pennsylvania U.S. House PA-08 General','pennsylvania-us-house-pa-08-general-2026','upcoming',NULL,NULL,NULL,NULL,'General election shell for the 2026 U.S. House race in Pennsylvania District 8.','2026-03-16 13:30:02','2026-03-17 09:27:13'),(328,328,47,2,'2026-11-03',1,'Tennessee U.S. House TN-08 General','tennessee-us-house-tn-08-general-2026','upcoming',NULL,NULL,NULL,NULL,'General election shell for the 2026 U.S. House race in Tennessee District 8.','2026-03-16 13:30:02','2026-03-17 09:27:13'),(329,329,48,2,'2026-11-03',1,'Texas U.S. House TX-08 General','texas-us-house-tx-08-general-2026','upcoming',NULL,NULL,NULL,NULL,'General election shell for the 2026 U.S. House race in Texas District 8.','2026-03-16 13:30:02','2026-03-17 09:27:13'),(330,330,51,2,'2026-11-03',1,'Virginia U.S. House VA-08 General','virginia-us-house-va-08-general-2026','upcoming',NULL,NULL,NULL,NULL,'General election shell for the 2026 U.S. House race in Virginia District 8.','2026-03-16 13:30:02','2026-03-17 09:27:13'),(331,331,53,2,'2026-11-03',1,'Washington U.S. House WA-08 General','washington-us-house-wa-08-general-2026','upcoming',NULL,NULL,NULL,NULL,'General election shell for the 2026 U.S. House race in Washington District 8.','2026-03-16 13:30:02','2026-03-17 09:27:13'),(332,332,55,2,'2026-11-03',1,'Wisconsin U.S. House WI-08 General','wisconsin-us-house-wi-08-general-2026','upcoming',NULL,NULL,NULL,NULL,'General election shell for the 2026 U.S. House race in Wisconsin District 8.','2026-03-16 13:30:02','2026-03-17 09:27:13'),(333,333,4,2,'2026-11-03',1,'Arizona U.S. House AZ-09 General','arizona-us-house-az-09-general-2026','upcoming',NULL,NULL,NULL,NULL,'General election shell for the 2026 U.S. House race in Arizona District 9.','2026-03-16 13:30:02','2026-03-17 09:27:13'),(334,334,5,2,'2026-11-03',1,'California U.S. House CA-09 General','california-us-house-ca-09-general-2026','upcoming',NULL,NULL,NULL,NULL,'General election shell for the 2026 U.S. House race in California District 9.','2026-03-16 13:30:02','2026-03-17 09:27:13'),(335,335,10,2,'2026-11-03',1,'Florida U.S. House FL-09 General','florida-us-house-fl-09-general-2026','upcoming',NULL,NULL,NULL,NULL,'General election shell for the 2026 U.S. House race in Florida District 9.','2026-03-16 13:30:02','2026-03-17 09:27:13'),(336,336,12,2,'2026-11-03',1,'Georgia U.S. House GA-09 General','georgia-us-house-ga-09-general-2026','upcoming',NULL,NULL,NULL,NULL,'General election shell for the 2026 U.S. House race in Georgia District 9.','2026-03-16 13:30:02','2026-03-17 09:27:13'),(337,337,16,2,'2026-11-03',1,'Illinois U.S. House IL-09 General','illinois-us-house-il-09-general-2026','upcoming',NULL,NULL,NULL,NULL,'General election shell for the 2026 U.S. House race in Illinois District 9.','2026-03-16 13:30:02','2026-03-17 09:27:13'),(338,338,18,2,'2026-11-03',1,'Indiana U.S. House IN-09 General','indiana-us-house-in-09-general-2026','upcoming',NULL,NULL,NULL,NULL,'General election shell for the 2026 U.S. House race in Indiana District 9.','2026-03-16 13:30:02','2026-03-17 09:27:13'),(339,339,23,2,'2026-11-03',1,'Massachusetts U.S. House MA-09 General','massachusetts-us-house-ma-09-general-2026','upcoming',NULL,NULL,NULL,NULL,'General election shell for the 2026 U.S. House race in Massachusetts District 9.','2026-03-16 13:30:02','2026-03-17 09:27:13'),(340,340,26,2,'2026-11-03',1,'Michigan U.S. House MI-09 General','michigan-us-house-mi-09-general-2026','upcoming',NULL,NULL,NULL,NULL,'General election shell for the 2026 U.S. House race in Michigan District 9.','2026-03-16 13:30:02','2026-03-17 09:27:13'),(341,341,35,2,'2026-11-03',1,'New Jersey U.S. House NJ-09 General','new-jersey-us-house-nj-09-general-2026','upcoming',NULL,NULL,NULL,NULL,'General election shell for the 2026 U.S. House race in New Jersey District 9.','2026-03-16 13:30:02','2026-03-17 09:27:13'),(342,342,38,2,'2026-11-03',1,'New York U.S. House NY-09 General','new-york-us-house-ny-09-general-2026','upcoming',NULL,NULL,NULL,NULL,'General election shell for the 2026 U.S. House race in New York District 9.','2026-03-16 13:30:02','2026-03-17 09:27:13'),(343,343,31,2,'2026-11-03',1,'North Carolina U.S. House NC-09 General','north-carolina-us-house-nc-09-general-2026','upcoming',NULL,NULL,NULL,NULL,'General election shell for the 2026 U.S. House race in North Carolina District 9.','2026-03-16 13:30:02','2026-03-17 09:27:13'),(344,344,39,2,'2026-11-03',1,'Ohio U.S. House OH-09 General','ohio-us-house-oh-09-general-2026','upcoming',NULL,NULL,NULL,NULL,'General election shell for the 2026 U.S. House race in Ohio District 9.','2026-03-16 13:30:02','2026-03-17 09:27:13'),(345,345,43,2,'2026-11-03',1,'Pennsylvania U.S. House PA-09 General','pennsylvania-us-house-pa-09-general-2026','upcoming',NULL,NULL,NULL,NULL,'General election shell for the 2026 U.S. House race in Pennsylvania District 9.','2026-03-16 13:30:02','2026-03-17 09:27:13'),(346,346,47,2,'2026-11-03',1,'Tennessee U.S. House TN-09 General','tennessee-us-house-tn-09-general-2026','upcoming',NULL,NULL,NULL,NULL,'General election shell for the 2026 U.S. House race in Tennessee District 9.','2026-03-16 13:30:02','2026-03-17 09:27:13'),(347,347,48,2,'2026-11-03',1,'Texas U.S. House TX-09 General','texas-us-house-tx-09-general-2026','upcoming',NULL,NULL,NULL,NULL,'General election shell for the 2026 U.S. House race in Texas District 9.','2026-03-16 13:30:02','2026-03-17 09:27:13'),(348,348,51,2,'2026-11-03',1,'Virginia U.S. House VA-09 General','virginia-us-house-va-09-general-2026','upcoming',NULL,NULL,NULL,NULL,'General election shell for the 2026 U.S. House race in Virginia District 9.','2026-03-16 13:30:02','2026-03-17 09:27:13'),(349,349,53,2,'2026-11-03',1,'Washington U.S. House WA-09 General','washington-us-house-wa-09-general-2026','upcoming',NULL,NULL,NULL,NULL,'General election shell for the 2026 U.S. House race in Washington District 9.','2026-03-16 13:30:02','2026-03-17 09:27:13'),(350,350,5,2,'2026-11-03',1,'California U.S. House CA-10 General','california-us-house-ca-10-general-2026','upcoming',NULL,NULL,NULL,NULL,'General election shell for the 2026 U.S. House race in California District 10.','2026-03-16 13:30:02','2026-03-17 09:27:13'),(351,351,10,2,'2026-11-03',1,'Florida U.S. House FL-10 General','florida-us-house-fl-10-general-2026','upcoming',NULL,NULL,NULL,NULL,'General election shell for the 2026 U.S. House race in Florida District 10.','2026-03-16 13:30:02','2026-03-17 09:27:13'),(352,352,12,2,'2026-11-03',1,'Georgia U.S. House GA-10 General','georgia-us-house-ga-10-general-2026','upcoming',NULL,NULL,NULL,NULL,'General election shell for the 2026 U.S. House race in Georgia District 10.','2026-03-16 13:30:02','2026-03-17 09:27:13'),(353,353,16,2,'2026-11-03',1,'Illinois U.S. House IL-10 General','illinois-us-house-il-10-general-2026','upcoming',NULL,NULL,NULL,NULL,'General election shell for the 2026 U.S. House race in Illinois District 10.','2026-03-16 13:30:02','2026-03-17 09:27:13'),(354,354,26,2,'2026-11-03',1,'Michigan U.S. House MI-10 General','michigan-us-house-mi-10-general-2026','upcoming',NULL,NULL,NULL,NULL,'General election shell for the 2026 U.S. House race in Michigan District 10.','2026-03-16 13:30:02','2026-03-17 09:27:13'),(355,355,35,2,'2026-11-03',1,'New Jersey U.S. House NJ-10 General','new-jersey-us-house-nj-10-general-2026','upcoming',NULL,NULL,NULL,NULL,'General election shell for the 2026 U.S. House race in New Jersey District 10.','2026-03-16 13:30:02','2026-03-17 09:27:13'),(356,356,38,2,'2026-11-03',1,'New York U.S. House NY-10 General','new-york-us-house-ny-10-general-2026','upcoming',NULL,NULL,NULL,NULL,'General election shell for the 2026 U.S. House race in New York District 10.','2026-03-16 13:30:02','2026-03-17 09:27:13'),(357,357,31,2,'2026-11-03',1,'North Carolina U.S. House NC-10 General','north-carolina-us-house-nc-10-general-2026','upcoming',NULL,NULL,NULL,NULL,'General election shell for the 2026 U.S. House race in North Carolina District 10.','2026-03-16 13:30:02','2026-03-17 09:27:13'),(358,358,39,2,'2026-11-03',1,'Ohio U.S. House OH-10 General','ohio-us-house-oh-10-general-2026','upcoming',NULL,NULL,NULL,NULL,'General election shell for the 2026 U.S. House race in Ohio District 10.','2026-03-16 13:30:02','2026-03-17 09:27:13'),(359,359,43,2,'2026-11-03',1,'Pennsylvania U.S. House PA-10 General','pennsylvania-us-house-pa-10-general-2026','upcoming',NULL,NULL,NULL,NULL,'General election shell for the 2026 U.S. House race in Pennsylvania District 10.','2026-03-16 13:30:02','2026-03-17 09:27:13'),(360,360,48,2,'2026-11-03',1,'Texas U.S. House TX-10 General','texas-us-house-tx-10-general-2026','upcoming',NULL,NULL,NULL,NULL,'General election shell for the 2026 U.S. House race in Texas District 10.','2026-03-16 13:30:02','2026-03-17 09:27:13'),(361,361,51,2,'2026-11-03',1,'Virginia U.S. House VA-10 General','virginia-us-house-va-10-general-2026','upcoming',NULL,NULL,NULL,NULL,'General election shell for the 2026 U.S. House race in Virginia District 10.','2026-03-16 13:30:02','2026-03-17 09:27:13'),(362,362,53,2,'2026-11-03',1,'Washington U.S. House WA-10 General','washington-us-house-wa-10-general-2026','upcoming',NULL,NULL,NULL,NULL,'General election shell for the 2026 U.S. House race in Washington District 10.','2026-03-16 13:30:02','2026-03-17 09:27:13'),(363,363,5,2,'2026-11-03',1,'California U.S. House CA-11 General','california-us-house-ca-11-general-2026','upcoming',NULL,NULL,NULL,NULL,'General election shell for the 2026 U.S. House race in California District 11.','2026-03-16 13:30:02','2026-03-17 09:27:13'),(364,364,10,2,'2026-11-03',1,'Florida U.S. House FL-11 General','florida-us-house-fl-11-general-2026','upcoming',NULL,NULL,NULL,NULL,'General election shell for the 2026 U.S. House race in Florida District 11.','2026-03-16 13:30:02','2026-03-17 09:27:13'),(365,365,12,2,'2026-11-03',1,'Georgia U.S. House GA-11 General','georgia-us-house-ga-11-general-2026','upcoming',NULL,NULL,NULL,NULL,'General election shell for the 2026 U.S. House race in Georgia District 11.','2026-03-16 13:30:02','2026-03-17 09:27:13'),(366,366,16,2,'2026-11-03',1,'Illinois U.S. House IL-11 General','illinois-us-house-il-11-general-2026','upcoming',NULL,NULL,NULL,NULL,'General election shell for the 2026 U.S. House race in Illinois District 11.','2026-03-16 13:30:02','2026-03-17 09:27:13'),(367,367,26,2,'2026-11-03',1,'Michigan U.S. House MI-11 General','michigan-us-house-mi-11-general-2026','upcoming',NULL,NULL,NULL,NULL,'General election shell for the 2026 U.S. House race in Michigan District 11.','2026-03-16 13:30:02','2026-03-17 09:27:13'),(368,368,35,2,'2026-11-03',1,'New Jersey U.S. House NJ-11 General','new-jersey-us-house-nj-11-general-2026','upcoming',NULL,NULL,NULL,NULL,'General election shell for the 2026 U.S. House race in New Jersey District 11.','2026-03-16 13:30:02','2026-03-17 09:27:13'),(369,369,38,2,'2026-11-03',1,'New York U.S. House NY-11 General','new-york-us-house-ny-11-general-2026','upcoming',NULL,NULL,NULL,NULL,'General election shell for the 2026 U.S. House race in New York District 11.','2026-03-16 13:30:02','2026-03-17 09:27:13'),(370,370,31,2,'2026-11-03',1,'North Carolina U.S. House NC-11 General','north-carolina-us-house-nc-11-general-2026','upcoming',NULL,NULL,NULL,NULL,'General election shell for the 2026 U.S. House race in North Carolina District 11.','2026-03-16 13:30:02','2026-03-17 09:27:13'),(371,371,39,2,'2026-11-03',1,'Ohio U.S. House OH-11 General','ohio-us-house-oh-11-general-2026','upcoming',NULL,NULL,NULL,NULL,'General election shell for the 2026 U.S. House race in Ohio District 11.','2026-03-16 13:30:02','2026-03-17 09:27:13'),(372,372,43,2,'2026-11-03',1,'Pennsylvania U.S. House PA-11 General','pennsylvania-us-house-pa-11-general-2026','upcoming',NULL,NULL,NULL,NULL,'General election shell for the 2026 U.S. House race in Pennsylvania District 11.','2026-03-16 13:30:02','2026-03-17 09:27:13'),(373,373,48,2,'2026-11-03',1,'Texas U.S. House TX-11 General','texas-us-house-tx-11-general-2026','upcoming',NULL,NULL,NULL,NULL,'General election shell for the 2026 U.S. House race in Texas District 11.','2026-03-16 13:30:02','2026-03-17 09:27:13'),(374,374,51,2,'2026-11-03',1,'Virginia U.S. House VA-11 General','virginia-us-house-va-11-general-2026','upcoming',NULL,NULL,NULL,NULL,'General election shell for the 2026 U.S. House race in Virginia District 11.','2026-03-16 13:30:02','2026-03-17 09:27:13'),(375,375,5,2,'2026-11-03',1,'California U.S. House CA-12 General','california-us-house-ca-12-general-2026','upcoming',NULL,NULL,NULL,NULL,'General election shell for the 2026 U.S. House race in California District 12.','2026-03-16 13:30:02','2026-03-17 09:27:13'),(376,376,10,2,'2026-11-03',1,'Florida U.S. House FL-12 General','florida-us-house-fl-12-general-2026','upcoming',NULL,NULL,NULL,NULL,'General election shell for the 2026 U.S. House race in Florida District 12.','2026-03-16 13:30:02','2026-03-17 09:27:13'),(377,377,12,2,'2026-11-03',1,'Georgia U.S. House GA-12 General','georgia-us-house-ga-12-general-2026','upcoming',NULL,NULL,NULL,NULL,'General election shell for the 2026 U.S. House race in Georgia District 12.','2026-03-16 13:30:02','2026-03-17 09:27:13'),(378,378,16,2,'2026-11-03',1,'Illinois U.S. House IL-12 General','illinois-us-house-il-12-general-2026','upcoming',NULL,NULL,NULL,NULL,'General election shell for the 2026 U.S. House race in Illinois District 12.','2026-03-16 13:30:02','2026-03-17 09:27:13'),(379,379,26,2,'2026-11-03',1,'Michigan U.S. House MI-12 General','michigan-us-house-mi-12-general-2026','upcoming',NULL,NULL,NULL,NULL,'General election shell for the 2026 U.S. House race in Michigan District 12.','2026-03-16 13:30:02','2026-03-17 09:27:13'),(380,380,35,2,'2026-11-03',1,'New Jersey U.S. House NJ-12 General','new-jersey-us-house-nj-12-general-2026','upcoming',NULL,NULL,NULL,NULL,'General election shell for the 2026 U.S. House race in New Jersey District 12.','2026-03-16 13:30:02','2026-03-17 09:27:13'),(381,381,38,2,'2026-11-03',1,'New York U.S. House NY-12 General','new-york-us-house-ny-12-general-2026','upcoming',NULL,NULL,NULL,NULL,'General election shell for the 2026 U.S. House race in New York District 12.','2026-03-16 13:30:02','2026-03-17 09:27:13'),(382,382,31,2,'2026-11-03',1,'North Carolina U.S. House NC-12 General','north-carolina-us-house-nc-12-general-2026','upcoming',NULL,NULL,NULL,NULL,'General election shell for the 2026 U.S. House race in North Carolina District 12.','2026-03-16 13:30:02','2026-03-17 09:27:13'),(383,383,39,2,'2026-11-03',1,'Ohio U.S. House OH-12 General','ohio-us-house-oh-12-general-2026','upcoming',NULL,NULL,NULL,NULL,'General election shell for the 2026 U.S. House race in Ohio District 12.','2026-03-16 13:30:02','2026-03-17 09:27:13'),(384,384,43,2,'2026-11-03',1,'Pennsylvania U.S. House PA-12 General','pennsylvania-us-house-pa-12-general-2026','upcoming',NULL,NULL,NULL,NULL,'General election shell for the 2026 U.S. House race in Pennsylvania District 12.','2026-03-16 13:30:02','2026-03-17 09:27:13'),(385,385,48,2,'2026-11-03',1,'Texas U.S. House TX-12 General','texas-us-house-tx-12-general-2026','upcoming',NULL,NULL,NULL,NULL,'General election shell for the 2026 U.S. House race in Texas District 12.','2026-03-16 13:30:02','2026-03-17 09:27:13'),(386,386,5,2,'2026-11-03',1,'California U.S. House CA-13 General','california-us-house-ca-13-general-2026','upcoming',NULL,NULL,NULL,NULL,'General election shell for the 2026 U.S. House race in California District 13.','2026-03-16 13:30:02','2026-03-17 09:27:13'),(387,387,10,2,'2026-11-03',1,'Florida U.S. House FL-13 General','florida-us-house-fl-13-general-2026','upcoming',NULL,NULL,NULL,NULL,'General election shell for the 2026 U.S. House race in Florida District 13.','2026-03-16 13:30:02','2026-03-17 09:27:13'),(388,388,12,2,'2026-11-03',1,'Georgia U.S. House GA-13 General','georgia-us-house-ga-13-general-2026','upcoming',NULL,NULL,NULL,NULL,'General election shell for the 2026 U.S. House race in Georgia District 13.','2026-03-16 13:30:02','2026-03-17 09:27:13'),(389,389,16,2,'2026-11-03',1,'Illinois U.S. House IL-13 General','illinois-us-house-il-13-general-2026','upcoming',NULL,NULL,NULL,NULL,'General election shell for the 2026 U.S. House race in Illinois District 13.','2026-03-16 13:30:02','2026-03-17 09:27:13'),(390,390,26,2,'2026-11-03',1,'Michigan U.S. House MI-13 General','michigan-us-house-mi-13-general-2026','upcoming',NULL,NULL,NULL,NULL,'General election shell for the 2026 U.S. House race in Michigan District 13.','2026-03-16 13:30:02','2026-03-17 09:27:13'),(391,391,38,2,'2026-11-03',1,'New York U.S. House NY-13 General','new-york-us-house-ny-13-general-2026','upcoming',NULL,NULL,NULL,NULL,'General election shell for the 2026 U.S. House race in New York District 13.','2026-03-16 13:30:02','2026-03-17 09:27:13'),(392,392,31,2,'2026-11-03',1,'North Carolina U.S. House NC-13 General','north-carolina-us-house-nc-13-general-2026','upcoming',NULL,NULL,NULL,NULL,'General election shell for the 2026 U.S. House race in North Carolina District 13.','2026-03-16 13:30:02','2026-03-17 09:27:13'),(393,393,39,2,'2026-11-03',1,'Ohio U.S. House OH-13 General','ohio-us-house-oh-13-general-2026','upcoming',NULL,NULL,NULL,NULL,'General election shell for the 2026 U.S. House race in Ohio District 13.','2026-03-16 13:30:02','2026-03-17 09:27:13'),(394,394,43,2,'2026-11-03',1,'Pennsylvania U.S. House PA-13 General','pennsylvania-us-house-pa-13-general-2026','upcoming',NULL,NULL,NULL,NULL,'General election shell for the 2026 U.S. House race in Pennsylvania District 13.','2026-03-16 13:30:02','2026-03-17 09:27:13'),(395,395,48,2,'2026-11-03',1,'Texas U.S. House TX-13 General','texas-us-house-tx-13-general-2026','upcoming',NULL,NULL,NULL,NULL,'General election shell for the 2026 U.S. House race in Texas District 13.','2026-03-16 13:30:02','2026-03-17 09:27:13'),(396,396,5,2,'2026-11-03',1,'California U.S. House CA-14 General','california-us-house-ca-14-general-2026','upcoming',NULL,NULL,NULL,NULL,'General election shell for the 2026 U.S. House race in California District 14.','2026-03-16 13:30:02','2026-03-17 09:27:13'),(397,397,10,2,'2026-11-03',1,'Florida U.S. House FL-14 General','florida-us-house-fl-14-general-2026','upcoming',NULL,NULL,NULL,NULL,'General election shell for the 2026 U.S. House race in Florida District 14.','2026-03-16 13:30:02','2026-03-17 09:27:13'),(398,398,12,2,'2026-11-03',1,'Georgia U.S. House GA-14 General','georgia-us-house-ga-14-general-2026','upcoming',NULL,NULL,NULL,NULL,'General election shell for the 2026 U.S. House race in Georgia District 14.','2026-03-16 13:30:02','2026-03-17 09:27:13'),(399,399,16,2,'2026-11-03',1,'Illinois U.S. House IL-14 General','illinois-us-house-il-14-general-2026','upcoming',NULL,NULL,NULL,NULL,'General election shell for the 2026 U.S. House race in Illinois District 14.','2026-03-16 13:30:02','2026-03-17 09:27:13'),(400,400,38,2,'2026-11-03',1,'New York U.S. House NY-14 General','new-york-us-house-ny-14-general-2026','upcoming',NULL,NULL,NULL,NULL,'General election shell for the 2026 U.S. House race in New York District 14.','2026-03-16 13:30:02','2026-03-17 09:27:13'),(401,401,31,2,'2026-11-03',1,'North Carolina U.S. House NC-14 General','north-carolina-us-house-nc-14-general-2026','upcoming',NULL,NULL,NULL,NULL,'General election shell for the 2026 U.S. House race in North Carolina District 14.','2026-03-16 13:30:02','2026-03-17 09:27:13'),(402,402,39,2,'2026-11-03',1,'Ohio U.S. House OH-14 General','ohio-us-house-oh-14-general-2026','upcoming',NULL,NULL,NULL,NULL,'General election shell for the 2026 U.S. House race in Ohio District 14.','2026-03-16 13:30:02','2026-03-17 09:27:13'),(403,403,43,2,'2026-11-03',1,'Pennsylvania U.S. House PA-14 General','pennsylvania-us-house-pa-14-general-2026','upcoming',NULL,NULL,NULL,NULL,'General election shell for the 2026 U.S. House race in Pennsylvania District 14.','2026-03-16 13:30:02','2026-03-17 09:27:13'),(404,404,48,2,'2026-11-03',1,'Texas U.S. House TX-14 General','texas-us-house-tx-14-general-2026','upcoming',NULL,NULL,NULL,NULL,'General election shell for the 2026 U.S. House race in Texas District 14.','2026-03-16 13:30:02','2026-03-17 09:27:13'),(405,405,5,2,'2026-11-03',1,'California U.S. House CA-15 General','california-us-house-ca-15-general-2026','upcoming',NULL,NULL,NULL,NULL,'General election shell for the 2026 U.S. House race in California District 15.','2026-03-16 13:30:02','2026-03-17 09:27:13'),(406,406,10,2,'2026-11-03',1,'Florida U.S. House FL-15 General','florida-us-house-fl-15-general-2026','upcoming',NULL,NULL,NULL,NULL,'General election shell for the 2026 U.S. House race in Florida District 15.','2026-03-16 13:30:02','2026-03-17 09:27:13'),(407,407,16,2,'2026-11-03',1,'Illinois U.S. House IL-15 General','illinois-us-house-il-15-general-2026','upcoming',NULL,NULL,NULL,NULL,'General election shell for the 2026 U.S. House race in Illinois District 15.','2026-03-16 13:30:02','2026-03-17 09:27:13'),(408,408,38,2,'2026-11-03',1,'New York U.S. House NY-15 General','new-york-us-house-ny-15-general-2026','upcoming',NULL,NULL,NULL,NULL,'General election shell for the 2026 U.S. House race in New York District 15.','2026-03-16 13:30:02','2026-03-17 09:27:13'),(409,409,39,2,'2026-11-03',1,'Ohio U.S. House OH-15 General','ohio-us-house-oh-15-general-2026','upcoming',NULL,NULL,NULL,NULL,'General election shell for the 2026 U.S. House race in Ohio District 15.','2026-03-16 13:30:02','2026-03-17 09:27:13'),(410,410,43,2,'2026-11-03',1,'Pennsylvania U.S. House PA-15 General','pennsylvania-us-house-pa-15-general-2026','upcoming',NULL,NULL,NULL,NULL,'General election shell for the 2026 U.S. House race in Pennsylvania District 15.','2026-03-16 13:30:02','2026-03-17 09:27:13'),(411,411,48,2,'2026-11-03',1,'Texas U.S. House TX-15 General','texas-us-house-tx-15-general-2026','upcoming',NULL,NULL,NULL,NULL,'General election shell for the 2026 U.S. House race in Texas District 15.','2026-03-16 13:30:02','2026-03-17 09:27:13'),(412,412,5,2,'2026-11-03',1,'California U.S. House CA-16 General','california-us-house-ca-16-general-2026','upcoming',NULL,NULL,NULL,NULL,'General election shell for the 2026 U.S. House race in California District 16.','2026-03-16 13:30:02','2026-03-17 09:27:13'),(413,413,10,2,'2026-11-03',1,'Florida U.S. House FL-16 General','florida-us-house-fl-16-general-2026','upcoming',NULL,NULL,NULL,NULL,'General election shell for the 2026 U.S. House race in Florida District 16.','2026-03-16 13:30:02','2026-03-17 09:27:13'),(414,414,16,2,'2026-11-03',1,'Illinois U.S. House IL-16 General','illinois-us-house-il-16-general-2026','upcoming',NULL,NULL,NULL,NULL,'General election shell for the 2026 U.S. House race in Illinois District 16.','2026-03-16 13:30:02','2026-03-17 09:27:13'),(415,415,38,2,'2026-11-03',1,'New York U.S. House NY-16 General','new-york-us-house-ny-16-general-2026','upcoming',NULL,NULL,NULL,NULL,'General election shell for the 2026 U.S. House race in New York District 16.','2026-03-16 13:30:02','2026-03-17 09:27:13'),(416,416,43,2,'2026-11-03',1,'Pennsylvania U.S. House PA-16 General','pennsylvania-us-house-pa-16-general-2026','upcoming',NULL,NULL,NULL,NULL,'General election shell for the 2026 U.S. House race in Pennsylvania District 16.','2026-03-16 13:30:02','2026-03-17 09:27:13'),(417,417,48,2,'2026-11-03',1,'Texas U.S. House TX-16 General','texas-us-house-tx-16-general-2026','upcoming',NULL,NULL,NULL,NULL,'General election shell for the 2026 U.S. House race in Texas District 16.','2026-03-16 13:30:02','2026-03-17 09:27:13'),(418,418,5,2,'2026-11-03',1,'California U.S. House CA-17 General','california-us-house-ca-17-general-2026','upcoming',NULL,NULL,NULL,NULL,'General election shell for the 2026 U.S. House race in California District 17.','2026-03-16 13:30:02','2026-03-17 09:27:13'),(419,419,10,2,'2026-11-03',1,'Florida U.S. House FL-17 General','florida-us-house-fl-17-general-2026','upcoming',NULL,NULL,NULL,NULL,'General election shell for the 2026 U.S. House race in Florida District 17.','2026-03-16 13:30:02','2026-03-17 09:27:13'),(420,420,16,2,'2026-11-03',1,'Illinois U.S. House IL-17 General','illinois-us-house-il-17-general-2026','upcoming',NULL,NULL,NULL,NULL,'General election shell for the 2026 U.S. House race in Illinois District 17.','2026-03-16 13:30:02','2026-03-17 09:27:13'),(421,421,38,2,'2026-11-03',1,'New York U.S. House NY-17 General','new-york-us-house-ny-17-general-2026','upcoming',NULL,NULL,NULL,NULL,'General election shell for the 2026 U.S. House race in New York District 17.','2026-03-16 13:30:02','2026-03-17 09:27:13'),(422,422,43,2,'2026-11-03',1,'Pennsylvania U.S. House PA-17 General','pennsylvania-us-house-pa-17-general-2026','upcoming',NULL,NULL,NULL,NULL,'General election shell for the 2026 U.S. House race in Pennsylvania District 17.','2026-03-16 13:30:02','2026-03-17 09:27:13'),(423,423,48,2,'2026-11-03',1,'Texas U.S. House TX-17 General','texas-us-house-tx-17-general-2026','upcoming',NULL,NULL,NULL,NULL,'General election shell for the 2026 U.S. House race in Texas District 17.','2026-03-16 13:30:02','2026-03-17 09:27:13'),(424,424,5,2,'2026-11-03',1,'California U.S. House CA-18 General','california-us-house-ca-18-general-2026','upcoming',NULL,NULL,NULL,NULL,'General election shell for the 2026 U.S. House race in California District 18.','2026-03-16 13:30:02','2026-03-17 09:27:13'),(425,425,10,2,'2026-11-03',1,'Florida U.S. House FL-18 General','florida-us-house-fl-18-general-2026','upcoming',NULL,NULL,NULL,NULL,'General election shell for the 2026 U.S. House race in Florida District 18.','2026-03-16 13:30:02','2026-03-17 09:27:13'),(426,426,38,2,'2026-11-03',1,'New York U.S. House NY-18 General','new-york-us-house-ny-18-general-2026','upcoming',NULL,NULL,NULL,NULL,'General election shell for the 2026 U.S. House race in New York District 18.','2026-03-16 13:30:02','2026-03-17 09:27:13'),(427,427,48,2,'2026-11-03',1,'Texas U.S. House TX-18 General','texas-us-house-tx-18-general-2026','upcoming',NULL,NULL,NULL,NULL,'General election shell for the 2026 U.S. House race in Texas District 18.','2026-03-16 13:30:02','2026-03-17 09:27:13'),(428,428,5,2,'2026-11-03',1,'California U.S. House CA-19 General','california-us-house-ca-19-general-2026','upcoming',NULL,NULL,NULL,NULL,'General election shell for the 2026 U.S. House race in California District 19.','2026-03-16 13:30:02','2026-03-17 09:27:13'),(429,429,10,2,'2026-11-03',1,'Florida U.S. House FL-19 General','florida-us-house-fl-19-general-2026','upcoming',NULL,NULL,NULL,NULL,'General election shell for the 2026 U.S. House race in Florida District 19.','2026-03-16 13:30:02','2026-03-17 09:27:13'),(430,430,38,2,'2026-11-03',1,'New York U.S. House NY-19 General','new-york-us-house-ny-19-general-2026','upcoming',NULL,NULL,NULL,NULL,'General election shell for the 2026 U.S. House race in New York District 19.','2026-03-16 13:30:02','2026-03-17 09:27:13'),(431,431,48,2,'2026-11-03',1,'Texas U.S. House TX-19 General','texas-us-house-tx-19-general-2026','upcoming',NULL,NULL,NULL,NULL,'General election shell for the 2026 U.S. House race in Texas District 19.','2026-03-16 13:30:02','2026-03-17 09:27:13'),(432,432,5,2,'2026-11-03',1,'California U.S. House CA-20 General','california-us-house-ca-20-general-2026','upcoming',NULL,NULL,NULL,NULL,'General election shell for the 2026 U.S. House race in California District 20.','2026-03-16 13:30:02','2026-03-17 09:27:13'),(433,433,10,2,'2026-11-03',1,'Florida U.S. House FL-20 General','florida-us-house-fl-20-general-2026','upcoming',NULL,NULL,NULL,NULL,'General election shell for the 2026 U.S. House race in Florida District 20.','2026-03-16 13:30:02','2026-03-17 09:27:13'),(434,434,38,2,'2026-11-03',1,'New York U.S. House NY-20 General','new-york-us-house-ny-20-general-2026','upcoming',NULL,NULL,NULL,NULL,'General election shell for the 2026 U.S. House race in New York District 20.','2026-03-16 13:30:02','2026-03-17 09:27:13'),(435,435,48,2,'2026-11-03',1,'Texas U.S. House TX-20 General','texas-us-house-tx-20-general-2026','upcoming',NULL,NULL,NULL,NULL,'General election shell for the 2026 U.S. House race in Texas District 20.','2026-03-16 13:30:02','2026-03-17 09:27:13'),(436,436,5,2,'2026-11-03',1,'California U.S. House CA-21 General','california-us-house-ca-21-general-2026','upcoming',NULL,NULL,NULL,NULL,'General election shell for the 2026 U.S. House race in California District 21.','2026-03-16 13:30:02','2026-03-17 09:27:13'),(437,437,10,2,'2026-11-03',1,'Florida U.S. House FL-21 General','florida-us-house-fl-21-general-2026','upcoming',NULL,NULL,NULL,NULL,'General election shell for the 2026 U.S. House race in Florida District 21.','2026-03-16 13:30:02','2026-03-17 09:27:13'),(438,438,38,2,'2026-11-03',1,'New York U.S. House NY-21 General','new-york-us-house-ny-21-general-2026','upcoming',NULL,NULL,NULL,NULL,'General election shell for the 2026 U.S. House race in New York District 21.','2026-03-16 13:30:02','2026-03-17 09:27:13'),(439,439,48,2,'2026-11-03',1,'Texas U.S. House TX-21 General','texas-us-house-tx-21-general-2026','upcoming',NULL,NULL,NULL,NULL,'General election shell for the 2026 U.S. House race in Texas District 21.','2026-03-16 13:30:02','2026-03-17 09:27:13'),(440,440,5,2,'2026-11-03',1,'California U.S. House CA-22 General','california-us-house-ca-22-general-2026','upcoming',NULL,NULL,NULL,NULL,'General election shell for the 2026 U.S. House race in California District 22.','2026-03-16 13:30:02','2026-03-17 09:27:13'),(441,441,10,2,'2026-11-03',1,'Florida U.S. House FL-22 General','florida-us-house-fl-22-general-2026','upcoming',NULL,NULL,NULL,NULL,'General election shell for the 2026 U.S. House race in Florida District 22.','2026-03-16 13:30:02','2026-03-17 09:27:13'),(442,442,38,2,'2026-11-03',1,'New York U.S. House NY-22 General','new-york-us-house-ny-22-general-2026','upcoming',NULL,NULL,NULL,NULL,'General election shell for the 2026 U.S. House race in New York District 22.','2026-03-16 13:30:02','2026-03-17 09:27:13'),(443,443,48,2,'2026-11-03',1,'Texas U.S. House TX-22 General','texas-us-house-tx-22-general-2026','upcoming',NULL,NULL,NULL,NULL,'General election shell for the 2026 U.S. House race in Texas District 22.','2026-03-16 13:30:02','2026-03-17 09:27:13'),(444,444,5,2,'2026-11-03',1,'California U.S. House CA-23 General','california-us-house-ca-23-general-2026','upcoming',NULL,NULL,NULL,NULL,'General election shell for the 2026 U.S. House race in California District 23.','2026-03-16 13:30:02','2026-03-17 09:27:13'),(445,445,10,2,'2026-11-03',1,'Florida U.S. House FL-23 General','florida-us-house-fl-23-general-2026','upcoming',NULL,NULL,NULL,NULL,'General election shell for the 2026 U.S. House race in Florida District 23.','2026-03-16 13:30:02','2026-03-17 09:27:13'),(446,446,38,2,'2026-11-03',1,'New York U.S. House NY-23 General','new-york-us-house-ny-23-general-2026','upcoming',NULL,NULL,NULL,NULL,'General election shell for the 2026 U.S. House race in New York District 23.','2026-03-16 13:30:02','2026-03-17 09:27:13'),(447,447,48,2,'2026-11-03',1,'Texas U.S. House TX-23 General','texas-us-house-tx-23-general-2026','upcoming',NULL,NULL,NULL,NULL,'General election shell for the 2026 U.S. House race in Texas District 23.','2026-03-16 13:30:02','2026-03-17 09:27:13'),(448,448,5,2,'2026-11-03',1,'California U.S. House CA-24 General','california-us-house-ca-24-general-2026','upcoming',NULL,NULL,NULL,NULL,'General election shell for the 2026 U.S. House race in California District 24.','2026-03-16 13:30:02','2026-03-17 09:27:13'),(449,449,10,2,'2026-11-03',1,'Florida U.S. House FL-24 General','florida-us-house-fl-24-general-2026','upcoming',NULL,NULL,NULL,NULL,'General election shell for the 2026 U.S. House race in Florida District 24.','2026-03-16 13:30:02','2026-03-17 09:27:13'),(450,450,38,2,'2026-11-03',1,'New York U.S. House NY-24 General','new-york-us-house-ny-24-general-2026','upcoming',NULL,NULL,NULL,NULL,'General election shell for the 2026 U.S. House race in New York District 24.','2026-03-16 13:30:02','2026-03-17 09:27:13'),(451,451,48,2,'2026-11-03',1,'Texas U.S. House TX-24 General','texas-us-house-tx-24-general-2026','upcoming',NULL,NULL,NULL,NULL,'General election shell for the 2026 U.S. House race in Texas District 24.','2026-03-16 13:30:02','2026-03-17 09:27:13'),(452,452,5,2,'2026-11-03',1,'California U.S. House CA-25 General','california-us-house-ca-25-general-2026','upcoming',NULL,NULL,NULL,NULL,'General election shell for the 2026 U.S. House race in California District 25.','2026-03-16 13:30:02','2026-03-17 09:27:13'),(453,453,10,2,'2026-11-03',1,'Florida U.S. House FL-25 General','florida-us-house-fl-25-general-2026','upcoming',NULL,NULL,NULL,NULL,'General election shell for the 2026 U.S. House race in Florida District 25.','2026-03-16 13:30:02','2026-03-17 09:27:13'),(454,454,38,2,'2026-11-03',1,'New York U.S. House NY-25 General','new-york-us-house-ny-25-general-2026','upcoming',NULL,NULL,NULL,NULL,'General election shell for the 2026 U.S. House race in New York District 25.','2026-03-16 13:30:02','2026-03-17 09:27:13'),(455,455,48,2,'2026-11-03',1,'Texas U.S. House TX-25 General','texas-us-house-tx-25-general-2026','upcoming',NULL,NULL,NULL,NULL,'General election shell for the 2026 U.S. House race in Texas District 25.','2026-03-16 13:30:02','2026-03-17 09:27:13'),(456,456,5,2,'2026-11-03',1,'California U.S. House CA-26 General','california-us-house-ca-26-general-2026','upcoming',NULL,NULL,NULL,NULL,'General election shell for the 2026 U.S. House race in California District 26.','2026-03-16 13:30:02','2026-03-17 09:27:13'),(457,457,10,2,'2026-11-03',1,'Florida U.S. House FL-26 General','florida-us-house-fl-26-general-2026','upcoming',NULL,NULL,NULL,NULL,'General election shell for the 2026 U.S. House race in Florida District 26.','2026-03-16 13:30:02','2026-03-17 09:27:13'),(458,458,38,2,'2026-11-03',1,'New York U.S. House NY-26 General','new-york-us-house-ny-26-general-2026','upcoming',NULL,NULL,NULL,NULL,'General election shell for the 2026 U.S. House race in New York District 26.','2026-03-16 13:30:02','2026-03-17 09:27:13'),(459,459,48,2,'2026-11-03',1,'Texas U.S. House TX-26 General','texas-us-house-tx-26-general-2026','upcoming',NULL,NULL,NULL,NULL,'General election shell for the 2026 U.S. House race in Texas District 26.','2026-03-16 13:30:02','2026-03-17 09:27:13'),(460,460,5,2,'2026-11-03',1,'California U.S. House CA-27 General','california-us-house-ca-27-general-2026','upcoming',NULL,NULL,NULL,NULL,'General election shell for the 2026 U.S. House race in California District 27.','2026-03-16 13:30:02','2026-03-17 09:27:13'),(461,461,10,2,'2026-11-03',1,'Florida U.S. House FL-27 General','florida-us-house-fl-27-general-2026','upcoming',NULL,NULL,NULL,NULL,'General election shell for the 2026 U.S. House race in Florida District 27.','2026-03-16 13:30:02','2026-03-17 09:27:13'),(462,462,48,2,'2026-11-03',1,'Texas U.S. House TX-27 General','texas-us-house-tx-27-general-2026','upcoming',NULL,NULL,NULL,NULL,'General election shell for the 2026 U.S. House race in Texas District 27.','2026-03-16 13:30:02','2026-03-17 09:27:13'),(463,463,5,2,'2026-11-03',1,'California U.S. House CA-28 General','california-us-house-ca-28-general-2026','upcoming',NULL,NULL,NULL,NULL,'General election shell for the 2026 U.S. House race in California District 28.','2026-03-16 13:30:02','2026-03-17 09:27:13'),(464,464,10,2,'2026-11-03',1,'Florida U.S. House FL-28 General','florida-us-house-fl-28-general-2026','upcoming',NULL,NULL,NULL,NULL,'General election shell for the 2026 U.S. House race in Florida District 28.','2026-03-16 13:30:02','2026-03-17 09:27:13'),(465,465,48,2,'2026-11-03',1,'Texas U.S. House TX-28 General','texas-us-house-tx-28-general-2026','upcoming',NULL,NULL,NULL,NULL,'General election shell for the 2026 U.S. House race in Texas District 28.','2026-03-16 13:30:02','2026-03-17 09:27:13'),(466,466,5,2,'2026-11-03',1,'California U.S. House CA-29 General','california-us-house-ca-29-general-2026','upcoming',NULL,NULL,NULL,NULL,'General election shell for the 2026 U.S. House race in California District 29.','2026-03-16 13:30:02','2026-03-17 09:27:13'),(467,467,48,2,'2026-11-03',1,'Texas U.S. House TX-29 General','texas-us-house-tx-29-general-2026','upcoming',NULL,NULL,NULL,NULL,'General election shell for the 2026 U.S. House race in Texas District 29.','2026-03-16 13:30:02','2026-03-17 09:27:13'),(468,468,5,2,'2026-11-03',1,'California U.S. House CA-30 General','california-us-house-ca-30-general-2026','upcoming',NULL,NULL,NULL,NULL,'General election shell for the 2026 U.S. House race in California District 30.','2026-03-16 13:30:02','2026-03-17 09:27:13'),(469,469,48,2,'2026-11-03',1,'Texas U.S. House TX-30 General','texas-us-house-tx-30-general-2026','upcoming',NULL,NULL,NULL,NULL,'General election shell for the 2026 U.S. House race in Texas District 30.','2026-03-16 13:30:02','2026-03-17 09:27:13'),(470,470,5,2,'2026-11-03',1,'California U.S. House CA-31 General','california-us-house-ca-31-general-2026','upcoming',NULL,NULL,NULL,NULL,'General election shell for the 2026 U.S. House race in California District 31.','2026-03-16 13:30:02','2026-03-17 09:27:13'),(471,471,48,2,'2026-11-03',1,'Texas U.S. House TX-31 General','texas-us-house-tx-31-general-2026','upcoming',NULL,NULL,NULL,NULL,'General election shell for the 2026 U.S. House race in Texas District 31.','2026-03-16 13:30:02','2026-03-17 09:27:13'),(472,472,5,2,'2026-11-03',1,'California U.S. House CA-32 General','california-us-house-ca-32-general-2026','upcoming',NULL,NULL,NULL,NULL,'General election shell for the 2026 U.S. House race in California District 32.','2026-03-16 13:30:02','2026-03-17 09:27:13'),(473,473,48,2,'2026-11-03',1,'Texas U.S. House TX-32 General','texas-us-house-tx-32-general-2026','upcoming',NULL,NULL,NULL,NULL,'General election shell for the 2026 U.S. House race in Texas District 32.','2026-03-16 13:30:02','2026-03-17 09:27:13'),(474,474,5,2,'2026-11-03',1,'California U.S. House CA-33 General','california-us-house-ca-33-general-2026','upcoming',NULL,NULL,NULL,NULL,'General election shell for the 2026 U.S. House race in California District 33.','2026-03-16 13:30:02','2026-03-17 09:27:13'),(475,475,48,2,'2026-11-03',1,'Texas U.S. House TX-33 General','texas-us-house-tx-33-general-2026','upcoming',NULL,NULL,NULL,NULL,'General election shell for the 2026 U.S. House race in Texas District 33.','2026-03-16 13:30:02','2026-03-17 09:27:13'),(476,476,5,2,'2026-11-03',1,'California U.S. House CA-34 General','california-us-house-ca-34-general-2026','upcoming',NULL,NULL,NULL,NULL,'General election shell for the 2026 U.S. House race in California District 34.','2026-03-16 13:30:02','2026-03-17 09:27:13'),(477,477,48,2,'2026-11-03',1,'Texas U.S. House TX-34 General','texas-us-house-tx-34-general-2026','upcoming',NULL,NULL,NULL,NULL,'General election shell for the 2026 U.S. House race in Texas District 34.','2026-03-16 13:30:02','2026-03-17 09:27:13'),(478,478,5,2,'2026-11-03',1,'California U.S. House CA-35 General','california-us-house-ca-35-general-2026','upcoming',NULL,NULL,NULL,NULL,'General election shell for the 2026 U.S. House race in California District 35.','2026-03-16 13:30:02','2026-03-17 09:27:13'),(479,479,48,2,'2026-11-03',1,'Texas U.S. House TX-35 General','texas-us-house-tx-35-general-2026','upcoming',NULL,NULL,NULL,NULL,'General election shell for the 2026 U.S. House race in Texas District 35.','2026-03-16 13:30:02','2026-03-17 09:27:13'),(480,480,5,2,'2026-11-03',1,'California U.S. House CA-36 General','california-us-house-ca-36-general-2026','upcoming',NULL,NULL,NULL,NULL,'General election shell for the 2026 U.S. House race in California District 36.','2026-03-16 13:30:02','2026-03-17 09:27:13'),(481,481,48,2,'2026-11-03',1,'Texas U.S. House TX-36 General','texas-us-house-tx-36-general-2026','upcoming',NULL,NULL,NULL,NULL,'General election shell for the 2026 U.S. House race in Texas District 36.','2026-03-16 13:30:02','2026-03-17 09:27:13'),(482,482,5,2,'2026-11-03',1,'California U.S. House CA-37 General','california-us-house-ca-37-general-2026','upcoming',NULL,NULL,NULL,NULL,'General election shell for the 2026 U.S. House race in California District 37.','2026-03-16 13:30:02','2026-03-17 09:27:13'),(483,483,48,2,'2026-11-03',1,'Texas U.S. House TX-37 General','texas-us-house-tx-37-general-2026','upcoming',NULL,NULL,NULL,NULL,'General election shell for the 2026 U.S. House race in Texas District 37.','2026-03-16 13:30:02','2026-03-17 09:27:13'),(484,484,5,2,'2026-11-03',1,'California U.S. House CA-38 General','california-us-house-ca-38-general-2026','upcoming',NULL,NULL,NULL,NULL,'General election shell for the 2026 U.S. House race in California District 38.','2026-03-16 13:30:02','2026-03-17 09:27:13'),(485,485,48,2,'2026-11-03',1,'Texas U.S. House TX-38 General','texas-us-house-tx-38-general-2026','upcoming',NULL,NULL,NULL,NULL,'General election shell for the 2026 U.S. House race in Texas District 38.','2026-03-16 13:30:02','2026-03-17 09:27:13'),(486,486,5,2,'2026-11-03',1,'California U.S. House CA-39 General','california-us-house-ca-39-general-2026','upcoming',NULL,NULL,NULL,NULL,'General election shell for the 2026 U.S. House race in California District 39.','2026-03-16 13:30:02','2026-03-17 09:27:13'),(487,487,5,2,'2026-11-03',1,'California U.S. House CA-40 General','california-us-house-ca-40-general-2026','upcoming',NULL,NULL,NULL,NULL,'General election shell for the 2026 U.S. House race in California District 40.','2026-03-16 13:30:02','2026-03-17 09:27:13'),(488,488,5,2,'2026-11-03',1,'California U.S. House CA-41 General','california-us-house-ca-41-general-2026','upcoming',NULL,NULL,NULL,NULL,'General election shell for the 2026 U.S. House race in California District 41.','2026-03-16 13:30:02','2026-03-17 09:27:13'),(489,489,5,2,'2026-11-03',1,'California U.S. House CA-42 General','california-us-house-ca-42-general-2026','upcoming',NULL,NULL,NULL,NULL,'General election shell for the 2026 U.S. House race in California District 42.','2026-03-16 13:30:02','2026-03-17 09:27:13'),(490,490,5,2,'2026-11-03',1,'California U.S. House CA-43 General','california-us-house-ca-43-general-2026','upcoming',NULL,NULL,NULL,NULL,'General election shell for the 2026 U.S. House race in California District 43.','2026-03-16 13:30:02','2026-03-17 09:27:13'),(491,491,5,2,'2026-11-03',1,'California U.S. House CA-44 General','california-us-house-ca-44-general-2026','upcoming',NULL,NULL,NULL,NULL,'General election shell for the 2026 U.S. House race in California District 44.','2026-03-16 13:30:02','2026-03-17 09:27:13'),(492,492,5,2,'2026-11-03',1,'California U.S. House CA-45 General','california-us-house-ca-45-general-2026','upcoming',NULL,NULL,NULL,NULL,'General election shell for the 2026 U.S. House race in California District 45.','2026-03-16 13:30:02','2026-03-17 09:27:13'),(493,493,5,2,'2026-11-03',1,'California U.S. House CA-46 General','california-us-house-ca-46-general-2026','upcoming',NULL,NULL,NULL,NULL,'General election shell for the 2026 U.S. House race in California District 46.','2026-03-16 13:30:02','2026-03-17 09:27:13'),(494,494,5,2,'2026-11-03',1,'California U.S. House CA-47 General','california-us-house-ca-47-general-2026','upcoming',NULL,NULL,NULL,NULL,'General election shell for the 2026 U.S. House race in California District 47.','2026-03-16 13:30:02','2026-03-17 09:27:13'),(495,495,5,2,'2026-11-03',1,'California U.S. House CA-48 General','california-us-house-ca-48-general-2026','upcoming',NULL,NULL,NULL,NULL,'General election shell for the 2026 U.S. House race in California District 48.','2026-03-16 13:30:02','2026-03-17 09:27:13'),(496,496,5,2,'2026-11-03',1,'California U.S. House CA-49 General','california-us-house-ca-49-general-2026','upcoming',NULL,NULL,NULL,NULL,'General election shell for the 2026 U.S. House race in California District 49.','2026-03-16 13:30:02','2026-03-17 09:27:13'),(497,497,5,2,'2026-11-03',1,'California U.S. House CA-50 General','california-us-house-ca-50-general-2026','upcoming',NULL,NULL,NULL,NULL,'General election shell for the 2026 U.S. House race in California District 50.','2026-03-16 13:30:02','2026-03-17 09:27:13'),(498,498,5,2,'2026-11-03',1,'California U.S. House CA-51 General','california-us-house-ca-51-general-2026','upcoming',NULL,NULL,NULL,NULL,'General election shell for the 2026 U.S. House race in California District 51.','2026-03-16 13:30:02','2026-03-17 09:27:13'),(499,499,5,2,'2026-11-03',1,'California U.S. House CA-52 General','california-us-house-ca-52-general-2026','upcoming',NULL,NULL,NULL,NULL,'General election shell for the 2026 U.S. House race in California District 52.','2026-03-16 13:30:02','2026-03-17 09:27:13'),(576,69,6,9,'2026-06-02',1,'California U.S. House CA-01 Top-Two Primary','california-us-house-ca-01-top-two-primary-2026','upcoming',NULL,NULL,NULL,NULL,'Top-two primary election shell for the 2026 U.S. House race in California District 1.','2026-03-16 13:38:13','2026-03-17 09:27:13'),(577,118,6,9,'2026-06-02',1,'California U.S. House CA-02 Top-Two Primary','california-us-house-ca-02-top-two-primary-2026','upcoming',NULL,NULL,NULL,NULL,'Top-two primary election shell for the 2026 U.S. House race in California District 2.','2026-03-16 13:38:13','2026-03-17 09:27:13'),(578,162,6,9,'2026-06-02',1,'California U.S. House CA-03 Top-Two Primary','california-us-house-ca-03-top-two-primary-2026','upcoming',NULL,NULL,NULL,NULL,'Top-two primary election shell for the 2026 U.S. House race in California District 3.','2026-03-16 13:38:13','2026-03-17 09:27:13'),(579,199,6,9,'2026-06-02',1,'California U.S. House CA-04 Top-Two Primary','california-us-house-ca-04-top-two-primary-2026','upcoming',NULL,NULL,NULL,NULL,'Top-two primary election shell for the 2026 U.S. House race in California District 4.','2026-03-16 13:38:13','2026-03-17 09:27:13'),(580,233,6,9,'2026-06-02',1,'California U.S. House CA-05 Top-Two Primary','california-us-house-ca-05-top-two-primary-2026','upcoming',NULL,NULL,NULL,NULL,'Top-two primary election shell for the 2026 U.S. House race in California District 5.','2026-03-16 13:38:13','2026-03-17 09:27:13'),(581,262,6,9,'2026-06-02',1,'California U.S. House CA-06 Top-Two Primary','california-us-house-ca-06-top-two-primary-2026','upcoming',NULL,NULL,NULL,NULL,'Top-two primary election shell for the 2026 U.S. House race in California District 6.','2026-03-16 13:38:13','2026-03-17 09:27:13'),(582,289,6,9,'2026-06-02',1,'California U.S. House CA-07 Top-Two Primary','california-us-house-ca-07-top-two-primary-2026','upcoming',NULL,NULL,NULL,NULL,'Top-two primary election shell for the 2026 U.S. House race in California District 7.','2026-03-16 13:38:13','2026-03-17 09:27:13'),(583,312,6,9,'2026-06-02',1,'California U.S. House CA-08 Top-Two Primary','california-us-house-ca-08-top-two-primary-2026','upcoming',NULL,NULL,NULL,NULL,'Top-two primary election shell for the 2026 U.S. House race in California District 8.','2026-03-16 13:38:13','2026-03-17 09:27:13'),(584,334,6,9,'2026-06-02',1,'California U.S. House CA-09 Top-Two Primary','california-us-house-ca-09-top-two-primary-2026','upcoming',NULL,NULL,NULL,NULL,'Top-two primary election shell for the 2026 U.S. House race in California District 9.','2026-03-16 13:38:13','2026-03-17 09:27:13'),(585,350,6,9,'2026-06-02',1,'California U.S. House CA-10 Top-Two Primary','california-us-house-ca-10-top-two-primary-2026','upcoming',NULL,NULL,NULL,NULL,'Top-two primary election shell for the 2026 U.S. House race in California District 10.','2026-03-16 13:38:13','2026-03-17 09:27:13'),(586,363,6,9,'2026-06-02',1,'California U.S. House CA-11 Top-Two Primary','california-us-house-ca-11-top-two-primary-2026','upcoming',NULL,NULL,NULL,NULL,'Top-two primary election shell for the 2026 U.S. House race in California District 11.','2026-03-16 13:38:13','2026-03-17 09:27:13'),(587,375,6,9,'2026-06-02',1,'California U.S. House CA-12 Top-Two Primary','california-us-house-ca-12-top-two-primary-2026','upcoming',NULL,NULL,NULL,NULL,'Top-two primary election shell for the 2026 U.S. House race in California District 12.','2026-03-16 13:38:13','2026-03-17 09:27:13'),(588,386,6,9,'2026-06-02',1,'California U.S. House CA-13 Top-Two Primary','california-us-house-ca-13-top-two-primary-2026','upcoming',NULL,NULL,NULL,NULL,'Top-two primary election shell for the 2026 U.S. House race in California District 13.','2026-03-16 13:38:13','2026-03-17 09:27:13'),(589,396,6,9,'2026-06-02',1,'California U.S. House CA-14 Top-Two Primary','california-us-house-ca-14-top-two-primary-2026','upcoming',NULL,NULL,NULL,NULL,'Top-two primary election shell for the 2026 U.S. House race in California District 14.','2026-03-16 13:38:13','2026-03-17 09:27:13'),(590,405,6,9,'2026-06-02',1,'California U.S. House CA-15 Top-Two Primary','california-us-house-ca-15-top-two-primary-2026','upcoming',NULL,NULL,NULL,NULL,'Top-two primary election shell for the 2026 U.S. House race in California District 15.','2026-03-16 13:38:13','2026-03-17 09:27:13'),(591,412,6,9,'2026-06-02',1,'California U.S. House CA-16 Top-Two Primary','california-us-house-ca-16-top-two-primary-2026','upcoming',NULL,NULL,NULL,NULL,'Top-two primary election shell for the 2026 U.S. House race in California District 16.','2026-03-16 13:38:13','2026-03-17 09:27:13'),(592,418,6,9,'2026-06-02',1,'California U.S. House CA-17 Top-Two Primary','california-us-house-ca-17-top-two-primary-2026','upcoming',NULL,NULL,NULL,NULL,'Top-two primary election shell for the 2026 U.S. House race in California District 17.','2026-03-16 13:38:13','2026-03-17 09:27:13'),(593,424,6,9,'2026-06-02',1,'California U.S. House CA-18 Top-Two Primary','california-us-house-ca-18-top-two-primary-2026','upcoming',NULL,NULL,NULL,NULL,'Top-two primary election shell for the 2026 U.S. House race in California District 18.','2026-03-16 13:38:13','2026-03-17 09:27:13'),(594,428,6,9,'2026-06-02',1,'California U.S. House CA-19 Top-Two Primary','california-us-house-ca-19-top-two-primary-2026','upcoming',NULL,NULL,NULL,NULL,'Top-two primary election shell for the 2026 U.S. House race in California District 19.','2026-03-16 13:38:13','2026-03-17 09:27:13'),(595,432,6,9,'2026-06-02',1,'California U.S. House CA-20 Top-Two Primary','california-us-house-ca-20-top-two-primary-2026','upcoming',NULL,NULL,NULL,NULL,'Top-two primary election shell for the 2026 U.S. House race in California District 20.','2026-03-16 13:38:13','2026-03-17 09:27:13'),(596,436,6,9,'2026-06-02',1,'California U.S. House CA-21 Top-Two Primary','california-us-house-ca-21-top-two-primary-2026','upcoming',NULL,NULL,NULL,NULL,'Top-two primary election shell for the 2026 U.S. House race in California District 21.','2026-03-16 13:38:13','2026-03-17 09:27:13'),(597,440,6,9,'2026-06-02',1,'California U.S. House CA-22 Top-Two Primary','california-us-house-ca-22-top-two-primary-2026','upcoming',NULL,NULL,NULL,NULL,'Top-two primary election shell for the 2026 U.S. House race in California District 22.','2026-03-16 13:38:13','2026-03-17 09:27:13'),(598,444,6,9,'2026-06-02',1,'California U.S. House CA-23 Top-Two Primary','california-us-house-ca-23-top-two-primary-2026','upcoming',NULL,NULL,NULL,NULL,'Top-two primary election shell for the 2026 U.S. House race in California District 23.','2026-03-16 13:38:13','2026-03-17 09:27:13'),(599,448,6,9,'2026-06-02',1,'California U.S. House CA-24 Top-Two Primary','california-us-house-ca-24-top-two-primary-2026','upcoming',NULL,NULL,NULL,NULL,'Top-two primary election shell for the 2026 U.S. House race in California District 24.','2026-03-16 13:38:13','2026-03-17 09:27:13'),(600,452,6,9,'2026-06-02',1,'California U.S. House CA-25 Top-Two Primary','california-us-house-ca-25-top-two-primary-2026','upcoming',NULL,NULL,NULL,NULL,'Top-two primary election shell for the 2026 U.S. House race in California District 25.','2026-03-16 13:38:13','2026-03-17 09:27:13'),(601,456,6,9,'2026-06-02',1,'California U.S. House CA-26 Top-Two Primary','california-us-house-ca-26-top-two-primary-2026','upcoming',NULL,NULL,NULL,NULL,'Top-two primary election shell for the 2026 U.S. House race in California District 26.','2026-03-16 13:38:13','2026-03-17 09:27:13'),(602,460,6,9,'2026-06-02',1,'California U.S. House CA-27 Top-Two Primary','california-us-house-ca-27-top-two-primary-2026','upcoming',NULL,NULL,NULL,NULL,'Top-two primary election shell for the 2026 U.S. House race in California District 27.','2026-03-16 13:38:13','2026-03-17 09:27:13'),(603,463,6,9,'2026-06-02',1,'California U.S. House CA-28 Top-Two Primary','california-us-house-ca-28-top-two-primary-2026','upcoming',NULL,NULL,NULL,NULL,'Top-two primary election shell for the 2026 U.S. House race in California District 28.','2026-03-16 13:38:13','2026-03-17 09:27:13'),(604,466,6,9,'2026-06-02',1,'California U.S. House CA-29 Top-Two Primary','california-us-house-ca-29-top-two-primary-2026','upcoming',NULL,NULL,NULL,NULL,'Top-two primary election shell for the 2026 U.S. House race in California District 29.','2026-03-16 13:38:13','2026-03-17 09:27:13'),(605,468,6,9,'2026-06-02',1,'California U.S. House CA-30 Top-Two Primary','california-us-house-ca-30-top-two-primary-2026','upcoming',NULL,NULL,NULL,NULL,'Top-two primary election shell for the 2026 U.S. House race in California District 30.','2026-03-16 13:38:13','2026-03-17 09:27:13'),(606,470,6,9,'2026-06-02',1,'California U.S. House CA-31 Top-Two Primary','california-us-house-ca-31-top-two-primary-2026','upcoming',NULL,NULL,NULL,NULL,'Top-two primary election shell for the 2026 U.S. House race in California District 31.','2026-03-16 13:38:13','2026-03-17 09:27:13'),(607,472,6,9,'2026-06-02',1,'California U.S. House CA-32 Top-Two Primary','california-us-house-ca-32-top-two-primary-2026','upcoming',NULL,NULL,NULL,NULL,'Top-two primary election shell for the 2026 U.S. House race in California District 32.','2026-03-16 13:38:13','2026-03-17 09:27:13'),(608,474,6,9,'2026-06-02',1,'California U.S. House CA-33 Top-Two Primary','california-us-house-ca-33-top-two-primary-2026','upcoming',NULL,NULL,NULL,NULL,'Top-two primary election shell for the 2026 U.S. House race in California District 33.','2026-03-16 13:38:13','2026-03-17 09:27:13'),(609,476,6,9,'2026-06-02',1,'California U.S. House CA-34 Top-Two Primary','california-us-house-ca-34-top-two-primary-2026','upcoming',NULL,NULL,NULL,NULL,'Top-two primary election shell for the 2026 U.S. House race in California District 34.','2026-03-16 13:38:13','2026-03-17 09:27:13'),(610,478,6,9,'2026-06-02',1,'California U.S. House CA-35 Top-Two Primary','california-us-house-ca-35-top-two-primary-2026','upcoming',NULL,NULL,NULL,NULL,'Top-two primary election shell for the 2026 U.S. House race in California District 35.','2026-03-16 13:38:13','2026-03-17 09:27:13'),(611,480,6,9,'2026-06-02',1,'California U.S. House CA-36 Top-Two Primary','california-us-house-ca-36-top-two-primary-2026','upcoming',NULL,NULL,NULL,NULL,'Top-two primary election shell for the 2026 U.S. House race in California District 36.','2026-03-16 13:38:13','2026-03-17 09:27:13'),(612,482,6,9,'2026-06-02',1,'California U.S. House CA-37 Top-Two Primary','california-us-house-ca-37-top-two-primary-2026','upcoming',NULL,NULL,NULL,NULL,'Top-two primary election shell for the 2026 U.S. House race in California District 37.','2026-03-16 13:38:13','2026-03-17 09:27:13'),(613,484,6,9,'2026-06-02',1,'California U.S. House CA-38 Top-Two Primary','california-us-house-ca-38-top-two-primary-2026','upcoming',NULL,NULL,NULL,NULL,'Top-two primary election shell for the 2026 U.S. House race in California District 38.','2026-03-16 13:38:13','2026-03-17 09:27:13'),(614,486,6,9,'2026-06-02',1,'California U.S. House CA-39 Top-Two Primary','california-us-house-ca-39-top-two-primary-2026','upcoming',NULL,NULL,NULL,NULL,'Top-two primary election shell for the 2026 U.S. House race in California District 39.','2026-03-16 13:38:13','2026-03-17 09:27:13'),(615,487,6,9,'2026-06-02',1,'California U.S. House CA-40 Top-Two Primary','california-us-house-ca-40-top-two-primary-2026','upcoming',NULL,NULL,NULL,NULL,'Top-two primary election shell for the 2026 U.S. House race in California District 40.','2026-03-16 13:38:13','2026-03-17 09:27:13'),(616,488,6,9,'2026-06-02',1,'California U.S. House CA-41 Top-Two Primary','california-us-house-ca-41-top-two-primary-2026','upcoming',NULL,NULL,NULL,NULL,'Top-two primary election shell for the 2026 U.S. House race in California District 41.','2026-03-16 13:38:13','2026-03-17 09:27:13'),(617,489,6,9,'2026-06-02',1,'California U.S. House CA-42 Top-Two Primary','california-us-house-ca-42-top-two-primary-2026','upcoming',NULL,NULL,NULL,NULL,'Top-two primary election shell for the 2026 U.S. House race in California District 42.','2026-03-16 13:38:13','2026-03-17 09:27:13'),(618,490,6,9,'2026-06-02',1,'California U.S. House CA-43 Top-Two Primary','california-us-house-ca-43-top-two-primary-2026','upcoming',NULL,NULL,NULL,NULL,'Top-two primary election shell for the 2026 U.S. House race in California District 43.','2026-03-16 13:38:13','2026-03-17 09:27:13'),(619,491,6,9,'2026-06-02',1,'California U.S. House CA-44 Top-Two Primary','california-us-house-ca-44-top-two-primary-2026','upcoming',NULL,NULL,NULL,NULL,'Top-two primary election shell for the 2026 U.S. House race in California District 44.','2026-03-16 13:38:13','2026-03-17 09:27:13'),(620,492,6,9,'2026-06-02',1,'California U.S. House CA-45 Top-Two Primary','california-us-house-ca-45-top-two-primary-2026','upcoming',NULL,NULL,NULL,NULL,'Top-two primary election shell for the 2026 U.S. House race in California District 45.','2026-03-16 13:38:13','2026-03-17 09:27:13'),(621,493,6,9,'2026-06-02',1,'California U.S. House CA-46 Top-Two Primary','california-us-house-ca-46-top-two-primary-2026','upcoming',NULL,NULL,NULL,NULL,'Top-two primary election shell for the 2026 U.S. House race in California District 46.','2026-03-16 13:38:13','2026-03-17 09:27:13'),(622,494,6,9,'2026-06-02',1,'California U.S. House CA-47 Top-Two Primary','california-us-house-ca-47-top-two-primary-2026','upcoming',NULL,NULL,NULL,NULL,'Top-two primary election shell for the 2026 U.S. House race in California District 47.','2026-03-16 13:38:13','2026-03-17 09:27:13'),(623,495,6,9,'2026-06-02',1,'California U.S. House CA-48 Top-Two Primary','california-us-house-ca-48-top-two-primary-2026','upcoming',NULL,NULL,NULL,NULL,'Top-two primary election shell for the 2026 U.S. House race in California District 48.','2026-03-16 13:38:13','2026-03-17 09:27:13'),(624,496,6,9,'2026-06-02',1,'California U.S. House CA-49 Top-Two Primary','california-us-house-ca-49-top-two-primary-2026','upcoming',NULL,NULL,NULL,NULL,'Top-two primary election shell for the 2026 U.S. House race in California District 49.','2026-03-16 13:38:13','2026-03-17 09:27:13'),(625,497,6,9,'2026-06-02',1,'California U.S. House CA-50 Top-Two Primary','california-us-house-ca-50-top-two-primary-2026','upcoming',NULL,NULL,NULL,NULL,'Top-two primary election shell for the 2026 U.S. House race in California District 50.','2026-03-16 13:38:13','2026-03-17 09:27:13'),(626,498,6,9,'2026-06-02',1,'California U.S. House CA-51 Top-Two Primary','california-us-house-ca-51-top-two-primary-2026','upcoming',NULL,NULL,NULL,NULL,'Top-two primary election shell for the 2026 U.S. House race in California District 51.','2026-03-16 13:38:13','2026-03-17 09:27:13'),(627,499,6,9,'2026-06-02',1,'California U.S. House CA-52 Top-Two Primary','california-us-house-ca-52-top-two-primary-2026','upcoming',NULL,NULL,NULL,NULL,'Top-two primary election shell for the 2026 U.S. House race in California District 52.','2026-03-16 13:38:13','2026-03-17 09:27:13'),(639,111,54,9,'2026-08-04',1,'Washington U.S. House WA-01 Top-Two Primary','washington-us-house-wa-01-top-two-primary-2026','upcoming',NULL,NULL,NULL,NULL,'Top-two primary election shell for the 2026 U.S. House race in Washington District 1.','2026-03-16 13:38:13','2026-03-17 09:27:13'),(640,156,54,9,'2026-08-04',1,'Washington U.S. House WA-02 Top-Two Primary','washington-us-house-wa-02-top-two-primary-2026','upcoming',NULL,NULL,NULL,NULL,'Top-two primary election shell for the 2026 U.S. House race in Washington District 2.','2026-03-16 13:38:13','2026-03-17 09:27:13'),(641,194,54,9,'2026-08-04',1,'Washington U.S. House WA-03 Top-Two Primary','washington-us-house-wa-03-top-two-primary-2026','upcoming',NULL,NULL,NULL,NULL,'Top-two primary election shell for the 2026 U.S. House race in Washington District 3.','2026-03-16 13:38:13','2026-03-17 09:27:13'),(642,229,54,9,'2026-08-04',1,'Washington U.S. House WA-04 Top-Two Primary','washington-us-house-wa-04-top-two-primary-2026','upcoming',NULL,NULL,NULL,NULL,'Top-two primary election shell for the 2026 U.S. House race in Washington District 4.','2026-03-16 13:38:13','2026-03-17 09:27:13'),(643,258,54,9,'2026-08-04',1,'Washington U.S. House WA-05 Top-Two Primary','washington-us-house-wa-05-top-two-primary-2026','upcoming',NULL,NULL,NULL,NULL,'Top-two primary election shell for the 2026 U.S. House race in Washington District 5.','2026-03-16 13:38:13','2026-03-17 09:27:13'),(644,285,54,9,'2026-08-04',1,'Washington U.S. House WA-06 Top-Two Primary','washington-us-house-wa-06-top-two-primary-2026','upcoming',NULL,NULL,NULL,NULL,'Top-two primary election shell for the 2026 U.S. House race in Washington District 6.','2026-03-16 13:38:13','2026-03-17 09:27:13'),(645,309,54,9,'2026-08-04',1,'Washington U.S. House WA-07 Top-Two Primary','washington-us-house-wa-07-top-two-primary-2026','upcoming',NULL,NULL,NULL,NULL,'Top-two primary election shell for the 2026 U.S. House race in Washington District 7.','2026-03-16 13:38:13','2026-03-17 09:27:13'),(646,331,54,9,'2026-08-04',1,'Washington U.S. House WA-08 Top-Two Primary','washington-us-house-wa-08-top-two-primary-2026','upcoming',NULL,NULL,NULL,NULL,'Top-two primary election shell for the 2026 U.S. House race in Washington District 8.','2026-03-16 13:38:13','2026-03-17 09:27:13'),(647,349,54,9,'2026-08-04',1,'Washington U.S. House WA-09 Top-Two Primary','washington-us-house-wa-09-top-two-primary-2026','upcoming',NULL,NULL,NULL,NULL,'Top-two primary election shell for the 2026 U.S. House race in Washington District 9.','2026-03-16 13:38:13','2026-03-17 09:27:13'),(648,362,54,9,'2026-08-04',1,'Washington U.S. House WA-10 Top-Two Primary','washington-us-house-wa-10-top-two-primary-2026','upcoming',NULL,NULL,NULL,NULL,'Top-two primary election shell for the 2026 U.S. House race in Washington District 10.','2026-03-16 13:38:13','2026-03-17 09:27:13'),(654,82,22,1,'2026-11-03',1,'Louisiana U.S. House LA-01 Democratic Primary','louisiana-us-house-la-01-democratic-primary-2026','upcoming',NULL,NULL,NULL,NULL,'Closed-party primary election shell for the 2026 Louisiana U.S. House race in District 1.','2026-03-16 13:40:00','2026-03-17 09:27:13'),(655,130,22,1,'2026-11-03',1,'Louisiana U.S. House LA-02 Democratic Primary','louisiana-us-house-la-02-democratic-primary-2026','upcoming',NULL,NULL,NULL,NULL,'Closed-party primary election shell for the 2026 Louisiana U.S. House race in District 2.','2026-03-16 13:40:00','2026-03-17 09:27:13'),(656,172,22,1,'2026-11-03',1,'Louisiana U.S. House LA-03 Democratic Primary','louisiana-us-house-la-03-democratic-primary-2026','upcoming',NULL,NULL,NULL,NULL,'Closed-party primary election shell for the 2026 Louisiana U.S. House race in District 3.','2026-03-16 13:40:00','2026-03-17 09:27:13'),(657,209,22,1,'2026-11-03',1,'Louisiana U.S. House LA-04 Democratic Primary','louisiana-us-house-la-04-democratic-primary-2026','upcoming',NULL,NULL,NULL,NULL,'Closed-party primary election shell for the 2026 Louisiana U.S. House race in District 4.','2026-03-16 13:40:00','2026-03-17 09:27:13'),(658,241,22,1,'2026-11-03',1,'Louisiana U.S. House LA-05 Democratic Primary','louisiana-us-house-la-05-democratic-primary-2026','upcoming',NULL,NULL,NULL,NULL,'Closed-party primary election shell for the 2026 Louisiana U.S. House race in District 5.','2026-03-16 13:40:00','2026-03-17 09:27:13'),(659,269,22,1,'2026-11-03',1,'Louisiana U.S. House LA-06 Democratic Primary','louisiana-us-house-la-06-democratic-primary-2026','upcoming',NULL,NULL,NULL,NULL,'Closed-party primary election shell for the 2026 Louisiana U.S. House race in District 6.','2026-03-16 13:40:00','2026-03-17 09:27:13'),(663,576,11,1,'2026-08-18',1,'Florida U.S. Senate Democratic Primary','florida-us-senate-democratic-primary-2026','upcoming',NULL,NULL,NULL,NULL,'Special primary election shell for the 2026 Florida U.S. Senate special election.','2026-03-16 13:44:08','2026-03-17 09:27:13'),(664,576,10,2,'2026-11-03',1,'Florida U.S. Senate General','florida-us-senate-general-2026','upcoming',NULL,NULL,NULL,NULL,'Special general election shell for the 2026 Florida U.S. Senate special election.','2026-03-16 13:44:08','2026-03-17 09:27:13'),(665,577,40,1,'2026-05-05',1,'Ohio U.S. Senate Democratic Primary','ohio-us-senate-democratic-primary-2026','upcoming',NULL,NULL,NULL,NULL,'Special primary election shell for the 2026 Ohio U.S. Senate special election.','2026-03-16 13:44:08','2026-03-17 09:27:13'),(666,577,39,2,'2026-11-03',1,'Ohio U.S. Senate General','ohio-us-senate-general-2026','upcoming',NULL,NULL,NULL,NULL,'Special general election shell for the 2026 Ohio U.S. Senate special election.','2026-03-16 13:44:08','2026-03-17 09:27:13'),(667,29,49,1,'2026-03-03',1,'Texas U.S. Senate Democratic Primary','texas-us-senate-democratic-primary-2026','upcoming',NULL,NULL,NULL,NULL,'Primary election shell for the 2026 Texas U.S. Senate race.','2026-03-16 13:52:26','2026-03-17 09:27:13'),(668,307,49,1,'2026-03-03',1,'Texas U.S. House TX-07 Democratic Primary','texas-us-house-tx-07-democratic-primary-2026','upcoming',NULL,NULL,NULL,NULL,'Primary election shell for the 2026 Texas U.S. House District 7 race.','2026-03-16 13:55:45','2026-03-17 09:27:13'),(669,465,49,1,'2026-03-03',1,'Texas U.S. House TX-28 Democratic Primary','texas-us-house-tx-28-democratic-primary-2026','upcoming',NULL,NULL,NULL,NULL,'Primary election shell for the 2026 Texas U.S. House District 28 race.','2026-03-16 13:57:59','2026-03-17 09:27:13'),(670,153,49,1,'2026-03-03',1,'Texas U.S. House TX-02 Democratic Primary','texas-us-house-tx-02-democratic-primary-2026','upcoming',NULL,NULL,NULL,NULL,'Primary election shell for the 2026 Texas U.S. House District 2 race.','2026-03-16 13:58:57','2026-03-17 09:27:13'),(671,360,49,1,'2026-03-03',1,'Texas U.S. House TX-10 Democratic Primary','texas-us-house-tx-10-democratic-primary-2026','upcoming',NULL,NULL,NULL,NULL,'Primary election shell for the 2026 Texas U.S. House District 10 race.','2026-03-16 14:04:51','2026-03-17 09:27:13'),(672,107,49,1,'2026-03-03',1,'Texas U.S. House TX-01 Democratic Primary','texas-us-house-tx-01-democratic-primary-2026','upcoming',NULL,NULL,NULL,NULL,'Primary election shell for the 2026 Texas U.S. House District 1 race.','2026-03-16 14:06:52','2026-03-17 09:27:13'),(673,191,49,1,'2026-03-03',1,'Texas U.S. House TX-03 Democratic Primary','texas-us-house-tx-03-democratic-primary-2026','upcoming',NULL,NULL,NULL,NULL,'Primary election shell for the 2026 Texas U.S. House District 3 race.','2026-03-16 14:06:52','2026-03-17 09:27:13'),(674,226,49,1,'2026-03-03',1,'Texas U.S. House TX-04 Democratic Primary','texas-us-house-tx-04-democratic-primary-2026','upcoming',NULL,NULL,NULL,NULL,'Primary election shell for the 2026 Texas U.S. House District 4 race.','2026-03-16 14:06:52','2026-03-17 09:27:13'),(675,256,49,1,'2026-03-03',1,'Texas U.S. House TX-05 Democratic Primary','texas-us-house-tx-05-democratic-primary-2026','upcoming',NULL,NULL,NULL,NULL,'Primary election shell for the 2026 Texas U.S. House District 5 race.','2026-03-16 14:06:52','2026-03-17 09:27:13'),(676,283,49,1,'2026-03-03',1,'Texas U.S. House TX-06 Democratic Primary','texas-us-house-tx-06-democratic-primary-2026','upcoming',NULL,NULL,NULL,NULL,'Primary election shell for the 2026 Texas U.S. House District 6 race.','2026-03-16 14:06:52','2026-03-17 09:27:13'),(677,329,49,1,'2026-03-03',1,'Texas U.S. House TX-08 Democratic Primary','texas-us-house-tx-08-democratic-primary-2026','upcoming',NULL,NULL,NULL,NULL,'Primary election shell for the 2026 Texas U.S. House District 8 race.','2026-03-16 14:06:52','2026-03-17 09:27:13'),(678,347,49,1,'2026-03-03',1,'Texas U.S. House TX-09 Democratic Primary','texas-us-house-tx-09-democratic-primary-2026','upcoming',NULL,NULL,NULL,NULL,'Primary election shell for the 2026 Texas U.S. House District 9 race.','2026-03-16 14:06:52','2026-03-17 09:27:13'),(679,373,49,1,'2026-03-03',1,'Texas U.S. House TX-11 Democratic Primary','texas-us-house-tx-11-democratic-primary-2026','upcoming',NULL,NULL,NULL,NULL,'Primary election shell for the 2026 Texas U.S. House District 11 race.','2026-03-16 14:06:52','2026-03-17 09:27:13'),(680,385,49,1,'2026-03-03',1,'Texas U.S. House TX-12 Democratic Primary','texas-us-house-tx-12-democratic-primary-2026','upcoming',NULL,NULL,NULL,NULL,'Primary election shell for the 2026 Texas U.S. House District 12 race.','2026-03-16 14:06:52','2026-03-17 09:27:13'),(681,395,49,1,'2026-03-03',1,'Texas U.S. House TX-13 Democratic Primary','texas-us-house-tx-13-democratic-primary-2026','upcoming',NULL,NULL,NULL,NULL,'Primary election shell for the 2026 Texas U.S. House District 13 race.','2026-03-16 14:06:52','2026-03-17 09:27:13'),(682,404,49,1,'2026-03-03',1,'Texas U.S. House TX-14 Democratic Primary','texas-us-house-tx-14-democratic-primary-2026','upcoming',NULL,NULL,NULL,NULL,'Primary election shell for the 2026 Texas U.S. House District 14 race.','2026-03-16 14:06:52','2026-03-17 09:27:13'),(683,411,49,1,'2026-03-03',1,'Texas U.S. House TX-15 Democratic Primary','texas-us-house-tx-15-democratic-primary-2026','upcoming',NULL,NULL,NULL,NULL,'Primary election shell for the 2026 Texas U.S. House District 15 race.','2026-03-16 14:06:52','2026-03-17 09:27:13'),(684,417,49,1,'2026-03-03',1,'Texas U.S. House TX-16 Democratic Primary','texas-us-house-tx-16-democratic-primary-2026','upcoming',NULL,NULL,NULL,NULL,'Primary election shell for the 2026 Texas U.S. House District 16 race.','2026-03-16 14:06:52','2026-03-17 09:27:13'),(685,423,49,1,'2026-03-03',1,'Texas U.S. House TX-17 Democratic Primary','texas-us-house-tx-17-democratic-primary-2026','upcoming',NULL,NULL,NULL,NULL,'Primary election shell for the 2026 Texas U.S. House District 17 race.','2026-03-16 14:06:52','2026-03-17 09:27:13'),(686,427,49,1,'2026-03-03',1,'Texas U.S. House TX-18 Democratic Primary','texas-us-house-tx-18-democratic-primary-2026','upcoming',NULL,NULL,NULL,NULL,'Primary election shell for the 2026 Texas U.S. House District 18 race.','2026-03-16 14:06:52','2026-03-17 09:27:13'),(687,431,49,1,'2026-03-03',1,'Texas U.S. House TX-19 Democratic Primary','texas-us-house-tx-19-democratic-primary-2026','upcoming',NULL,NULL,NULL,NULL,'Primary election shell for the 2026 Texas U.S. House District 19 race.','2026-03-16 14:06:52','2026-03-17 09:27:13'),(688,435,49,1,'2026-03-03',1,'Texas U.S. House TX-20 Democratic Primary','texas-us-house-tx-20-democratic-primary-2026','upcoming',NULL,NULL,NULL,NULL,'Primary election shell for the 2026 Texas U.S. House District 20 race.','2026-03-16 14:06:52','2026-03-17 09:27:13'),(689,439,49,1,'2026-03-03',1,'Texas U.S. House TX-21 Democratic Primary','texas-us-house-tx-21-democratic-primary-2026','upcoming',NULL,NULL,NULL,NULL,'Primary election shell for the 2026 Texas U.S. House District 21 race.','2026-03-16 14:06:52','2026-03-17 09:27:13'),(690,443,49,1,'2026-03-03',1,'Texas U.S. House TX-22 Democratic Primary','texas-us-house-tx-22-democratic-primary-2026','upcoming',NULL,NULL,NULL,NULL,'Primary election shell for the 2026 Texas U.S. House District 22 race.','2026-03-16 14:06:52','2026-03-17 09:27:13'),(691,447,49,1,'2026-03-03',1,'Texas U.S. House TX-23 Democratic Primary','texas-us-house-tx-23-democratic-primary-2026','upcoming',NULL,NULL,NULL,NULL,'Primary election shell for the 2026 Texas U.S. House District 23 race.','2026-03-16 14:06:52','2026-03-17 09:27:13'),(692,451,49,1,'2026-03-03',1,'Texas U.S. House TX-24 Democratic Primary','texas-us-house-tx-24-democratic-primary-2026','upcoming',NULL,NULL,NULL,NULL,'Primary election shell for the 2026 Texas U.S. House District 24 race.','2026-03-16 14:06:52','2026-03-17 09:27:13'),(693,455,49,1,'2026-03-03',1,'Texas U.S. House TX-25 Democratic Primary','texas-us-house-tx-25-democratic-primary-2026','upcoming',NULL,NULL,NULL,NULL,'Primary election shell for the 2026 Texas U.S. House District 25 race.','2026-03-16 14:06:52','2026-03-17 09:27:13'),(694,459,49,1,'2026-03-03',1,'Texas U.S. House TX-26 Democratic Primary','texas-us-house-tx-26-democratic-primary-2026','upcoming',NULL,NULL,NULL,NULL,'Primary election shell for the 2026 Texas U.S. House District 26 race.','2026-03-16 14:06:52','2026-03-17 09:27:13'),(695,462,49,1,'2026-03-03',1,'Texas U.S. House TX-27 Democratic Primary','texas-us-house-tx-27-democratic-primary-2026','upcoming',NULL,NULL,NULL,NULL,'Primary election shell for the 2026 Texas U.S. House District 27 race.','2026-03-16 14:06:52','2026-03-17 09:27:13'),(696,467,49,1,'2026-03-03',1,'Texas U.S. House TX-29 Democratic Primary','texas-us-house-tx-29-democratic-primary-2026','upcoming',NULL,NULL,NULL,NULL,'Primary election shell for the 2026 Texas U.S. House District 29 race.','2026-03-16 14:06:52','2026-03-17 09:27:13'),(697,469,49,1,'2026-03-03',1,'Texas U.S. House TX-30 Democratic Primary','texas-us-house-tx-30-democratic-primary-2026','upcoming',NULL,NULL,NULL,NULL,'Primary election shell for the 2026 Texas U.S. House District 30 race.','2026-03-16 14:06:52','2026-03-17 09:27:13'),(698,471,49,1,'2026-03-03',1,'Texas U.S. House TX-31 Democratic Primary','texas-us-house-tx-31-democratic-primary-2026','upcoming',NULL,NULL,NULL,NULL,'Primary election shell for the 2026 Texas U.S. House District 31 race.','2026-03-16 14:06:52','2026-03-17 09:27:13'),(699,473,49,1,'2026-03-03',1,'Texas U.S. House TX-32 Democratic Primary','texas-us-house-tx-32-democratic-primary-2026','upcoming',NULL,NULL,NULL,NULL,'Primary election shell for the 2026 Texas U.S. House District 32 race.','2026-03-16 14:06:52','2026-03-17 09:27:13'),(700,475,49,1,'2026-03-03',1,'Texas U.S. House TX-33 Democratic Primary','texas-us-house-tx-33-democratic-primary-2026','upcoming',NULL,NULL,NULL,NULL,'Primary election shell for the 2026 Texas U.S. House District 33 race.','2026-03-16 14:06:52','2026-03-17 09:27:13'),(701,477,49,1,'2026-03-03',1,'Texas U.S. House TX-34 Democratic Primary','texas-us-house-tx-34-democratic-primary-2026','upcoming',NULL,NULL,NULL,NULL,'Primary election shell for the 2026 Texas U.S. House District 34 race.','2026-03-16 14:06:52','2026-03-17 09:27:13'),(702,479,49,1,'2026-03-03',1,'Texas U.S. House TX-35 Democratic Primary','texas-us-house-tx-35-democratic-primary-2026','upcoming',NULL,NULL,NULL,NULL,'Primary election shell for the 2026 Texas U.S. House District 35 race.','2026-03-16 14:06:52','2026-03-17 09:27:13'),(703,481,49,1,'2026-03-03',1,'Texas U.S. House TX-36 Democratic Primary','texas-us-house-tx-36-democratic-primary-2026','upcoming',NULL,NULL,NULL,NULL,'Primary election shell for the 2026 Texas U.S. House District 36 race.','2026-03-16 14:06:52','2026-03-17 09:27:13'),(704,483,49,1,'2026-03-03',1,'Texas U.S. House TX-37 Democratic Primary','texas-us-house-tx-37-democratic-primary-2026','upcoming',NULL,NULL,NULL,NULL,'Primary election shell for the 2026 Texas U.S. House District 37 race.','2026-03-16 14:06:52','2026-03-17 09:27:13'),(705,485,49,1,'2026-03-03',1,'Texas U.S. House TX-38 Democratic Primary','texas-us-house-tx-38-democratic-primary-2026','upcoming',NULL,NULL,NULL,NULL,'Primary election shell for the 2026 Texas U.S. House District 38 race.','2026-03-16 14:06:52','2026-03-17 09:27:13'),(735,77,17,1,'2026-03-17',1,'Illinois U.S. House IL-01 Democratic Primary','illinois-us-house-il-01-democratic-primary-2026','upcoming',NULL,NULL,NULL,NULL,'Primary election shell for the 2026 Illinois U.S. House District 1 race.','2026-03-16 15:42:51','2026-03-17 09:27:13'),(736,125,17,1,'2026-03-17',1,'Illinois U.S. House IL-02 Democratic Primary','illinois-us-house-il-02-democratic-primary-2026','upcoming',NULL,NULL,NULL,NULL,'Primary election shell for the 2026 Illinois U.S. House District 2 race.','2026-03-16 15:42:51','2026-03-17 09:27:13'),(737,167,17,1,'2026-03-17',1,'Illinois U.S. House IL-03 Democratic Primary','illinois-us-house-il-03-democratic-primary-2026','upcoming',NULL,NULL,NULL,NULL,'Primary election shell for the 2026 Illinois U.S. House District 3 race.','2026-03-16 15:42:51','2026-03-17 09:27:13'),(738,204,17,1,'2026-03-17',1,'Illinois U.S. House IL-04 Democratic Primary','illinois-us-house-il-04-democratic-primary-2026','upcoming',NULL,NULL,NULL,NULL,'Primary election shell for the 2026 Illinois U.S. House District 4 race.','2026-03-16 15:42:51','2026-03-17 09:27:13'),(739,238,17,1,'2026-03-17',1,'Illinois U.S. House IL-05 Democratic Primary','illinois-us-house-il-05-democratic-primary-2026','upcoming',NULL,NULL,NULL,NULL,'Primary election shell for the 2026 Illinois U.S. House District 5 race.','2026-03-16 15:42:51','2026-03-17 09:27:13'),(740,266,17,1,'2026-03-17',1,'Illinois U.S. House IL-06 Democratic Primary','illinois-us-house-il-06-democratic-primary-2026','upcoming',NULL,NULL,NULL,NULL,'Primary election shell for the 2026 Illinois U.S. House District 6 race.','2026-03-16 15:42:51','2026-03-17 09:27:13'),(741,293,17,1,'2026-03-17',1,'Illinois U.S. House IL-07 Democratic Primary','illinois-us-house-il-07-democratic-primary-2026','upcoming',NULL,NULL,NULL,NULL,'Primary election shell for the 2026 Illinois U.S. House District 7 race.','2026-03-16 15:42:51','2026-03-17 09:27:13'),(742,316,17,1,'2026-03-17',1,'Illinois U.S. House IL-08 Democratic Primary','illinois-us-house-il-08-democratic-primary-2026','upcoming',NULL,NULL,NULL,NULL,'Primary election shell for the 2026 Illinois U.S. House District 8 race.','2026-03-16 15:42:51','2026-03-17 09:27:13'),(743,337,17,1,'2026-03-17',1,'Illinois U.S. House IL-09 Democratic Primary','illinois-us-house-il-09-democratic-primary-2026','upcoming',NULL,NULL,NULL,NULL,'Primary election shell for the 2026 Illinois U.S. House District 9 race.','2026-03-16 15:42:51','2026-03-17 09:27:13'),(744,353,17,1,'2026-03-17',1,'Illinois U.S. House IL-10 Democratic Primary','illinois-us-house-il-10-democratic-primary-2026','upcoming',NULL,NULL,NULL,NULL,'Primary election shell for the 2026 Illinois U.S. House District 10 race.','2026-03-16 15:42:51','2026-03-17 09:27:13'),(745,366,17,1,'2026-03-17',1,'Illinois U.S. House IL-11 Democratic Primary','illinois-us-house-il-11-democratic-primary-2026','upcoming',NULL,NULL,NULL,NULL,'Primary election shell for the 2026 Illinois U.S. House District 11 race.','2026-03-16 15:42:51','2026-03-17 09:27:13'),(746,378,17,1,'2026-03-17',1,'Illinois U.S. House IL-12 Democratic Primary','illinois-us-house-il-12-democratic-primary-2026','upcoming',NULL,NULL,NULL,NULL,'Primary election shell for the 2026 Illinois U.S. House District 12 race.','2026-03-16 15:42:51','2026-03-17 09:27:13'),(747,389,17,1,'2026-03-17',1,'Illinois U.S. House IL-13 Democratic Primary','illinois-us-house-il-13-democratic-primary-2026','upcoming',NULL,NULL,NULL,NULL,'Primary election shell for the 2026 Illinois U.S. House District 13 race.','2026-03-16 15:42:51','2026-03-17 09:27:13'),(748,399,17,1,'2026-03-17',1,'Illinois U.S. House IL-14 Democratic Primary','illinois-us-house-il-14-democratic-primary-2026','upcoming',NULL,NULL,NULL,NULL,'Primary election shell for the 2026 Illinois U.S. House District 14 race.','2026-03-16 15:42:51','2026-03-17 09:27:13'),(749,407,17,1,'2026-03-17',1,'Illinois U.S. House IL-15 Democratic Primary','illinois-us-house-il-15-democratic-primary-2026','upcoming',NULL,NULL,NULL,NULL,'Primary election shell for the 2026 Illinois U.S. House District 15 race.','2026-03-16 15:42:51','2026-03-17 09:27:13'),(750,414,17,1,'2026-03-17',1,'Illinois U.S. House IL-16 Democratic Primary','illinois-us-house-il-16-democratic-primary-2026','upcoming',NULL,NULL,NULL,NULL,'Primary election shell for the 2026 Illinois U.S. House District 16 race.','2026-03-16 15:42:51','2026-03-17 09:27:13'),(751,420,17,1,'2026-03-17',1,'Illinois U.S. House IL-17 Democratic Primary','illinois-us-house-il-17-democratic-primary-2026','upcoming',NULL,NULL,NULL,NULL,'Primary election shell for the 2026 Illinois U.S. House District 17 race.','2026-03-16 15:42:51','2026-03-17 09:27:13');
INSERT INTO `candidates` (`candidate_id`, `full_name`, `slug`, `first_name`, `middle_name`, `last_name`, `suffix`, `preferred_name`, `party_code`, `party_name`, `website_url`, `ballotpedia_url`, `wikipedia_url`, `x_url`, `instagram_url`, `facebook_url`, `youtube_url`, `image_url`, `short_bio`, `summary_public`, `status`, `score_total`, `green_flag_count`, `red_flag_count`, `created_at`, `updated_at`) VALUES (445,'Richard Boykin','richard-boykin',NULL,NULL,NULL,NULL,NULL,NULL,NULL,NULL,NULL,NULL,NULL,NULL,NULL,NULL,NULL,NULL,NULL,'active',11.00,3,0,'2026-03-17 15:46:17','2026-03-17 16:16:58'),(446,'Kina Collins','kina-collins',NULL,NULL,NULL,NULL,NULL,NULL,NULL,NULL,NULL,NULL,NULL,NULL,NULL,NULL,NULL,NULL,NULL,'active',23.00,5,0,'2026-03-17 15:46:17','2026-03-17 16:10:59'),(447,'Melissa Conyears-Ervin','melissa-conyears-ervin',NULL,NULL,NULL,NULL,NULL,NULL,NULL,NULL,NULL,NULL,NULL,NULL,NULL,NULL,NULL,NULL,NULL,'active',-4.00,0,1,'2026-03-17 15:46:17','2026-03-17 15:49:42'),(448,'Anthony Driver Jr.','anthony-driver-jr',NULL,NULL,NULL,NULL,NULL,NULL,NULL,NULL,NULL,NULL,NULL,NULL,NULL,NULL,NULL,NULL,NULL,'active',5.00,1,0,'2026-03-17 15:46:17','2026-03-17 16:02:12'),(449,'David Ehrlich','david-ehrlich',NULL,NULL,NULL,NULL,NULL,NULL,NULL,NULL,NULL,NULL,NULL,NULL,NULL,NULL,NULL,NULL,NULL,'active',0.00,0,0,'2026-03-17 15:46:17','2026-03-17 15:46:17'),(450,'Thomas Fisher','thomas-fisher',NULL,NULL,NULL,NULL,NULL,NULL,NULL,NULL,NULL,NULL,NULL,NULL,NULL,NULL,NULL,NULL,NULL,'active',0.00,0,0,'2026-03-17 15:46:17','2026-03-17 15:46:17'),(451,'La Shawn Ford','la-shawn-ford',NULL,NULL,NULL,NULL,NULL,NULL,NULL,NULL,NULL,NULL,NULL,NULL,NULL,NULL,NULL,NULL,NULL,'active',11.00,3,0,'2026-03-17 15:46:17','2026-03-17 16:16:58'),(452,'Jason Friedman','jason-friedman',NULL,NULL,NULL,NULL,NULL,NULL,NULL,NULL,NULL,NULL,NULL,NULL,NULL,NULL,NULL,NULL,NULL,'active',0.00,0,0,'2026-03-17 15:46:17','2026-03-17 15:46:17'),(453,'Rory Hoskins','rory-hoskins',NULL,NULL,NULL,NULL,NULL,NULL,NULL,NULL,NULL,NULL,NULL,NULL,NULL,NULL,NULL,NULL,NULL,'active',0.00,0,0,'2026-03-17 15:46:17','2026-03-17 15:46:17'),(454,'Anabel Mendoza','anabel-mendoza',NULL,NULL,NULL,NULL,NULL,NULL,NULL,NULL,NULL,NULL,NULL,NULL,NULL,NULL,NULL,NULL,NULL,'active',3.00,1,0,'2026-03-17 15:46:17','2026-03-17 15:57:49'),(455,'Jazmin Robinson','jazmin-robinson',NULL,NULL,NULL,NULL,NULL,NULL,NULL,NULL,NULL,NULL,NULL,NULL,NULL,NULL,NULL,NULL,NULL,'active',3.00,1,0,'2026-03-17 15:46:17','2026-03-17 15:57:49'),(456,'Reed Showalter','reed-showalter',NULL,NULL,NULL,NULL,NULL,NULL,NULL,NULL,NULL,NULL,NULL,NULL,NULL,NULL,NULL,NULL,NULL,'active',0.00,0,0,'2026-03-17 15:46:17','2026-03-17 15:46:17'),(457,'Felix Tello','felix-tello',NULL,NULL,NULL,NULL,NULL,NULL,NULL,NULL,NULL,NULL,NULL,NULL,NULL,NULL,NULL,NULL,NULL,'active',0.00,0,0,'2026-03-17 15:46:17','2026-03-17 15:46:17'),(458,'Nikki Budzinski','nikki-budzinski',NULL,NULL,NULL,NULL,NULL,NULL,NULL,NULL,NULL,NULL,NULL,NULL,NULL,NULL,NULL,NULL,NULL,'active',20.00,5,0,'2026-03-17 15:46:17','2026-03-17 16:12:36'),(459,'Dylan Blaha','dylan-blaha',NULL,NULL,NULL,NULL,NULL,NULL,NULL,NULL,NULL,NULL,NULL,NULL,NULL,NULL,NULL,NULL,NULL,'active',4.00,1,0,'2026-03-17 15:46:17','2026-03-17 15:49:42'),(460,'J.B. Pritzker','jb-pritzker',NULL,NULL,NULL,NULL,NULL,NULL,NULL,NULL,NULL,NULL,NULL,NULL,NULL,NULL,NULL,NULL,NULL,'active',0.00,0,0,'2026-03-17 16:27:21','2026-03-17 16:27:21'),(461,'Steve Botsford Jr.','steve-botsford-jr',NULL,NULL,NULL,NULL,NULL,NULL,NULL,NULL,NULL,NULL,NULL,NULL,NULL,NULL,NULL,NULL,NULL,'active',0.00,0,0,'2026-03-17 16:27:21','2026-03-17 16:27:21'),(462,'Sean Brown','sean-brown',NULL,NULL,NULL,NULL,NULL,NULL,NULL,NULL,NULL,NULL,NULL,NULL,NULL,NULL,NULL,NULL,NULL,'active',0.00,0,0,'2026-03-17 16:27:21','2026-03-17 16:27:21'),(463,'Awisi Bustos','awisi-bustos',NULL,NULL,NULL,NULL,NULL,NULL,NULL,NULL,NULL,NULL,NULL,NULL,NULL,NULL,NULL,NULL,NULL,'active',0.00,0,0,'2026-03-17 16:27:21','2026-03-17 16:27:21'),(464,'Jonathan Dean','jonathan-dean',NULL,NULL,NULL,NULL,NULL,NULL,NULL,NULL,NULL,NULL,NULL,NULL,NULL,NULL,NULL,NULL,NULL,'active',0.00,0,0,'2026-03-17 16:27:21','2026-03-17 16:27:21'),(465,'Robin Kelly','robin-kelly',NULL,NULL,NULL,NULL,NULL,NULL,NULL,NULL,NULL,NULL,NULL,NULL,NULL,NULL,NULL,NULL,NULL,'active',0.00,0,0,'2026-03-17 16:27:21','2026-03-17 16:27:21'),(466,'Raja Krishnamoorthi','raja-krishnamoorthi',NULL,NULL,NULL,NULL,NULL,NULL,NULL,NULL,NULL,NULL,NULL,NULL,NULL,NULL,NULL,NULL,NULL,'active',0.00,0,0,'2026-03-17 16:27:21','2026-03-17 16:27:21'),(467,'Bryan Maxwell','bryan-maxwell',NULL,NULL,NULL,NULL,NULL,NULL,NULL,NULL,NULL,NULL,NULL,NULL,NULL,NULL,NULL,NULL,NULL,'active',0.00,0,0,'2026-03-17 16:27:21','2026-03-17 16:27:21'),(468,'Kevin Ryan','kevin-ryan',NULL,NULL,NULL,NULL,NULL,NULL,NULL,NULL,NULL,NULL,NULL,NULL,NULL,NULL,NULL,NULL,NULL,'active',0.00,0,0,'2026-03-17 16:27:21','2026-03-17 16:27:21'),(469,'Juliana Stratton','juliana-stratton',NULL,NULL,NULL,NULL,NULL,NULL,NULL,NULL,NULL,NULL,NULL,NULL,NULL,NULL,NULL,NULL,NULL,'active',0.00,0,0,'2026-03-17 16:27:21','2026-03-17 16:27:21'),(470,'Christopher Swann','christopher-swann',NULL,NULL,NULL,NULL,NULL,NULL,NULL,NULL,NULL,NULL,NULL,NULL,NULL,NULL,NULL,NULL,NULL,'active',0.00,0,0,'2026-03-17 16:27:21','2026-03-17 16:27:21'),(471,'Jonathan Jackson','jonathan-jackson',NULL,NULL,NULL,NULL,NULL,NULL,NULL,NULL,NULL,NULL,NULL,NULL,NULL,NULL,NULL,NULL,NULL,'active',0.00,0,0,'2026-03-17 16:27:21','2026-03-17 16:27:21'),(472,'Donna Miller','donna-miller',NULL,NULL,NULL,NULL,NULL,NULL,NULL,NULL,NULL,NULL,NULL,NULL,NULL,NULL,NULL,NULL,NULL,'active',0.00,0,0,'2026-03-17 16:27:21','2026-03-17 16:27:21'),(473,'Eric France','eric-france',NULL,NULL,NULL,NULL,NULL,NULL,NULL,NULL,NULL,NULL,NULL,NULL,NULL,NULL,NULL,NULL,NULL,'active',0.00,0,0,'2026-03-17 16:27:21','2026-03-17 16:27:21'),(474,'Jesse L. Jackson, Jr.','jesse-l-jackson-jr',NULL,NULL,NULL,NULL,NULL,NULL,NULL,NULL,NULL,NULL,NULL,NULL,NULL,NULL,NULL,NULL,NULL,'active',0.00,0,0,'2026-03-17 16:27:21','2026-03-17 16:27:21'),(475,'Toni Brown','toni-brown',NULL,NULL,NULL,NULL,NULL,NULL,NULL,NULL,NULL,NULL,NULL,NULL,NULL,NULL,NULL,NULL,NULL,'active',0.00,0,0,'2026-03-17 16:27:21','2026-03-17 16:27:21'),(476,'Yumeka Brown','yumeka-brown',NULL,NULL,NULL,NULL,NULL,NULL,NULL,NULL,NULL,NULL,NULL,NULL,NULL,NULL,NULL,NULL,NULL,'active',0.00,0,0,'2026-03-17 16:27:21','2026-03-17 16:27:21'),(477,'Delia Ramirez','delia-ramirez',NULL,NULL,NULL,NULL,NULL,NULL,NULL,NULL,NULL,NULL,NULL,NULL,NULL,NULL,NULL,NULL,NULL,'active',0.00,0,0,'2026-03-17 16:27:21','2026-03-17 16:27:21'),(478,'Patty Garcia','patty-garcia',NULL,NULL,NULL,NULL,NULL,NULL,NULL,NULL,NULL,NULL,NULL,NULL,NULL,NULL,NULL,NULL,NULL,'active',0.00,0,0,'2026-03-17 16:27:21','2026-03-17 16:27:21'),(479,'Mike Quigley','mike-quigley',NULL,NULL,NULL,NULL,NULL,NULL,NULL,NULL,NULL,NULL,NULL,NULL,NULL,NULL,NULL,NULL,NULL,'active',0.00,0,0,'2026-03-17 16:27:21','2026-03-17 16:27:21'),(480,'Matthew Conroy','matthew-conroy',NULL,NULL,NULL,NULL,NULL,NULL,NULL,NULL,NULL,NULL,NULL,NULL,NULL,NULL,NULL,NULL,NULL,'active',0.00,0,0,'2026-03-17 16:27:21','2026-03-17 16:27:21'),(481,'Ellen Corley','ellen-corley',NULL,NULL,NULL,NULL,NULL,NULL,NULL,NULL,NULL,NULL,NULL,NULL,NULL,NULL,NULL,NULL,NULL,'active',0.00,0,0,'2026-03-17 16:27:21','2026-03-17 16:27:21'),(482,'Anthony Michael Tamez','anthony-michael-tamez',NULL,NULL,NULL,NULL,NULL,NULL,NULL,NULL,NULL,NULL,NULL,NULL,NULL,NULL,NULL,NULL,NULL,'active',0.00,0,0,'2026-03-17 16:27:21','2026-03-17 16:27:21'),(483,'Sean Casten','sean-casten',NULL,NULL,NULL,NULL,NULL,NULL,NULL,NULL,NULL,NULL,NULL,NULL,NULL,NULL,NULL,NULL,NULL,'active',0.00,0,0,'2026-03-17 16:27:21','2026-03-17 16:27:21'),(484,'Joey Ruzevich','joey-ruzevich',NULL,NULL,NULL,NULL,NULL,NULL,NULL,NULL,NULL,NULL,NULL,NULL,NULL,NULL,NULL,NULL,NULL,'active',0.00,0,0,'2026-03-17 16:27:21','2026-03-17 16:27:21'),(485,'Junaid Ahmed','junaid-ahmed',NULL,NULL,NULL,NULL,NULL,NULL,NULL,NULL,NULL,NULL,NULL,NULL,NULL,NULL,NULL,NULL,NULL,'active',0.00,0,0,'2026-03-17 16:27:21','2026-03-17 16:27:21'),(486,'Yasmeen Bankole','yasmeen-bankole',NULL,NULL,NULL,NULL,NULL,NULL,NULL,NULL,NULL,NULL,NULL,NULL,NULL,NULL,NULL,NULL,NULL,'active',0.00,0,0,'2026-03-17 16:27:21','2026-03-17 16:27:21'),(487,'Melissa Bean','melissa-bean',NULL,NULL,NULL,NULL,NULL,NULL,NULL,NULL,NULL,NULL,NULL,NULL,NULL,NULL,NULL,NULL,NULL,'active',0.00,0,0,'2026-03-17 16:27:21','2026-03-17 16:27:21'),(488,'Kat Abughazaleh','kat-abughazaleh',NULL,NULL,NULL,NULL,NULL,NULL,NULL,NULL,NULL,NULL,NULL,NULL,NULL,NULL,NULL,NULL,NULL,'active',0.00,0,0,'2026-03-17 16:27:21','2026-03-17 16:27:21'),(489,'Bushra Amiwala','bushra-amiwala',NULL,NULL,NULL,NULL,NULL,NULL,NULL,NULL,NULL,NULL,NULL,NULL,NULL,NULL,NULL,NULL,NULL,'active',0.00,0,0,'2026-03-17 16:27:21','2026-03-17 16:27:21'),(490,'Phil Andrew','phil-andrew',NULL,NULL,NULL,NULL,NULL,NULL,NULL,NULL,NULL,NULL,NULL,NULL,NULL,NULL,NULL,NULL,NULL,'active',0.00,0,0,'2026-03-17 16:27:21','2026-03-17 16:27:21'),(491,'Daniel K. Biss','daniel-k-biss',NULL,NULL,NULL,NULL,NULL,NULL,NULL,NULL,NULL,NULL,NULL,NULL,NULL,NULL,NULL,NULL,NULL,'active',0.00,0,0,'2026-03-17 16:27:21','2026-03-17 16:27:21'),(492,'Patricia Brown','patricia-brown',NULL,NULL,NULL,NULL,NULL,NULL,NULL,NULL,NULL,NULL,NULL,NULL,NULL,NULL,NULL,NULL,NULL,'active',0.00,0,0,'2026-03-17 16:27:21','2026-03-17 16:27:21'),(493,'Jeff Cohen','jeff-cohen',NULL,NULL,NULL,NULL,NULL,NULL,NULL,NULL,NULL,NULL,NULL,NULL,NULL,NULL,NULL,NULL,NULL,'active',0.00,0,0,'2026-03-17 16:27:21','2026-03-17 16:27:21'),(494,'Laura Fine','laura-fine',NULL,NULL,NULL,NULL,NULL,NULL,NULL,NULL,NULL,NULL,NULL,NULL,NULL,NULL,NULL,NULL,NULL,'active',0.00,0,0,'2026-03-17 16:27:21','2026-03-17 16:27:21'),(495,'Justin Ford','justin-ford',NULL,NULL,NULL,NULL,NULL,NULL,NULL,NULL,NULL,NULL,NULL,NULL,NULL,NULL,NULL,NULL,NULL,'active',0.00,0,0,'2026-03-17 16:27:21','2026-03-17 16:27:21'),(496,'Mark Fredrickson','mark-fredrickson',NULL,NULL,NULL,NULL,NULL,NULL,NULL,NULL,NULL,NULL,NULL,NULL,NULL,NULL,NULL,NULL,NULL,'active',0.00,0,0,'2026-03-17 16:27:21','2026-03-17 16:27:21'),(497,'Hoan Huynh','hoan-huynh',NULL,NULL,NULL,NULL,NULL,NULL,NULL,NULL,NULL,NULL,NULL,NULL,NULL,NULL,NULL,NULL,NULL,'active',0.00,0,0,'2026-03-17 16:27:21','2026-03-17 16:27:21'),(498,'Bethany Johnson','bethany-johnson',NULL,NULL,NULL,NULL,NULL,NULL,NULL,NULL,NULL,NULL,NULL,NULL,NULL,NULL,NULL,NULL,NULL,'active',0.00,0,0,'2026-03-17 16:27:21','2026-03-17 16:27:21'),(499,'Sam Polan','sam-polan',NULL,NULL,NULL,NULL,NULL,NULL,NULL,NULL,NULL,NULL,NULL,NULL,NULL,NULL,NULL,NULL,NULL,'active',0.00,0,0,'2026-03-17 16:27:21','2026-03-17 16:27:21'),(500,'Nick Pyati','nick-pyati',NULL,NULL,NULL,NULL,NULL,NULL,NULL,NULL,NULL,NULL,NULL,NULL,NULL,NULL,NULL,NULL,NULL,'active',0.00,0,0,'2026-03-17 16:27:21','2026-03-17 16:27:21'),(501,'Howard Rosenblum','howard-rosenblum',NULL,NULL,NULL,NULL,NULL,NULL,NULL,NULL,NULL,NULL,NULL,NULL,NULL,NULL,NULL,NULL,NULL,'active',0.00,0,0,'2026-03-17 16:27:21','2026-03-17 16:27:21'),(502,'Mike Simmons','mike-simmons',NULL,NULL,NULL,NULL,NULL,NULL,NULL,NULL,NULL,NULL,NULL,NULL,NULL,NULL,NULL,NULL,NULL,'active',0.00,0,0,'2026-03-17 16:27:21','2026-03-17 16:27:21'),(503,'Brad Schneider','brad-schneider',NULL,NULL,NULL,NULL,NULL,NULL,NULL,NULL,NULL,NULL,NULL,NULL,NULL,NULL,NULL,NULL,NULL,'active',0.00,0,0,'2026-03-17 16:27:21','2026-03-17 16:27:21'),(504,'Morgan Coghill','morgan-coghill',NULL,NULL,NULL,NULL,NULL,NULL,NULL,NULL,NULL,NULL,NULL,NULL,NULL,NULL,NULL,NULL,NULL,'active',0.00,0,0,'2026-03-17 16:27:21','2026-03-17 16:27:21'),(505,'Bill Foster','bill-foster',NULL,NULL,NULL,NULL,NULL,NULL,NULL,NULL,NULL,NULL,NULL,NULL,NULL,NULL,NULL,NULL,NULL,'active',0.00,0,0,'2026-03-17 16:27:21','2026-03-17 16:27:21'),(506,'Julie Fortier','julie-fortier',NULL,NULL,NULL,NULL,NULL,NULL,NULL,NULL,NULL,NULL,NULL,NULL,NULL,NULL,NULL,NULL,NULL,'active',0.00,0,0,'2026-03-17 16:27:21','2026-03-17 16:27:21'),(507,'Lauren Underwood','lauren-underwood',NULL,NULL,NULL,NULL,NULL,NULL,NULL,NULL,NULL,NULL,NULL,NULL,NULL,NULL,NULL,NULL,NULL,'active',0.00,0,0,'2026-03-17 16:27:21','2026-03-17 16:27:21'),(508,'Paul Davis','paul-davis',NULL,NULL,NULL,NULL,NULL,NULL,NULL,NULL,NULL,NULL,NULL,NULL,NULL,NULL,NULL,NULL,NULL,'active',0.00,0,0,'2026-03-17 16:27:21','2026-03-17 16:27:21'),(509,'Kyle Nudo','kyle-nudo',NULL,NULL,NULL,NULL,NULL,NULL,NULL,NULL,NULL,NULL,NULL,NULL,NULL,NULL,NULL,NULL,NULL,'active',0.00,0,0,'2026-03-17 16:27:21','2026-03-17 16:27:21'),(510,'Randy Raley','randy-raley',NULL,NULL,NULL,NULL,NULL,NULL,NULL,NULL,NULL,NULL,NULL,NULL,NULL,NULL,NULL,NULL,NULL,'active',0.00,0,0,'2026-03-17 16:27:21','2026-03-17 16:27:21'),(511,'Jennifer Todd','jennifer-todd',NULL,NULL,NULL,NULL,NULL,NULL,NULL,NULL,NULL,NULL,NULL,NULL,NULL,NULL,NULL,NULL,NULL,'active',0.00,0,0,'2026-03-17 16:27:21','2026-03-17 16:27:21'),(512,'Paul Nolley','paul-nolley',NULL,NULL,NULL,NULL,NULL,NULL,NULL,NULL,NULL,NULL,NULL,NULL,NULL,NULL,NULL,NULL,NULL,'active',0.00,0,0,'2026-03-17 16:27:21','2026-03-17 16:27:21'),(513,'Eric Sorensen','eric-sorensen',NULL,NULL,NULL,NULL,NULL,NULL,NULL,NULL,NULL,NULL,NULL,NULL,NULL,NULL,NULL,NULL,NULL,'active',0.00,0,0,'2026-03-17 16:27:21','2026-03-17 16:27:21');
INSERT INTO `election_candidates` (`election_candidate_id`, `election_id`, `candidate_id`, `ballot_name`, `party_code`, `filing_status`, `ballot_status`, `result_status`, `is_incumbent`, `is_major_candidate`, `sort_order`, `vote_count`, `vote_percent`, `notes_public`, `created_at`, `updated_at`) VALUES (445,741,445,'Richard Boykin','DEM','qualified','on_ballot','pending',0,0,10,NULL,NULL,NULL,'2026-03-17 15:46:18','2026-03-17 15:46:18'),(446,741,446,'Kina Collins','DEM','qualified','on_ballot','pending',0,1,20,NULL,NULL,NULL,'2026-03-17 15:46:18','2026-03-17 15:46:18'),(447,741,447,'Melissa Conyears-Ervin','DEM','qualified','on_ballot','pending',0,1,30,NULL,NULL,NULL,'2026-03-17 15:46:18','2026-03-17 15:46:18'),(448,741,448,'Anthony Driver Jr.','DEM','qualified','on_ballot','pending',0,0,40,NULL,NULL,NULL,'2026-03-17 15:46:18','2026-03-17 15:46:18'),(449,741,449,'David Ehrlich','DEM','qualified','on_ballot','pending',0,0,50,NULL,NULL,NULL,'2026-03-17 15:46:18','2026-03-17 15:46:18'),(450,741,450,'Thomas Fisher','DEM','qualified','on_ballot','pending',0,0,60,NULL,NULL,NULL,'2026-03-17 15:46:18','2026-03-17 15:46:18'),(451,741,451,'La Shawn Ford','DEM','qualified','on_ballot','pending',0,1,70,NULL,NULL,NULL,'2026-03-17 15:46:18','2026-03-17 15:46:18'),(452,741,452,'Jason Friedman','DEM','qualified','on_ballot','pending',0,0,80,NULL,NULL,NULL,'2026-03-17 15:46:18','2026-03-17 15:46:18'),(453,741,453,'Rory Hoskins','DEM','qualified','on_ballot','pending',0,0,90,NULL,NULL,NULL,'2026-03-17 15:46:18','2026-03-17 15:46:18'),(454,741,454,'Anabel Mendoza','DEM','qualified','on_ballot','pending',0,0,100,NULL,NULL,NULL,'2026-03-17 15:46:18','2026-03-17 15:46:18'),(455,741,455,'Jazmin Robinson','DEM','qualified','on_ballot','pending',0,0,110,NULL,NULL,NULL,'2026-03-17 15:46:18','2026-03-17 15:46:18'),(456,741,456,'Reed Showalter','DEM','qualified','on_ballot','pending',0,0,120,NULL,NULL,NULL,'2026-03-17 15:46:18','2026-03-17 15:46:18'),(457,741,457,'Felix Tello','DEM','qualified','on_ballot','pending',0,0,130,NULL,NULL,NULL,'2026-03-17 15:46:18','2026-03-17 15:46:18'),(458,747,458,'Nikki Budzinski','DEM','qualified','on_ballot','pending',1,1,10,NULL,NULL,NULL,'2026-03-17 15:46:18','2026-03-17 15:46:18'),(459,747,459,'Dylan Blaha','DEM','qualified','on_ballot','pending',0,0,20,NULL,NULL,NULL,'2026-03-17 15:46:18','2026-03-17 15:46:18'),(460,735,471,'Jonathan Jackson','DEM','qualified','on_ballot','pending',1,1,10,NULL,NULL,NULL,'2026-03-17 16:27:22','2026-03-17 16:27:22'),(461,736,472,'Donna Miller','DEM','qualified','on_ballot','pending',0,1,10,NULL,NULL,NULL,'2026-03-17 16:27:22','2026-03-17 16:27:22'),(462,736,473,'Eric France','DEM','qualified','on_ballot','pending',0,0,20,NULL,NULL,NULL,'2026-03-17 16:27:22','2026-03-17 16:27:22'),(463,736,474,'Jesse L. Jackson, Jr.','DEM','qualified','on_ballot','pending',0,1,30,NULL,NULL,NULL,'2026-03-17 16:27:22','2026-03-17 16:27:22'),(464,736,475,'Toni Brown','DEM','qualified','on_ballot','pending',0,0,40,NULL,NULL,NULL,'2026-03-17 16:27:22','2026-03-17 16:27:22'),(465,736,476,'Yumeka Brown','DEM','qualified','on_ballot','pending',0,0,50,NULL,NULL,NULL,'2026-03-17 16:27:22','2026-03-17 16:27:22'),(466,737,477,'Delia Ramirez','DEM','qualified','on_ballot','pending',1,1,10,NULL,NULL,NULL,'2026-03-17 16:27:22','2026-03-17 16:27:22'),(467,738,478,'Patty Garcia','DEM','qualified','on_ballot','pending',0,0,10,NULL,NULL,NULL,'2026-03-17 16:27:22','2026-03-17 16:27:22'),(468,739,479,'Mike Quigley','DEM','qualified','on_ballot','pending',1,1,10,NULL,NULL,NULL,'2026-03-17 16:27:22','2026-03-17 16:27:22'),(469,739,480,'Matthew Conroy','DEM','qualified','on_ballot','pending',0,0,20,NULL,NULL,NULL,'2026-03-17 16:27:22','2026-03-17 16:27:22'),(470,739,481,'Ellen Corley','DEM','qualified','on_ballot','pending',0,0,30,NULL,NULL,NULL,'2026-03-17 16:27:22','2026-03-17 16:27:22'),(471,739,482,'Anthony Michael Tamez','DEM','qualified','on_ballot','pending',0,0,40,NULL,NULL,NULL,'2026-03-17 16:27:22','2026-03-17 16:27:22'),(472,740,483,'Sean Casten','DEM','qualified','on_ballot','pending',1,1,10,NULL,NULL,NULL,'2026-03-17 16:27:22','2026-03-17 16:27:22'),(473,740,484,'Joey Ruzevich','DEM','qualified','on_ballot','pending',0,0,20,NULL,NULL,NULL,'2026-03-17 16:27:22','2026-03-17 16:27:22'),(474,742,485,'Junaid Ahmed','DEM','qualified','on_ballot','pending',0,0,10,NULL,NULL,NULL,'2026-03-17 16:27:22','2026-03-17 16:27:22'),(475,742,486,'Yasmeen Bankole','DEM','qualified','on_ballot','pending',0,0,20,NULL,NULL,NULL,'2026-03-17 16:27:22','2026-03-17 16:27:22'),(476,742,487,'Melissa Bean','DEM','qualified','on_ballot','pending',0,1,30,NULL,NULL,NULL,'2026-03-17 16:27:22','2026-03-17 16:27:22'),(477,743,488,'Kat Abughazaleh','DEM','qualified','on_ballot','pending',0,1,10,NULL,NULL,NULL,'2026-03-17 16:27:22','2026-03-17 16:27:22'),(478,743,489,'Bushra Amiwala','DEM','qualified','on_ballot','pending',0,1,20,NULL,NULL,NULL,'2026-03-17 16:27:22','2026-03-17 16:27:22'),(479,743,490,'Phil Andrew','DEM','qualified','on_ballot','pending',0,0,30,NULL,NULL,NULL,'2026-03-17 16:27:22','2026-03-17 16:27:22'),(480,743,491,'Daniel K. Biss','DEM','qualified','on_ballot','pending',0,1,40,NULL,NULL,NULL,'2026-03-17 16:27:22','2026-03-17 16:27:22'),(481,743,492,'Patricia Brown','DEM','qualified','on_ballot','pending',0,0,50,NULL,NULL,NULL,'2026-03-17 16:27:22','2026-03-17 16:27:22'),(482,743,493,'Jeff Cohen','DEM','qualified','on_ballot','pending',0,0,60,NULL,NULL,NULL,'2026-03-17 16:27:22','2026-03-17 16:27:22'),(483,743,494,'Laura Fine','DEM','qualified','on_ballot','pending',0,1,70,NULL,NULL,NULL,'2026-03-17 16:27:22','2026-03-17 16:27:22'),(484,743,495,'Justin Ford','DEM','qualified','on_ballot','pending',0,0,80,NULL,NULL,NULL,'2026-03-17 16:27:22','2026-03-17 16:27:22'),(485,743,496,'Mark Fredrickson','DEM','qualified','on_ballot','pending',0,0,90,NULL,NULL,NULL,'2026-03-17 16:27:22','2026-03-17 16:27:22'),(486,743,497,'Hoan Huynh','DEM','qualified','on_ballot','pending',0,0,100,NULL,NULL,NULL,'2026-03-17 16:27:22','2026-03-17 16:27:22'),(487,743,498,'Bethany Johnson','DEM','qualified','on_ballot','pending',0,0,110,NULL,NULL,NULL,'2026-03-17 16:27:22','2026-03-17 16:27:22'),(488,743,499,'Sam Polan','DEM','qualified','on_ballot','pending',0,0,120,NULL,NULL,NULL,'2026-03-17 16:27:22','2026-03-17 16:27:22'),(489,743,500,'Nick Pyati','DEM','qualified','on_ballot','pending',0,0,130,NULL,NULL,NULL,'2026-03-17 16:27:22','2026-03-17 16:27:22'),(490,743,501,'Howard Rosenblum','DEM','qualified','on_ballot','pending',0,0,140,NULL,NULL,NULL,'2026-03-17 16:27:22','2026-03-17 16:27:22'),(491,743,502,'Mike Simmons','DEM','qualified','on_ballot','pending',0,1,150,NULL,NULL,NULL,'2026-03-17 16:27:22','2026-03-17 16:27:22'),(492,744,503,'Brad Schneider','DEM','qualified','on_ballot','pending',1,1,10,NULL,NULL,NULL,'2026-03-17 16:27:22','2026-03-17 16:27:22'),(493,744,504,'Morgan Coghill','DEM','qualified','on_ballot','pending',0,0,20,NULL,NULL,NULL,'2026-03-17 16:27:22','2026-03-17 16:27:22'),(494,745,505,'Bill Foster','DEM','qualified','on_ballot','pending',1,1,10,NULL,NULL,NULL,'2026-03-17 16:27:22','2026-03-17 16:27:22'),(495,746,506,'Julie Fortier','DEM','qualified','on_ballot','pending',0,0,10,NULL,NULL,NULL,'2026-03-17 16:27:22','2026-03-17 16:27:22'),(496,748,507,'Lauren Underwood','DEM','qualified','on_ballot','pending',1,1,10,NULL,NULL,NULL,'2026-03-17 16:27:22','2026-03-17 16:27:22'),(497,749,508,'Paul Davis','DEM','qualified','on_ballot','pending',0,0,10,NULL,NULL,NULL,'2026-03-17 16:27:22','2026-03-17 16:27:22'),(498,749,509,'Kyle Nudo','DEM','qualified','on_ballot','pending',0,0,20,NULL,NULL,NULL,'2026-03-17 16:27:22','2026-03-17 16:27:22'),(499,749,510,'Randy Raley','DEM','qualified','on_ballot','pending',0,0,30,NULL,NULL,NULL,'2026-03-17 16:27:22','2026-03-17 16:27:22'),(500,749,511,'Jennifer Todd','DEM','qualified','on_ballot','pending',0,0,40,NULL,NULL,NULL,'2026-03-17 16:27:22','2026-03-17 16:27:22'),(501,750,512,'Paul Nolley','DEM','qualified','on_ballot','pending',0,0,10,NULL,NULL,NULL,'2026-03-17 16:27:22','2026-03-17 16:27:22'),(502,751,513,'Eric Sorensen','DEM','qualified','on_ballot','pending',1,1,10,NULL,NULL,NULL,'2026-03-17 16:27:22','2026-03-17 16:27:22');
INSERT INTO `candidate_flags` (`candidate_flag_id`, `candidate_id`, `flag_id`, `source_id`, `weight_override`, `note`, `is_active`, `created_at`, `updated_at`) VALUES (111,447,203,NULL,NULL,'Initial Illinois batch: public ethics settlement and whistleblower-related findings support corruption flag.',1,'2026-03-17 15:49:34','2026-03-17 15:49:34'),(112,459,183,NULL,NULL,'Initial Illinois batch: candidate says politics should not protect corporate donors.',1,'2026-03-17 15:49:34','2026-03-17 15:49:34'),(114,445,177,NULL,NULL,'Initial Illinois batch: public record includes labor-aligned policy positions and union alignment.',1,'2026-03-17 15:54:53','2026-03-17 15:54:53'),(115,451,177,NULL,NULL,'Initial Illinois batch: public record shows labor alignment and union support.',1,'2026-03-17 15:55:45','2026-03-17 15:55:45'),(116,446,185,NULL,NULL,'Initial Illinois batch: public record supports gun violence prevention.',1,'2026-03-17 15:57:41','2026-03-17 15:57:41'),(117,446,175,NULL,NULL,'Initial Illinois batch: public record supports universal healthcare.',1,'2026-03-17 15:57:41','2026-03-17 15:57:41'),(118,446,181,NULL,NULL,'Initial Illinois batch: public record supports climate action.',1,'2026-03-17 15:57:41','2026-03-17 15:57:41'),(119,458,177,NULL,NULL,'Initial Illinois batch: public record supports labor and union rights.',1,'2026-03-17 15:57:41','2026-03-17 15:57:41'),(120,458,176,NULL,NULL,'Initial Illinois batch: public record supports reproductive rights.',1,'2026-03-17 15:57:41','2026-03-17 15:57:41'),(121,454,189,NULL,NULL,'Initial Illinois batch: baseline public-service platform supports education.',1,'2026-03-17 15:57:41','2026-03-17 15:57:41'),(122,455,189,NULL,NULL,'Initial Illinois batch: baseline public-service platform supports education.',1,'2026-03-17 15:57:41','2026-03-17 15:57:41'),(123,448,177,NULL,NULL,'Initial Illinois batch: current candidate materials identify him as SEIU leadership, supporting labor-rights assignment.',1,'2026-03-17 16:02:03','2026-03-17 16:02:03'),(124,446,180,NULL,NULL,'Progressive alignment; anti-AIPAC stance consistent with platform.',1,'2026-03-17 16:10:47','2026-03-17 16:10:47'),(125,446,183,NULL,NULL,'Progressive platform supports reducing corporate influence in elections.',1,'2026-03-17 16:10:47','2026-03-17 16:10:47'),(127,458,189,NULL,NULL,'Initial Illinois batch: public record opposes cuts to essential public services and education-facing supports.',1,'2026-03-17 16:12:27','2026-03-17 16:12:27'),(128,458,188,NULL,NULL,'Initial Illinois batch: public record focuses on working-family affordability and protection from cost burdens.',1,'2026-03-17 16:12:27','2026-03-17 16:12:27'),(129,458,185,NULL,NULL,'Initial Illinois batch: public record opposes deregulation of silencers and short-barrel firearms.',1,'2026-03-17 16:12:27','2026-03-17 16:12:27'),(130,451,192,NULL,NULL,'Illinois legislator with public record supporting justice reform policies.',1,'2026-03-17 16:16:49','2026-03-17 16:16:49'),(131,451,189,NULL,NULL,'Illinois legislator with public record supporting education access and funding.',1,'2026-03-17 16:16:49','2026-03-17 16:16:49'),(132,445,192,NULL,NULL,'Cook County commissioner with public focus on justice system and community policy.',1,'2026-03-17 16:16:49','2026-03-17 16:16:49'),(133,445,188,NULL,NULL,'Public record includes focus on housing and community stability initiatives.',1,'2026-03-17 16:16:49','2026-03-17 16:16:49');
