INSERT INTO cserraco_youaredone.candidate_flags (candidate_id, flag_id, source_id, weight_override, note, is_active, created_at, updated_at) VALUES (1, 7, null, null, 'Starter green flag for seeded profile.', 1, '2026-03-16 08:38:48', '2026-03-16 08:38:48');
INSERT INTO cserraco_youaredone.candidate_flags (candidate_id, flag_id, source_id, weight_override, note, is_active, created_at, updated_at) VALUES (1, 8, null, null, 'Starter red flag for seeded profile.', 1, '2026-03-16 08:38:48', '2026-03-16 08:38:48');
INSERT INTO cserraco_youaredone.candidates (full_name, slug, first_name, middle_name, last_name, suffix, preferred_name, party_code, party_name, website_url, ballotpedia_url, wikipedia_url, x_url, instagram_url, facebook_url, youtube_url, image_url, short_bio, summary_public, status, score_total, green_flag_count, red_flag_count, created_at, updated_at) VALUES ('Robin Kelly', 'robin-kelly', 'Robin', null, 'Kelly', null, null, 'DEM', 'Democratic', null, null, null, null, null, null, null, null, 'Democratic candidate for U.S. Senate in Illinois in 2026.', 'Seeded starter profile for the Illinois 2026 Democratic U.S. Senate primary.', 'active', 0.00, 1, 1, '2026-03-16 08:37:44', '2026-03-16 08:44:38');
INSERT INTO cserraco_youaredone.candidates (full_name, slug, first_name, middle_name, last_name, suffix, preferred_name, party_code, party_name, website_url, ballotpedia_url, wikipedia_url, x_url, instagram_url, facebook_url, youtube_url, image_url, short_bio, summary_public, status, score_total, green_flag_count, red_flag_count, created_at, updated_at) VALUES ('Raja Krishnamoorthi', 'raja-krishnamoorthi', 'Raja', null, 'Krishnamoorthi', null, null, 'DEM', 'Democratic', null, null, null, null, null, null, null, null, 'Democratic candidate for U.S. Senate in Illinois in 2026.', 'Seeded starter profile for the Illinois 2026 Democratic U.S. Senate primary.', 'active', 0.00, 0, 0, '2026-03-16 08:58:49', '2026-03-16 08:58:49');
INSERT INTO cserraco_youaredone.candidates (full_name, slug, first_name, middle_name, last_name, suffix, preferred_name, party_code, party_name, website_url, ballotpedia_url, wikipedia_url, x_url, instagram_url, facebook_url, youtube_url, image_url, short_bio, summary_public, status, score_total, green_flag_count, red_flag_count, created_at, updated_at) VALUES ('Steve Botsford Jr.', 'steve-botsford-jr', 'Steve', null, 'Botsford', null, null, 'DEM', 'Democratic', null, null, null, null, null, null, null, null, 'Democratic candidate for U.S. Senate in Illinois in 2026.', 'Seeded starter profile for the Illinois 2026 Democratic U.S. Senate primary.', 'active', 0.00, 0, 0, '2026-03-16 09:04:38', '2026-03-16 09:04:38');
INSERT INTO cserraco_youaredone.candidates (full_name, slug, first_name, middle_name, last_name, suffix, preferred_name, party_code, party_name, website_url, ballotpedia_url, wikipedia_url, x_url, instagram_url, facebook_url, youtube_url, image_url, short_bio, summary_public, status, score_total, green_flag_count, red_flag_count, created_at, updated_at) VALUES ('Sean Brown', 'sean-brown', 'Sean', null, 'Brown', null, null, 'DEM', 'Democratic', null, null, null, null, null, null, null, null, 'Democratic candidate for U.S. Senate in Illinois in 2026.', 'Seeded starter profile for the Illinois 2026 Democratic U.S. Senate primary.', 'active', 0.00, 0, 0, '2026-03-16 09:04:39', '2026-03-16 09:04:39');
INSERT INTO cserraco_youaredone.candidates (full_name, slug, first_name, middle_name, last_name, suffix, preferred_name, party_code, party_name, website_url, ballotpedia_url, wikipedia_url, x_url, instagram_url, facebook_url, youtube_url, image_url, short_bio, summary_public, status, score_total, green_flag_count, red_flag_count, created_at, updated_at) VALUES ('Awisi Bustos', 'awisi-bustos', 'Awisi', null, 'Bustos', null, null, 'DEM', 'Democratic', null, null, null, null, null, null, null, null, 'Democratic candidate for U.S. Senate in Illinois in 2026.', 'Seeded starter profile for the Illinois 2026 Democratic U.S. Senate primary.', 'active', 0.00, 0, 0, '2026-03-16 09:04:39', '2026-03-16 09:04:39');
INSERT INTO cserraco_youaredone.candidates (full_name, slug, first_name, middle_name, last_name, suffix, preferred_name, party_code, party_name, website_url, ballotpedia_url, wikipedia_url, x_url, instagram_url, facebook_url, youtube_url, image_url, short_bio, summary_public, status, score_total, green_flag_count, red_flag_count, created_at, updated_at) VALUES ('Jonathan Dean', 'jonathan-dean', 'Jonathan', null, 'Dean', null, null, 'DEM', 'Democratic', null, null, null, null, null, null, null, null, 'Democratic candidate for U.S. Senate in Illinois in 2026.', 'Seeded starter profile for the Illinois 2026 Democratic U.S. Senate primary.', 'active', 0.00, 0, 0, '2026-03-16 09:04:39', '2026-03-16 09:04:39');
INSERT INTO cserraco_youaredone.candidates (full_name, slug, first_name, middle_name, last_name, suffix, preferred_name, party_code, party_name, website_url, ballotpedia_url, wikipedia_url, x_url, instagram_url, facebook_url, youtube_url, image_url, short_bio, summary_public, status, score_total, green_flag_count, red_flag_count, created_at, updated_at) VALUES ('Bryan Maxwell', 'bryan-maxwell', 'Bryan', null, 'Maxwell', null, null, 'DEM', 'Democratic', null, null, null, null, null, null, null, null, 'Democratic candidate for U.S. Senate in Illinois in 2026.', 'Seeded starter profile for the Illinois 2026 Democratic U.S. Senate primary.', 'active', 0.00, 0, 0, '2026-03-16 09:04:40', '2026-03-16 09:04:40');
INSERT INTO cserraco_youaredone.candidates (full_name, slug, first_name, middle_name, last_name, suffix, preferred_name, party_code, party_name, website_url, ballotpedia_url, wikipedia_url, x_url, instagram_url, facebook_url, youtube_url, image_url, short_bio, summary_public, status, score_total, green_flag_count, red_flag_count, created_at, updated_at) VALUES ('Kevin Ryan', 'kevin-ryan', 'Kevin', null, 'Ryan', null, null, 'DEM', 'Democratic', null, null, null, null, null, null, null, null, 'Democratic candidate for U.S. Senate in Illinois in 2026.', 'Seeded starter profile for the Illinois 2026 Democratic U.S. Senate primary.', 'active', 0.00, 0, 0, '2026-03-16 09:04:40', '2026-03-16 09:04:40');
INSERT INTO cserraco_youaredone.candidates (full_name, slug, first_name, middle_name, last_name, suffix, preferred_name, party_code, party_name, website_url, ballotpedia_url, wikipedia_url, x_url, instagram_url, facebook_url, youtube_url, image_url, short_bio, summary_public, status, score_total, green_flag_count, red_flag_count, created_at, updated_at) VALUES ('Juliana Stratton', 'juliana-stratton', 'Juliana', null, 'Stratton', null, null, 'DEM', 'Democratic', null, null, null, null, null, null, null, null, 'Democratic candidate for U.S. Senate in Illinois in 2026.', 'Seeded starter profile for the Illinois 2026 Democratic U.S. Senate primary.', 'active', 0.00, 0, 0, '2026-03-16 09:04:40', '2026-03-16 09:04:40');
INSERT INTO cserraco_youaredone.candidates (full_name, slug, first_name, middle_name, last_name, suffix, preferred_name, party_code, party_name, website_url, ballotpedia_url, wikipedia_url, x_url, instagram_url, facebook_url, youtube_url, image_url, short_bio, summary_public, status, score_total, green_flag_count, red_flag_count, created_at, updated_at) VALUES ('Christopher Swann', 'christopher-swann', 'Christopher', null, 'Swann', null, null, 'DEM', 'Democratic', null, null, null, null, null, null, null, null, 'Democratic candidate for U.S. Senate in Illinois in 2026.', 'Seeded starter profile for the Illinois 2026 Democratic U.S. Senate primary.', 'active', 0.00, 0, 0, '2026-03-16 09:04:40', '2026-03-16 09:04:40');
INSERT INTO cserraco_youaredone.candidates (full_name, slug, first_name, middle_name, last_name, suffix, preferred_name, party_code, party_name, website_url, ballotpedia_url, wikipedia_url, x_url, instagram_url, facebook_url, youtube_url, image_url, short_bio, summary_public, status, score_total, green_flag_count, red_flag_count, created_at, updated_at) VALUES ('Adam Delgado', 'adam-delgado', 'Adam', null, 'Delgado', null, null, 'DEM', 'Democratic', null, null, null, null, null, null, null, null, 'Democratic write-in candidate for U.S. Senate in Illinois in 2026.', 'Seeded starter profile for the Illinois 2026 Democratic U.S. Senate primary write-in candidate.', 'active', 0.00, 0, 0, '2026-03-16 09:04:40', '2026-03-16 09:04:40');
INSERT INTO cserraco_youaredone.election_candidates (election_id, candidate_id, ballot_name, party_code, filing_status, ballot_status, result_status, is_incumbent, is_major_candidate, sort_order, vote_count, vote_percent, notes_public, created_at, updated_at) VALUES (1, 1, 'Robin Kelly', 'DEM', 'qualified', 'on_ballot', 'pending', 0, 1, 1, null, null, 'Seeded starter ballot entry.', '2026-03-16 08:37:44', '2026-03-16 08:37:44');
INSERT INTO cserraco_youaredone.election_candidates (election_id, candidate_id, ballot_name, party_code, filing_status, ballot_status, result_status, is_incumbent, is_major_candidate, sort_order, vote_count, vote_percent, notes_public, created_at, updated_at) VALUES (1, 2, 'Raja Krishnamoorthi', 'DEM', 'qualified', 'on_ballot', 'pending', 0, 1, 2, null, null, 'Seeded starter ballot entry.', '2026-03-16 08:58:49', '2026-03-16 08:58:49');
INSERT INTO cserraco_youaredone.election_candidates (election_id, candidate_id, ballot_name, party_code, filing_status, ballot_status, result_status, is_incumbent, is_major_candidate, sort_order, vote_count, vote_percent, notes_public, created_at, updated_at) VALUES (1, 8, 'Kevin Ryan', 'DEM', 'qualified', 'on_ballot', 'pending', 0, 0, 1, null, null, 'Seeded Democratic primary ballot entry.', '2026-03-16 09:04:40', '2026-03-16 09:04:40');
INSERT INTO cserraco_youaredone.election_candidates (election_id, candidate_id, ballot_name, party_code, filing_status, ballot_status, result_status, is_incumbent, is_major_candidate, sort_order, vote_count, vote_percent, notes_public, created_at, updated_at) VALUES (1, 9, 'Juliana Stratton', 'DEM', 'qualified', 'on_ballot', 'pending', 0, 1, 3, null, null, 'Seeded Democratic primary ballot entry.', '2026-03-16 09:04:41', '2026-03-16 09:04:41');
INSERT INTO cserraco_youaredone.election_candidates (election_id, candidate_id, ballot_name, party_code, filing_status, ballot_status, result_status, is_incumbent, is_major_candidate, sort_order, vote_count, vote_percent, notes_public, created_at, updated_at) VALUES (1, 3, 'Steve Botsford Jr.', 'DEM', 'qualified', 'on_ballot', 'pending', 0, 0, 5, null, null, 'Seeded Democratic primary ballot entry.', '2026-03-16 09:04:41', '2026-03-16 09:04:41');
INSERT INTO cserraco_youaredone.election_candidates (election_id, candidate_id, ballot_name, party_code, filing_status, ballot_status, result_status, is_incumbent, is_major_candidate, sort_order, vote_count, vote_percent, notes_public, created_at, updated_at) VALUES (1, 7, 'Bryan Maxwell', 'DEM', 'qualified', 'on_ballot', 'pending', 0, 0, 6, null, null, 'Seeded Democratic primary ballot entry.', '2026-03-16 09:04:41', '2026-03-16 09:04:41');
INSERT INTO cserraco_youaredone.election_candidates (election_id, candidate_id, ballot_name, party_code, filing_status, ballot_status, result_status, is_incumbent, is_major_candidate, sort_order, vote_count, vote_percent, notes_public, created_at, updated_at) VALUES (1, 6, 'Jonathan Dean', 'DEM', 'qualified', 'on_ballot', 'pending', 0, 0, 7, null, null, 'Seeded Democratic primary ballot entry.', '2026-03-16 09:04:41', '2026-03-16 09:04:41');
INSERT INTO cserraco_youaredone.election_candidates (election_id, candidate_id, ballot_name, party_code, filing_status, ballot_status, result_status, is_incumbent, is_major_candidate, sort_order, vote_count, vote_percent, notes_public, created_at, updated_at) VALUES (1, 4, 'Sean Brown', 'DEM', 'qualified', 'on_ballot', 'pending', 0, 0, 8, null, null, 'Seeded Democratic primary ballot entry.', '2026-03-16 09:04:42', '2026-03-16 09:04:42');
INSERT INTO cserraco_youaredone.election_candidates (election_id, candidate_id, ballot_name, party_code, filing_status, ballot_status, result_status, is_incumbent, is_major_candidate, sort_order, vote_count, vote_percent, notes_public, created_at, updated_at) VALUES (1, 5, 'Awisi Bustos', 'DEM', 'qualified', 'on_ballot', 'pending', 0, 0, 9, null, null, 'Seeded Democratic primary ballot entry.', '2026-03-16 09:04:42', '2026-03-16 09:04:42');
INSERT INTO cserraco_youaredone.election_candidates (election_id, candidate_id, ballot_name, party_code, filing_status, ballot_status, result_status, is_incumbent, is_major_candidate, sort_order, vote_count, vote_percent, notes_public, created_at, updated_at) VALUES (1, 10, 'Christopher Swann', 'DEM', 'qualified', 'on_ballot', 'pending', 0, 0, 10, null, null, 'Seeded Democratic primary ballot entry.', '2026-03-16 09:04:42', '2026-03-16 09:04:42');
INSERT INTO cserraco_youaredone.election_candidates (election_id, candidate_id, ballot_name, party_code, filing_status, ballot_status, result_status, is_incumbent, is_major_candidate, sort_order, vote_count, vote_percent, notes_public, created_at, updated_at) VALUES (1, 11, 'Adam Delgado', 'DEM', 'qualified', 'not_on_ballot', 'pending', 0, 0, 11, null, null, 'Seeded Democratic primary write-in entry.', '2026-03-16 09:04:42', '2026-03-16 09:04:42');
INSERT INTO cserraco_youaredone.election_types (slug, name, decides_nominee, decides_winner, sort_order, is_active, created_at, updated_at) VALUES ('primary', 'Primary', 1, 0, 10, 1, '2026-03-15 14:06:16', '2026-03-15 14:06:16');
INSERT INTO cserraco_youaredone.election_types (slug, name, decides_nominee, decides_winner, sort_order, is_active, created_at, updated_at) VALUES ('general', 'General', 0, 1, 20, 1, '2026-03-15 14:06:16', '2026-03-15 14:06:16');
INSERT INTO cserraco_youaredone.election_types (slug, name, decides_nominee, decides_winner, sort_order, is_active, created_at, updated_at) VALUES ('special', 'Special', 0, 1, 30, 1, '2026-03-15 14:06:16', '2026-03-15 14:06:16');
INSERT INTO cserraco_youaredone.election_types (slug, name, decides_nominee, decides_winner, sort_order, is_active, created_at, updated_at) VALUES ('special-primary', 'Special Primary', 1, 0, 40, 1, '2026-03-15 14:06:16', '2026-03-15 14:06:16');
INSERT INTO cserraco_youaredone.election_types (slug, name, decides_nominee, decides_winner, sort_order, is_active, created_at, updated_at) VALUES ('runoff', 'Runoff', 0, 1, 50, 1, '2026-03-15 14:06:16', '2026-03-15 14:06:16');
INSERT INTO cserraco_youaredone.election_types (slug, name, decides_nominee, decides_winner, sort_order, is_active, created_at, updated_at) VALUES ('primary-runoff', 'Primary Runoff', 1, 0, 60, 1, '2026-03-15 14:06:16', '2026-03-15 14:06:16');
INSERT INTO cserraco_youaredone.election_types (slug, name, decides_nominee, decides_winner, sort_order, is_active, created_at, updated_at) VALUES ('jungle-primary', 'Jungle Primary', 1, 0, 70, 1, '2026-03-15 14:06:16', '2026-03-15 14:06:16');
INSERT INTO cserraco_youaredone.election_types (slug, name, decides_nominee, decides_winner, sort_order, is_active, created_at, updated_at) VALUES ('ranked-choice-general', 'Ranked Choice General', 0, 1, 80, 1, '2026-03-15 14:06:16', '2026-03-15 14:06:16');
INSERT INTO cserraco_youaredone.elections (race_id, election_type_id, election_date, round_number, title, slug, status, filing_deadline, early_voting_start, early_voting_end, certification_date, notes_public, created_at, updated_at) VALUES (1, 1, '2026-03-17', 1, '2026 Illinois U.S. Senate Democratic Primary', '2026-illinois-us-senate-primary', 'upcoming', null, null, null, null, 'Seeded starter election for the Illinois primary.', '2026-03-16 08:37:44', '2026-03-16 08:37:44');
INSERT INTO cserraco_youaredone.flag_categories (slug, name, sort_order) VALUES ('democracy', 'Democracy & Voting Rights', 1);
INSERT INTO cserraco_youaredone.flag_categories (slug, name, sort_order) VALUES ('reproductive', 'Reproductive Rights & Civil Liberties', 2);
INSERT INTO cserraco_youaredone.flag_categories (slug, name, sort_order) VALUES ('labor', 'Labor & Economic Justice', 3);
INSERT INTO cserraco_youaredone.flag_categories (slug, name, sort_order) VALUES ('healthcare', 'Healthcare', 4);
INSERT INTO cserraco_youaredone.flag_categories (slug, name, sort_order) VALUES ('climate', 'Climate & Environment', 5);
INSERT INTO cserraco_youaredone.flag_categories (slug, name, sort_order) VALUES ('equality', 'Equality & Social Policy', 6);
INSERT INTO cserraco_youaredone.flags (slug, name, description, flag_color, default_weight, is_active, sort_order, created_at, updated_at, category_id) VALUES ('supports-medicare-for-all', 'Supports Medicare for All', 'Publicly supports Medicare for All.', 'green', 3.00, 1, 10, '2026-03-15 14:06:17', '2026-03-15 14:06:17', null);
INSERT INTO cserraco_youaredone.flags (slug, name, description, flag_color, default_weight, is_active, sort_order, created_at, updated_at, category_id) VALUES ('supports-ceasefire', 'Supports Ceasefire', 'Publicly supports a ceasefire.', 'green', 2.50, 1, 20, '2026-03-15 14:06:17', '2026-03-15 14:06:17', null);
INSERT INTO cserraco_youaredone.flags (slug, name, description, flag_color, default_weight, is_active, sort_order, created_at, updated_at, category_id) VALUES ('labor-backed', 'Labor Backed', 'Has meaningful labor support or endorsements.', 'green', 2.00, 1, 30, '2026-03-15 14:06:17', '2026-03-15 14:06:17', null);
INSERT INTO cserraco_youaredone.flags (slug, name, description, flag_color, default_weight, is_active, sort_order, created_at, updated_at, category_id) VALUES ('takes-corporate-pac-money', 'Takes Corporate PAC Money', 'Accepts corporate PAC money.', 'red', 3.00, 1, 40, '2026-03-15 14:06:17', '2026-03-15 14:06:17', null);
INSERT INTO cserraco_youaredone.flags (slug, name, description, flag_color, default_weight, is_active, sort_order, created_at, updated_at, category_id) VALUES ('takes-aipac-money', 'Takes AIPAC Money', 'Accepts AIPAC-linked or aligned funding.', 'red', 3.00, 1, 50, '2026-03-15 14:06:17', '2026-03-15 14:06:17', null);
INSERT INTO cserraco_youaredone.flags (slug, name, description, flag_color, default_weight, is_active, sort_order, created_at, updated_at, category_id) VALUES ('protects-incumbent-power', 'Protects Incumbent Power', 'Acts to discourage or suppress primary challenges.', 'red', 2.50, 1, 60, '2026-03-15 14:06:17', '2026-03-15 14:06:17', null);
INSERT INTO cserraco_youaredone.flags (slug, name, description, flag_color, default_weight, is_active, sort_order, created_at, updated_at, category_id) VALUES ('supports-voting-rights', 'Supports Voting Rights', 'Starter green flag', 'green', 2.00, 1, 10, '2026-03-16 08:38:48', '2026-03-16 08:38:48', null);
INSERT INTO cserraco_youaredone.flags (slug, name, description, flag_color, default_weight, is_active, sort_order, created_at, updated_at, category_id) VALUES ('accepts-corporate-pac-money', 'Accepts Corporate PAC Money', 'Starter red flag', 'red', 2.00, 1, 20, '2026-03-16 08:38:48', '2026-03-16 08:38:48', null);
INSERT INTO cserraco_youaredone.flags (slug, name, description, flag_color, default_weight, is_active, sort_order, created_at, updated_at, category_id) VALUES ('supports_abortion_rights', 'Supports Abortion Rights', 'Supports legal access to abortion and reproductive healthcare.', 'green', 5.00, 1, 10, '2026-03-16 09:48:50', '2026-03-16 09:48:50', 2);
INSERT INTO cserraco_youaredone.flags (slug, name, description, flag_color, default_weight, is_active, sort_order, created_at, updated_at, category_id) VALUES ('supports-automatic-voter-registration', 'Supports Automatic Voter Registration', 'Supports policies that automatically register eligible voters.', 'green', 3.00, 1, 100, '2026-03-16 09:57:11', '2026-03-16 09:57:11', null);
INSERT INTO cserraco_youaredone.flags (slug, name, description, flag_color, default_weight, is_active, sort_order, created_at, updated_at, category_id) VALUES ('supports-vote-by-mail-expansion', 'Supports Vote by Mail Expansion', 'Supports expanding access to vote-by-mail and absentee voting.', 'green', 3.00, 1, 110, '2026-03-16 09:57:11', '2026-03-16 09:57:11', null);
INSERT INTO cserraco_youaredone.flags (slug, name, description, flag_color, default_weight, is_active, sort_order, created_at, updated_at, category_id) VALUES ('supports-independent-redistricting', 'Supports Independent Redistricting', 'Supports independent commissions to draw congressional districts.', 'green', 3.00, 1, 120, '2026-03-16 09:57:11', '2026-03-16 09:57:11', null);
INSERT INTO cserraco_youaredone.flags (slug, name, description, flag_color, default_weight, is_active, sort_order, created_at, updated_at, category_id) VALUES ('supports-ranked-choice-voting', 'Supports Ranked Choice Voting', 'Supports ranked-choice voting for elections.', 'green', 2.00, 1, 130, '2026-03-16 09:57:11', '2026-03-16 09:57:11', null);
INSERT INTO cserraco_youaredone.flags (slug, name, description, flag_color, default_weight, is_active, sort_order, created_at, updated_at, category_id) VALUES ('supports-dc-statehood', 'Supports DC Statehood', 'Supports statehood and representation for Washington DC.', 'green', 3.00, 1, 140, '2026-03-16 09:57:11', '2026-03-16 09:57:11', null);
INSERT INTO cserraco_youaredone.flags (slug, name, description, flag_color, default_weight, is_active, sort_order, created_at, updated_at, category_id) VALUES ('supports-voter-id-restrictions', 'Supports Voter ID Restrictions', 'Supports strict voter ID laws that may restrict ballot access.', 'red', 3.00, 1, 150, '2026-03-16 09:57:11', '2026-03-16 09:57:11', null);
INSERT INTO cserraco_youaredone.flags (slug, name, description, flag_color, default_weight, is_active, sort_order, created_at, updated_at, category_id) VALUES ('supports-voter-roll-purges', 'Supports Voter Roll Purges', 'Supports aggressive voter roll purges.', 'red', 4.00, 1, 160, '2026-03-16 09:57:11', '2026-03-16 09:57:11', null);
INSERT INTO cserraco_youaredone.flags (slug, name, description, flag_color, default_weight, is_active, sort_order, created_at, updated_at, category_id) VALUES ('supports-gerrymandering', 'Supports Gerrymandering', 'Supports or benefits from partisan district manipulation.', 'red', 4.00, 1, 170, '2026-03-16 09:57:11', '2026-03-16 09:57:11', null);
INSERT INTO cserraco_youaredone.flags (slug, name, description, flag_color, default_weight, is_active, sort_order, created_at, updated_at, category_id) VALUES ('voted-against-voting-rights', 'Voted Against Voting Rights', 'Voted against legislation intended to protect or expand voting rights.', 'red', 4.00, 1, 180, '2026-03-16 09:57:11', '2026-03-16 09:57:11', null);
INSERT INTO cserraco_youaredone.flags (slug, name, description, flag_color, default_weight, is_active, sort_order, created_at, updated_at, category_id) VALUES ('supports-election-subversion', 'Supports Election Subversion', 'Supports efforts to overturn legitimate election results.', 'red', 5.00, 1, 190, '2026-03-16 09:57:11', '2026-03-16 09:57:11', null);
INSERT INTO cserraco_youaredone.flags (slug, name, description, flag_color, default_weight, is_active, sort_order, created_at, updated_at, category_id) VALUES ('supports-codifying-roe', 'Supports Codifying Roe', 'Supports legislation to codify abortion protections in federal law.', 'green', 4.00, 1, 200, '2026-03-16 09:57:11', '2026-03-16 09:57:11', null);
INSERT INTO cserraco_youaredone.flags (slug, name, description, flag_color, default_weight, is_active, sort_order, created_at, updated_at, category_id) VALUES ('supports-contraception-access', 'Supports Contraception Access', 'Supports legal protections and access to contraception.', 'green', 3.00, 1, 210, '2026-03-16 09:57:11', '2026-03-16 09:57:11', null);
INSERT INTO cserraco_youaredone.flags (slug, name, description, flag_color, default_weight, is_active, sort_order, created_at, updated_at, category_id) VALUES ('supports-marriage-equality', 'Supports Marriage Equality', 'Supports legal recognition of same-sex marriage.', 'green', 4.00, 1, 220, '2026-03-16 09:57:11', '2026-03-16 09:57:11', null);
INSERT INTO cserraco_youaredone.flags (slug, name, description, flag_color, default_weight, is_active, sort_order, created_at, updated_at, category_id) VALUES ('supports-lgbt-nondiscrimination', 'Supports LGBTQ Nondiscrimination Protections', 'Supports laws preventing discrimination based on sexual orientation or gender identity.', 'green', 4.00, 1, 230, '2026-03-16 09:57:11', '2026-03-16 09:57:11', null);
INSERT INTO cserraco_youaredone.flags (slug, name, description, flag_color, default_weight, is_active, sort_order, created_at, updated_at, category_id) VALUES ('opposes-abortion-rights', 'Opposes Abortion Rights', 'Opposes legal access to abortion.', 'red', 5.00, 1, 240, '2026-03-16 09:57:11', '2026-03-16 09:57:11', null);
INSERT INTO cserraco_youaredone.flags (slug, name, description, flag_color, default_weight, is_active, sort_order, created_at, updated_at, category_id) VALUES ('supports-abortion-bans', 'Supports Abortion Bans', 'Supports laws banning or severely restricting abortion.', 'red', 5.00, 1, 250, '2026-03-16 09:57:11', '2026-03-16 09:57:11', null);
INSERT INTO cserraco_youaredone.flags (slug, name, description, flag_color, default_weight, is_active, sort_order, created_at, updated_at, category_id) VALUES ('supports-anti-lgbt-legislation', 'Supports Anti-LGBT Legislation', 'Supports legislation targeting LGBTQ rights or protections.', 'red', 4.00, 1, 260, '2026-03-16 09:57:11', '2026-03-16 09:57:11', null);
INSERT INTO cserraco_youaredone.flags (slug, name, description, flag_color, default_weight, is_active, sort_order, created_at, updated_at, category_id) VALUES ('supports-book-bans', 'Supports Book Bans', 'Supports banning or removing books from schools or libraries.', 'red', 3.00, 1, 270, '2026-03-16 09:57:11', '2026-03-16 09:57:11', null);
INSERT INTO cserraco_youaredone.flags (slug, name, description, flag_color, default_weight, is_active, sort_order, created_at, updated_at, category_id) VALUES ('supports-union-rights', 'Supports Union Rights', 'Supports collective bargaining and labor union protections.', 'green', 4.00, 1, 280, '2026-03-16 09:57:11', '2026-03-16 09:57:11', null);
INSERT INTO cserraco_youaredone.flags (slug, name, description, flag_color, default_weight, is_active, sort_order, created_at, updated_at, category_id) VALUES ('supports-minimum-wage-increase', 'Supports Minimum Wage Increase', 'Supports raising the federal minimum wage.', 'green', 3.00, 1, 290, '2026-03-16 09:57:11', '2026-03-16 09:57:11', null);
INSERT INTO cserraco_youaredone.flags (slug, name, description, flag_color, default_weight, is_active, sort_order, created_at, updated_at, category_id) VALUES ('supports-paid-family-leave', 'Supports Paid Family Leave', 'Supports paid family and medical leave policies.', 'green', 3.00, 1, 300, '2026-03-16 09:57:11', '2026-03-16 09:57:11', null);
INSERT INTO cserraco_youaredone.flags (slug, name, description, flag_color, default_weight, is_active, sort_order, created_at, updated_at, category_id) VALUES ('refuses-corporate-pac-money', 'Refuses Corporate PAC Money', 'Refuses donations from corporate political action committees.', 'green', 3.00, 1, 310, '2026-03-16 09:57:11', '2026-03-16 09:57:11', null);
INSERT INTO cserraco_youaredone.flags (slug, name, description, flag_color, default_weight, is_active, sort_order, created_at, updated_at, category_id) VALUES ('supports-student-debt-relief', 'Supports Student Debt Relief', 'Supports policies to cancel or reduce student loan debt.', 'green', 3.00, 1, 320, '2026-03-16 09:57:11', '2026-03-16 09:57:11', null);
INSERT INTO cserraco_youaredone.flags (slug, name, description, flag_color, default_weight, is_active, sort_order, created_at, updated_at, category_id) VALUES ('anti-union-voting-record', 'Anti-Union Voting Record', 'Has a voting record that opposes labor unions.', 'red', 4.00, 1, 330, '2026-03-16 09:57:11', '2026-03-16 09:57:11', null);
INSERT INTO cserraco_youaredone.flags (slug, name, description, flag_color, default_weight, is_active, sort_order, created_at, updated_at, category_id) VALUES ('supports-right-to-work-laws', 'Supports Right to Work Laws', 'Supports laws weakening unions through right-to-work policies.', 'red', 3.00, 1, 340, '2026-03-16 09:57:11', '2026-03-16 09:57:11', null);
INSERT INTO cserraco_youaredone.flags (slug, name, description, flag_color, default_weight, is_active, sort_order, created_at, updated_at, category_id) VALUES ('supports-cutting-social-security', 'Supports Cutting Social Security', 'Supports reducing Social Security benefits or eligibility.', 'red', 5.00, 1, 350, '2026-03-16 09:57:11', '2026-03-16 09:57:11', null);
INSERT INTO cserraco_youaredone.flags (slug, name, description, flag_color, default_weight, is_active, sort_order, created_at, updated_at, category_id) VALUES ('supports-privatizing-social-security', 'Supports Privatizing Social Security', 'Supports replacing Social Security with private investment accounts.', 'red', 5.00, 1, 360, '2026-03-16 09:57:11', '2026-03-16 09:57:11', null);
INSERT INTO cserraco_youaredone.flags (slug, name, description, flag_color, default_weight, is_active, sort_order, created_at, updated_at, category_id) VALUES ('supports-public-option', 'Supports Public Option', 'Supports a government-run public health insurance option.', 'green', 4.00, 1, 370, '2026-03-16 09:57:11', '2026-03-16 09:57:11', null);
INSERT INTO cserraco_youaredone.flags (slug, name, description, flag_color, default_weight, is_active, sort_order, created_at, updated_at, category_id) VALUES ('supports-medicaid-expansion', 'Supports Medicaid Expansion', 'Supports expanding Medicaid eligibility.', 'green', 4.00, 1, 380, '2026-03-16 09:57:11', '2026-03-16 09:57:11', null);
INSERT INTO cserraco_youaredone.flags (slug, name, description, flag_color, default_weight, is_active, sort_order, created_at, updated_at, category_id) VALUES ('supports-drug-price-negotiation', 'Supports Drug Price Negotiation', 'Supports allowing the government to negotiate prescription drug prices.', 'green', 3.00, 1, 390, '2026-03-16 09:57:11', '2026-03-16 09:57:11', null);
INSERT INTO cserraco_youaredone.flags (slug, name, description, flag_color, default_weight, is_active, sort_order, created_at, updated_at, category_id) VALUES ('supports-insulin-price-caps', 'Supports Insulin Price Caps', 'Supports policies to cap insulin costs.', 'green', 3.00, 1, 400, '2026-03-16 09:57:11', '2026-03-16 09:57:11', null);
INSERT INTO cserraco_youaredone.flags (slug, name, description, flag_color, default_weight, is_active, sort_order, created_at, updated_at, category_id) VALUES ('opposes-medicaid-expansion', 'Opposes Medicaid Expansion', 'Opposes expanding Medicaid eligibility.', 'red', 4.00, 1, 410, '2026-03-16 09:57:11', '2026-03-16 09:57:11', null);
INSERT INTO cserraco_youaredone.flags (slug, name, description, flag_color, default_weight, is_active, sort_order, created_at, updated_at, category_id) VALUES ('supports-repealing-aca', 'Supports Repealing ACA', 'Supports repealing the Affordable Care Act without replacement protections.', 'red', 4.00, 1, 420, '2026-03-16 09:57:11', '2026-03-16 09:57:11', null);
INSERT INTO cserraco_youaredone.flags (slug, name, description, flag_color, default_weight, is_active, sort_order, created_at, updated_at, category_id) VALUES ('opposes-drug-price-controls', 'Opposes Drug Price Controls', 'Opposes government action to reduce prescription drug prices.', 'red', 3.00, 1, 430, '2026-03-16 09:57:11', '2026-03-16 09:57:11', null);
INSERT INTO cserraco_youaredone.flags (slug, name, description, flag_color, default_weight, is_active, sort_order, created_at, updated_at, category_id) VALUES ('supports-clean-energy-transition', 'Supports Clean Energy Transition', 'Supports transitioning energy systems toward renewable energy.', 'green', 4.00, 1, 440, '2026-03-16 09:57:11', '2026-03-16 09:57:11', null);
INSERT INTO cserraco_youaredone.flags (slug, name, description, flag_color, default_weight, is_active, sort_order, created_at, updated_at, category_id) VALUES ('supports-climate-investment', 'Supports Climate Investment', 'Supports large public investment in climate and clean energy.', 'green', 4.00, 1, 450, '2026-03-16 09:57:11', '2026-03-16 09:57:11', null);
INSERT INTO cserraco_youaredone.flags (slug, name, description, flag_color, default_weight, is_active, sort_order, created_at, updated_at, category_id) VALUES ('supports-environmental-protections', 'Supports Environmental Protections', 'Supports stronger environmental regulation and pollution control.', 'green', 3.00, 1, 460, '2026-03-16 09:57:11', '2026-03-16 09:57:11', null);
INSERT INTO cserraco_youaredone.flags (slug, name, description, flag_color, default_weight, is_active, sort_order, created_at, updated_at, category_id) VALUES ('supports-paris-climate-agreement', 'Supports Paris Climate Agreement', 'Supports participation in international climate agreements.', 'green', 3.00, 1, 470, '2026-03-16 09:57:11', '2026-03-16 09:57:11', null);
INSERT INTO cserraco_youaredone.flags (slug, name, description, flag_color, default_weight, is_active, sort_order, created_at, updated_at, category_id) VALUES ('denies-climate-change', 'Denies Climate Change', 'Rejects the scientific consensus on climate change.', 'red', 5.00, 1, 480, '2026-03-16 09:57:11', '2026-03-16 09:57:11', null);
INSERT INTO cserraco_youaredone.flags (slug, name, description, flag_color, default_weight, is_active, sort_order, created_at, updated_at, category_id) VALUES ('supports-expanding-fossil-fuels', 'Supports Expanding Fossil Fuels', 'Supports expansion of fossil fuel production.', 'red', 3.00, 1, 490, '2026-03-16 09:57:11', '2026-03-16 09:57:11', null);
INSERT INTO cserraco_youaredone.flags (slug, name, description, flag_color, default_weight, is_active, sort_order, created_at, updated_at, category_id) VALUES ('supports-rolling-back-environmental-rules', 'Supports Rolling Back Environmental Rules', 'Supports weakening environmental protections.', 'red', 4.00, 1, 500, '2026-03-16 09:57:11', '2026-03-16 09:57:11', null);
INSERT INTO cserraco_youaredone.flags (slug, name, description, flag_color, default_weight, is_active, sort_order, created_at, updated_at, category_id) VALUES ('supports-gun-safety-laws', 'Supports Gun Safety Laws', 'Supports background checks and gun violence prevention policies.', 'green', 3.00, 1, 510, '2026-03-16 09:57:11', '2026-03-16 09:57:11', null);
INSERT INTO cserraco_youaredone.flags (slug, name, description, flag_color, default_weight, is_active, sort_order, created_at, updated_at, category_id) VALUES ('supports-police-reform', 'Supports Police Reform', 'Supports accountability and reform policies for policing.', 'green', 3.00, 1, 520, '2026-03-16 09:57:11', '2026-03-16 09:57:11', null);
INSERT INTO cserraco_youaredone.flags (slug, name, description, flag_color, default_weight, is_active, sort_order, created_at, updated_at, category_id) VALUES ('supports-immigration-pathway-citizenship', 'Supports Pathway to Citizenship', 'Supports immigration reform with a pathway to citizenship.', 'green', 4.00, 1, 530, '2026-03-16 09:57:11', '2026-03-16 09:57:11', null);
INSERT INTO cserraco_youaredone.flags (slug, name, description, flag_color, default_weight, is_active, sort_order, created_at, updated_at, category_id) VALUES ('supports-dreamers-protection', 'Supports Dreamers Protection', 'Supports legal protection for Dreamers from deportation.', 'green', 3.00, 1, 540, '2026-03-16 09:57:11', '2026-03-16 09:57:11', null);
INSERT INTO cserraco_youaredone.flags (slug, name, description, flag_color, default_weight, is_active, sort_order, created_at, updated_at, category_id) VALUES ('supports-mass-deportation', 'Supports Mass Deportation', 'Supports large-scale deportation programs.', 'red', 4.00, 1, 550, '2026-03-16 09:57:11', '2026-03-16 09:57:11', null);
INSERT INTO cserraco_youaredone.flags (slug, name, description, flag_color, default_weight, is_active, sort_order, created_at, updated_at, category_id) VALUES ('supports-family-separation', 'Supports Family Separation', 'Supports separating children from parents as immigration policy.', 'red', 5.00, 1, 560, '2026-03-16 09:57:11', '2026-03-16 09:57:11', null);
INSERT INTO cserraco_youaredone.flags (slug, name, description, flag_color, default_weight, is_active, sort_order, created_at, updated_at, category_id) VALUES ('opposes-gun-safety-laws', 'Opposes Gun Safety Laws', 'Opposes common gun violence prevention policies.', 'red', 3.00, 1, 570, '2026-03-16 09:57:11', '2026-03-16 09:57:11', null);
INSERT INTO cserraco_youaredone.offices (slug, name, level, sort_order, is_active, created_at, updated_at) VALUES ('president', 'President', 'federal', 10, 1, '2026-03-15 14:06:16', '2026-03-15 14:06:16');
INSERT INTO cserraco_youaredone.offices (slug, name, level, sort_order, is_active, created_at, updated_at) VALUES ('us-senate', 'U.S. Senate', 'federal', 20, 1, '2026-03-15 14:06:16', '2026-03-15 14:06:16');
INSERT INTO cserraco_youaredone.offices (slug, name, level, sort_order, is_active, created_at, updated_at) VALUES ('us-house', 'U.S. House', 'federal', 30, 1, '2026-03-15 14:06:16', '2026-03-15 14:06:16');
INSERT INTO cserraco_youaredone.offices (slug, name, level, sort_order, is_active, created_at, updated_at) VALUES ('governor', 'Governor', 'state', 40, 1, '2026-03-15 14:06:16', '2026-03-15 14:06:16');
INSERT INTO cserraco_youaredone.races (office_id, election_year, state_code, state_name, state_slug, district_type, district_number, district_label, seat_label, is_special, race_slug, status, notes_public, created_at, updated_at) VALUES (2, 2026, 'IL', 'Illinois', 'illinois', 'statewide', 0, null, 'Illinois U.S. Senate', 0, 'illinois-us-senate-2026', 'active', 'Seeded starter race for the 2026 Illinois U.S. Senate primary.', '2026-03-16 08:37:44', '2026-03-16 08:37:44');
USE XBI_OHP;
SET NOCOUNT ON;

DROP TABLE IF EXISTS
      #census,
      #clients,
      #daily_census,
      #ci_raw, #ci_rank, #ci_asof,
      #contacts_raw,
      #contacts_dedup,
      #contacts,
      #phys_raw,
      #phys_rank,
      #phys_asof,
      #dx_raw,
      #dx_dedup,
      #dx_asof,
      #orders_raw,
      #orders_dedup,
      #orders_asof,
      #payer_rows,
      #payers_pivot,
      #ci_payers,
      #ap_raw, #ap_rank, #ap_asof,
      #api_raw, #api_rank, #api_asof,
      #client_ids_raw,
      #client_ids_pivot;

DECLARE @cDate     date = '2026-03-11';
DECLARE @cDateNext date = DATEADD(day, 1, @cDate);

-------------------------------------------------------------------------------
-- 1) Census (only what we need for @cDate)
-------------------------------------------------------------------------------
SELECT
      c.clientID
    , c.cdate
    , c.payerID
    , c.facid
    , CASE WHEN c.ctype = 'I' THEN 'In-House' ELSE 'Bedhold' END AS [In-House]
    , fp.Allergies
    , fp.PatientMRN
    , fp.PatientMedicaidNumber
    , fp.PatientMedicareNumber
INTO #census
FROM XBI_OHP.dw.censusResident c
LEFT JOIN pcc.view_ods_facility_patient fp
  ON fp.PatientID = c.clientID
WHERE c.cdate = @cDate
  AND c.facid IN ('5','22');

-- 2) Driver table: one row per client
SELECT DISTINCT clientID
INTO #clients
FROM #census;

-------------------------------------------------------------------------------
-- 3) Materialize heavy view: daily census filtered to @cDate + clients
--    Replace OUTER APPLY TOP(1) with temp tables:
-------------------------------------------------------------------------------

-- 3a) Stage eligible census item payer rows (as-of @cDate)
SELECT
      ci.ResidentID
    , ci.EffectiveDate
    , ci.PrimaryPayerID
    , ci.SecondPayerID
    , ci.ThirdPayerID
    , ci.FourthPayerID
    , ci.FifthPayerID
INTO #ci_raw
FROM [PCC_OASIS].[dbo].[view_ods_census_item] ci
JOIN #clients x
  ON x.clientID = ci.ResidentID
WHERE ci.PayerInfoFlag = 'Y'
  AND ci.EffectiveDate <= @cDate;

-- 3b) Rank newest EffectiveDate per resident
SELECT
      r.*
    , ROW_NUMBER() OVER
      (
        PARTITION BY r.ResidentID
        ORDER BY r.EffectiveDate DESC
      ) AS rn
INTO #ci_rank
FROM #ci_raw r;

-- 3c) Keep the single as-of row per resident
SELECT
      ResidentID
    , EffectiveDate
    , PrimaryPayerID
    , SecondPayerID
    , ThirdPayerID
    , FourthPayerID
    , FifthPayerID
INTO #ci_asof
FROM #ci_rank
WHERE rn = 1;

-- 3d) Materialize daily census and LEFT JOIN to #ci_asof
SELECT
      dc.clientid
    , dc.censusdate
    , dc.censusID
    , dc.roomdescription
    , dc.beddescription
    , cia.PrimaryPayerID
    , cia.SecondPayerID
    , cia.ThirdPayerID
    , cia.FourthPayerID
    , cia.FifthPayerID
INTO #daily_census
FROM pcc.view_ods_daily_census dc
JOIN #clients x
  ON x.clientID = dc.clientid
LEFT JOIN #ci_asof cia
  ON cia.ResidentID = dc.clientid
WHERE dc.censusdate = @cDate;

-------------------------------------------------------------------------------
-- Add Bed/Room + Facility info to census
-------------------------------------------------------------------------------
ALTER TABLE #census ADD
      [Room]     varchar(255) NULL
    , [Bed]      varchar(255) NULL
    , facname    varchar(255) NULL
    , address1   varchar(255) NULL
    , address2   varchar(255) NULL
    , city       varchar(100) NULL
    , state      varchar(50) NULL
    , zip        varchar(20) NULL;

UPDATE c
SET
    c.[Room]    = dc.roomdescription,
    c.[Bed]     = dc.beddescription,
    c.facname   = f.facname,
    c.address1  = f.address1,
    c.address2  = f.address2,
    c.city      = f.city,
    c.state     = f.state,
    c.zip       = f.zip
FROM #census c
LEFT JOIN #daily_census dc
  ON dc.clientid   = c.clientID
 AND dc.censusdate = c.cdate
LEFT JOIN dbo.facinfo f
  ON f.facid = c.facid;

-------------------------------------------------------------------------------
-- 4) Emergency Contact (gated by #clients)
-------------------------------------------------------------------------------
SELECT
      rc.clientid
    , EmergencyContact       = CONCAT(rc.lastname, ', ', rc.firstname)
    , EmergencyContactNumber = NULLIF(LTRIM(RTRIM(COALESCE(rc.phonecell, rc.phonehome))), '')
INTO #contacts_raw
FROM [DW].[ResidentContacts] rc
JOIN #clients x
  ON x.clientID = rc.clientid
WHERE rc.specialdesignation = 'Emergency Contact # 1';

SELECT DISTINCT
      clientid
    , EmergencyContact
    , EmergencyContactNumber
INTO #contacts_dedup
FROM #contacts_raw;

SELECT
      clientid
    , [Emergency Contacts] =
        STRING_AGG(CAST(NULLIF(LTRIM(RTRIM(EmergencyContact)), '') AS varchar(max)), ' | ')
    , [Emergency Contact Numbers] =
        STRING_AGG(CAST(EmergencyContactNumber AS varchar(max)), ' | ')
INTO #contacts
FROM #contacts_dedup
GROUP BY clientid;

-------------------------------------------------------------------------------
-- 5) Physician as-of @cDate (latest created_date < @cDateNext)
-------------------------------------------------------------------------------
SELECT
      cs.client_id    AS clientID
    , @cDate          AS cdate
    , cs.created_date
    , cs.staff_id     AS physicianID
INTO #phys_raw
FROM [PCC_OASIS].[dbo].client_staff cs
JOIN #clients x
  ON x.clientID = cs.client_id
WHERE cs.professional_relation_id = 4201
  AND cs.created_date < @cDateNext;

SELECT
      pr.*
    , ROW_NUMBER() OVER (PARTITION BY pr.clientID, pr.cdate ORDER BY pr.created_date DESC) AS rn
INTO #phys_rank
FROM #phys_raw pr;

SELECT
      clientID
    , cdate
    , physicianID
INTO #phys_asof
FROM #phys_rank
WHERE rn = 1;

-------------------------------------------------------------------------------
-- 6) Active Diagnosis Codes as-of @cDate from view_ods_patient_diagnosis
-------------------------------------------------------------------------------
SELECT
      d.PatientID      AS clientID
    , @cDate           AS cdate
    , d.DiagnosisCode
INTO #dx_raw
FROM [PCC_OASIS].[dbo].[view_ods_patient_diagnosis] d
JOIN #clients x
  ON x.clientID = d.PatientID
WHERE d.onsetdate <= @cDate
  AND (d.resolveddate IS NULL OR d.resolveddate > @cDate)
  AND d.deleteddate IS NULL
  AND NULLIF(LTRIM(RTRIM(d.DiagnosisCode)), '') IS NOT NULL;

SELECT DISTINCT
      clientID
    , cdate
    , DiagnosisCode
INTO #dx_dedup
FROM #dx_raw;

SELECT
      clientID
    , cdate
    , ActiveDiagnoses =
        STRING_AGG(CAST(DiagnosisCode AS varchar(max)), ', ')
            WITHIN GROUP (ORDER BY DiagnosisCode)
INTO #dx_asof
FROM #dx_dedup
GROUP BY clientID, cdate;

-------------------------------------------------------------------------------
-- 7) Pharmacy orders as-of census date (gated by #census)
-------------------------------------------------------------------------------
SELECT
      cen.clientID
    , cen.cdate
    , b.bed_desc     AS Bed
    , r.room_desc    AS Room
    , o.description  AS OrderDescription
INTO #orders_raw
FROM #census cen
JOIN [PCC_OASIS].[dbo].clients c
  ON c.client_id = cen.clientID
 AND c.deleted = 'N'
JOIN [PCC_OASIS].[dbo].pho_phys_order o
  ON o.client_id = c.client_id
LEFT JOIN [PCC_OASIS].[dbo].census_item ci
  ON c.current_census_id = ci.census_id
LEFT JOIN [PCC_OASIS].[dbo].bed b
  ON ci.fac_id = b.fac_id
 AND ci.bed_id = b.bed_id
LEFT JOIN [PCC_OASIS].[dbo].room r
  ON b.fac_id = r.fac_id
 AND b.room_id = r.room_id
LEFT JOIN [PCC_OASIS].[dbo].pho_order_type ot
  ON o.order_type_id = ot.order_type_id
LEFT JOIN [PCC_OASIS].[dbo].pho_order_category oc
  ON ot.order_category_id = oc.order_category_id
WHERE c.admission_date IS NOT NULL
  AND oc.category_desc = 'pharmacy'
  AND (o.end_date IS NULL OR o.end_date >= cen.cdate);

SELECT
      clientID
    , cdate
    , Bed
    , Room
    , OrderDescription
INTO #orders_dedup
FROM #orders_raw
GROUP BY clientID, cdate, Bed, Room, OrderDescription;

SELECT
      clientID
    , cdate
    , PharmacyOrderDescriptions =
        STRING_AGG(CAST(OrderDescription AS varchar(max)), ' | ')
            WITHIN GROUP (ORDER BY OrderDescription)
INTO #orders_asof
FROM #orders_dedup
GROUP BY clientID, cdate;

-------------------------------------------------------------------------------
-- 8) Payers
-------------------------------------------------------------------------------
-- 8a) Payer IDs from census item (use #daily_census you already materialized)
--     Include ranks 1-5 (Primary..Fifth)
-------------------------------------------------------------------------------
SELECT
      dc.clientid
    , payerrank = 1
    , payerid   = dc.PrimaryPayerID
INTO #ci_payers
FROM #daily_census dc
WHERE dc.PrimaryPayerID IS NOT NULL
  AND dc.PrimaryPayerID > 0

UNION ALL
SELECT
      dc.clientid
    , payerrank = 2
    , payerid   = dc.SecondPayerID
FROM #daily_census dc
WHERE dc.SecondPayerID IS NOT NULL
  AND dc.SecondPayerID > 0

UNION ALL
SELECT
      dc.clientid
    , payerrank = 3
    , payerid   = dc.ThirdPayerID
FROM #daily_census dc
WHERE dc.ThirdPayerID IS NOT NULL
  AND dc.ThirdPayerID > 0

UNION ALL
SELECT
      dc.clientid
    , payerrank = 4
    , payerid   = dc.FourthPayerID
FROM #daily_census dc
WHERE dc.FourthPayerID IS NOT NULL
  AND dc.FourthPayerID > 0

UNION ALL
SELECT
      dc.clientid
    , payerrank = 5
    , payerid   = dc.FifthPayerID
FROM #daily_census dc
WHERE dc.FifthPayerID IS NOT NULL
  AND dc.FifthPayerID > 0;

-------------------------------------------------------------------------------
-- 8b) AR payer "header" as-of @cDate (policy/group/insured)
-------------------------------------------------------------------------------
SELECT
      ap.client_id
    , ap.payer_id
    , ap.policy_no
    , ap.group_no
    , ap.insureds_name
    , ap.effective_date
    , ap.ineffective_date
INTO #ap_raw
FROM [XBI_OHP].[PCC].[ar_client_payer_info] ap
JOIN #ci_payers cip
  ON cip.clientid = ap.client_id
 AND cip.payerid  = ap.payer_id
WHERE ap.effective_date <= @cDate
  AND (ap.ineffective_date IS NULL OR ap.ineffective_date >= @cDate);

SELECT
      r.*
    , ROW_NUMBER() OVER
      (
        PARTITION BY r.client_id, r.payer_id
        ORDER BY r.effective_date DESC
      ) AS rn
INTO #ap_rank
FROM #ap_raw r;

SELECT
      client_id
    , payer_id
    , policy_no
    , group_no
    , insureds_name
    , effective_date
    , ineffective_date
INTO #ap_asof
FROM #ap_rank
WHERE rn = 1;

-------------------------------------------------------------------------------
-- 8c) AR payer "info" as-of @cDate (subscriber contact)
-------------------------------------------------------------------------------
SELECT
      api.client_id
    , api.payer_id
    , api.effective_date
    , api.ineffective_date
    , api.contact_id
INTO #api_raw
FROM [XBI_OHP].[PCC].[ar_client_payer_info] api
JOIN #ci_payers cip
  ON cip.clientid = api.client_id
 AND cip.payerid  = api.payer_id
WHERE api.effective_date <= @cDate
  AND (api.ineffective_date IS NULL OR api.ineffective_date >= @cDate);

SELECT
      r.*
    , ROW_NUMBER() OVER
      (
        PARTITION BY r.client_id, r.payer_id
        ORDER BY r.effective_date DESC
      ) AS rn
INTO #api_rank
FROM #api_raw r;

SELECT
      client_id
    , payer_id
    , contact_id
INTO #api_asof
FROM #api_rank
WHERE rn = 1;

-------------------------------------------------------------------------------
-- 8d) One row per client+rank with computed subscriber fields
-------------------------------------------------------------------------------
SELECT
      cip.clientid AS ClientID
    , cip.payerrank
    , ap.policy_no    AS [Policy]
    , ap.group_no     AS [GroupNo]
    , CASE WHEN ap.insureds_name = -1 THEN 'Self' ELSE ap.insureds_name END AS [InsuredName]
    , CASE
        WHEN api.contact_id IS NULL OR api.contact_id = -1 THEN 'Self'
        ELSE CONCAT(rc.LastName, ', ', rc.FirstName)
      END AS SubscriberName
    , ptg.payerName
    , ptg.payerGroup
INTO #payer_rows
FROM #ci_payers cip
LEFT JOIN #ap_asof ap
  ON ap.client_id = cip.clientid
 AND ap.payer_id  = cip.payerid
LEFT JOIN #api_asof api
  ON api.client_id = cip.clientid
 AND api.payer_id  = cip.payerid
LEFT JOIN [XBI_OHP].DW.ResidentContacts rc
  ON rc.ContactID = api.contact_id
LEFT JOIN dbo.payerToGroup ptg
  ON ptg.pccPayerID = cip.payerid;

-------------------------------------------------------------------------------
-- 8e) Pivot to one row per client (ranks 1-5)
-------------------------------------------------------------------------------
SELECT
      pr.ClientID

    -- Primary (rank 1)
    , MAX(CASE WHEN pr.payerrank = 1 THEN pr.[Policy] END)              AS PrimaryPolicy
    , MAX(CASE WHEN pr.payerrank = 1 THEN pr.[GroupNo] END)             AS PrimaryGroupNo
    , MAX(CASE WHEN pr.payerrank = 1 THEN pr.[InsuredName] END)         AS PrimaryInsuredName
    , MAX(CASE WHEN pr.payerrank = 1 THEN pr.SubscriberName END)        AS PrimarySubscriberName
    , MAX(CASE WHEN pr.payerrank = 1 THEN pr.[payerGroup] END)          AS PrimaryPayerGroup
    , MAX(CASE WHEN pr.payerrank = 1 THEN pr.[payerName] END)           AS PrimaryPayer

    -- Secondary (rank 2)
    , MAX(CASE WHEN pr.payerrank = 2 THEN pr.[Policy] END)              AS SecondaryPolicy
    , MAX(CASE WHEN pr.payerrank = 2 THEN pr.[GroupNo] END)             AS SecondaryGroupNo
    , MAX(CASE WHEN pr.payerrank = 2 THEN pr.[InsuredName] END)         AS SecondaryInsuredName
    , MAX(CASE WHEN pr.payerrank = 2 THEN pr.SubscriberName END)        AS SecondarySubscriberName
    , MAX(CASE WHEN pr.payerrank = 2 THEN pr.[payerGroup] END)          AS SecondaryPayerGroup
    , MAX(CASE WHEN pr.payerrank = 2 THEN pr.[payerName] END)           AS SecondaryPayer

    -- Third (rank 3)
    , MAX(CASE WHEN pr.payerrank = 3 THEN pr.[Policy] END)              AS ThirdPolicy
    , MAX(CASE WHEN pr.payerrank = 3 THEN pr.[GroupNo] END)             AS ThirdGroupNo
    , MAX(CASE WHEN pr.payerrank = 3 THEN pr.[InsuredName] END)         AS ThirdInsuredName
    , MAX(CASE WHEN pr.payerrank = 3 THEN pr.SubscriberName END)        AS ThirdSubscriberName
    , MAX(CASE WHEN pr.payerrank = 3 THEN pr.[payerGroup] END)          AS ThirdPayerGroup
    , MAX(CASE WHEN pr.payerrank = 3 THEN pr.[payerName] END)           AS ThirdPayer

    -- Fourth (rank 4)
    , MAX(CASE WHEN pr.payerrank = 4 THEN pr.[Policy] END)              AS FourthPolicy
    , MAX(CASE WHEN pr.payerrank = 4 THEN pr.[GroupNo] END)             AS FourthGroupNo
    , MAX(CASE WHEN pr.payerrank = 4 THEN pr.[InsuredName] END)         AS FourthInsuredName
    , MAX(CASE WHEN pr.payerrank = 4 THEN pr.SubscriberName END)        AS FourthSubscriberName
    , MAX(CASE WHEN pr.payerrank = 4 THEN pr.[payerGroup] END)          AS FourthPayerGroup
    , MAX(CASE WHEN pr.payerrank = 4 THEN pr.[payerName] END)           AS FourthPayer

    -- Fifth (rank 5)
    , MAX(CASE WHEN pr.payerrank = 5 THEN pr.[Policy] END)              AS FifthPolicy
    , MAX(CASE WHEN pr.payerrank = 5 THEN pr.[GroupNo] END)             AS FifthGroupNo
    , MAX(CASE WHEN pr.payerrank = 5 THEN pr.[InsuredName] END)         AS FifthInsuredName
    , MAX(CASE WHEN pr.payerrank = 5 THEN pr.SubscriberName END)        AS FifthSubscriberName
    , MAX(CASE WHEN pr.payerrank = 5 THEN pr.[payerGroup] END)          AS FifthPayerGroup
    , MAX(CASE WHEN pr.payerrank = 5 THEN pr.[payerName] END)           AS FifthPayer
INTO #payers_pivot
FROM #payer_rows pr
GROUP BY pr.ClientID;

-------------------------------------------------------------------------------
-- 9) Client IDs / Policy #s from PCC view_client_ids (pivot by type_description)
-------------------------------------------------------------------------------
SELECT
      vci.client_id
    , vci.type_description
    , vci.[description]
INTO #client_ids_raw
FROM [PCC_OASIS].[dbo].[view_client_ids] vci
JOIN #clients x
  ON x.clientID = vci.client_id
WHERE vci.type_description IN
(
    'HMO/Managed Care/Ins Policy #:',
    'Part D Policy #',
    'Supplemental Ins Policy #',
    'Insurance Policy #:',
    'Secondary Insurance Policy #',
    'Co-Insurance Policy #:',
    'Tertiary Insurance Policy #',
    '* Insurance Policy #:',
    'Policy #',
    'Medicare Advantage Policy #',
    'Medicaid #','Managed Medicaid #','Supplemental Ins Name','HMO/Managed Care/Ins Name','Part D Name:',
    'Insurance Name:','Co-Insurance Name:','Tertiary Insurance Name','Secondary Insurance Name','* Insurance Name:'
);

SELECT
      r.client_id AS ClientID
    , MAX(CASE WHEN r.type_description = 'HMO/Managed Care/Ins Name'      THEN r.[description] END) AS [HMO/Managed Care/Ins Name]
    , MAX(CASE WHEN r.type_description = 'HMO/Managed Care/Ins Policy #:' THEN r.[description] END) AS [HMO/Managed Care/Ins Policy #:]
    , MAX(CASE WHEN r.type_description = 'Part D Name:'                   THEN r.[description] END) AS [Part D Name:]
    , MAX(CASE WHEN r.type_description = 'Part D Policy #'                THEN r.[description] END) AS [Part D Policy #]
    , MAX(CASE WHEN r.type_description = 'Supplemental Ins Policy #'      THEN r.[description] END) AS [Supplemental Ins Policy #]
    , MAX(CASE WHEN r.type_description = 'Supplemental Ins Name'          THEN r.[description] END) AS [Supplemental Ins Name]
    , MAX(CASE WHEN r.type_description = 'Insurance Name:'                THEN r.[description] END) AS [Insurance Name:]
    , MAX(CASE WHEN r.type_description = 'Insurance Policy #:'            THEN r.[description] END) AS [Insurance Policy #:]
    , MAX(CASE WHEN r.type_description = 'Secondary Insurance Name'       THEN r.[description] END) AS [Secondary Insurance Name]
    , MAX(CASE WHEN r.type_description = 'Secondary Insurance Policy #'   THEN r.[description] END) AS [Secondary Insurance Policy #]
    , MAX(CASE WHEN r.type_description = 'Co-Insurance Name:'             THEN r.[description] END) AS [Co-Insurance Name:]
    , MAX(CASE WHEN r.type_description = 'Co-Insurance Policy #:'         THEN r.[description] END) AS [Co-Insurance Policy #:]
    , MAX(CASE WHEN r.type_description = 'Tertiary Insurance Name'        THEN r.[description] END) AS [Tertiary Insurance Name]
    , MAX(CASE WHEN r.type_description = 'Tertiary Insurance Policy #'    THEN r.[description] END) AS [Tertiary Insurance Policy #]
    , MAX(CASE WHEN r.type_description = '* Insurance Name:'              THEN r.[description] END) AS [* Insurance Name:]
    , MAX(CASE WHEN r.type_description = '* Insurance Policy #:'          THEN r.[description] END) AS [* Insurance Policy #:]
    , MAX(CASE WHEN r.type_description = 'Policy #'                       THEN r.[description] END) AS [Policy #]
    , MAX(CASE WHEN r.type_description = 'Medicare Advantage Policy #'    THEN r.[description] END) AS [Medicare Advantage Policy #]
    , MAX(CASE WHEN r.type_description = 'Medicaid #'                     THEN r.[description] END) AS [Medicaid #]
    , MAX(CASE WHEN r.type_description = 'Managed Medicaid #'             THEN r.[description] END) AS [Managed Medicaid #]
INTO #client_ids_pivot
FROM #client_ids_raw r
GROUP BY r.client_id;

-------------------------------------------------------------------------------
-- 10) Final (include payer ranks 1-5 + expose raw payer IDs)
-------------------------------------------------------------------------------
SELECT
      @cDate AS [Date]
    , c.[In-House]
    , c.facname
    , c.PatientMRN
    , m.first_name
    , m.last_name
    , m.middle_name
    , m.date_of_birth
    , m.sex
    , m.ssn_sin
    , co.[Emergency Contacts]
    , co.[Emergency Contact Numbers]
    , c.[Room]
    , c.[Bed]
    , pl.item_description AS [Language]
    , CONCAT(mp.LastName, ', ', mp.FirstName) AS [Physician]
    , dx.ActiveDiagnoses
    , oa.PharmacyOrderDescriptions
    , c.Allergies
    , c.address1
    , c.address2
    , c.city
    , c.state
    , c.zip

    -- Raw payer IDs from census_item as-of row
    , dc.FourthPayerID AS [fourth_payer_id]
    , dc.FifthPayerID  AS [fifth_payer_id]

    -- Primary
    , pp.PrimaryPayerGroup
    , pp.PrimaryPayer
    , pp.PrimaryPolicy
    , pp.PrimaryGroupNo
    , pp.PrimaryInsuredName
    , pp.PrimarySubscriberName

    -- Secondary
    , pp.SecondaryPayerGroup
    , pp.SecondaryPayer
    , pp.SecondaryPolicy
    , pp.SecondaryGroupNo
    , pp.SecondaryInsuredName
    , pp.SecondarySubscriberName

    -- Third
    , pp.ThirdPayerGroup
    , pp.ThirdPayer
    , pp.ThirdPolicy
    , pp.ThirdGroupNo
    , pp.ThirdInsuredName
    , pp.ThirdSubscriberName

    -- Fourth
    , pp.FourthPayerGroup
    , pp.FourthPayer
    , pp.FourthPolicy
    , pp.FourthGroupNo
    , pp.FourthInsuredName
    , pp.FourthSubscriberName

    -- Fifth
    , pp.FifthPayerGroup
    , pp.FifthPayer
    , pp.FifthPolicy
    , pp.FifthGroupNo
    , pp.FifthInsuredName
    , pp.FifthSubscriberName

    , c.PatientMedicaidNumber
    , c.PatientMedicareNumber

    , cid.[Medicaid #]
    , cid.[Managed Medicaid #]
    , cid.[HMO/Managed Care/Ins Policy #:]
    , cid.[Part D Policy #]
    , cid.[Supplemental Ins Policy #]
    , cid.[Insurance Policy #:]
    , cid.[Secondary Insurance Policy #]
    , cid.[Co-Insurance Policy #:]
    , cid.[Tertiary Insurance Policy #]
    , cid.[* Insurance Policy #:]
    , cid.[Policy #]
    , cid.[Medicare Advantage Policy #]
    , cid.[Supplemental Ins Name]
    , cid.[HMO/Managed Care/Ins Name]
    , cid.[Part D Name:]
    , cid.[Insurance Name:]
    , cid.[Co-Insurance Name:]
    , cid.[Tertiary Insurance Name]
    , cid.[Secondary Insurance Name]
    , cid.[* Insurance Name:]
FROM [PCC_OASIS].[dbo].[mpi] m
LEFT JOIN [PCC_OASIS].[dbo].[common_code] pl
  ON m.primary_lang_id = pl.item_id
 AND pl.item_code = 'lang'
LEFT JOIN XBI_OHP.dw.ResidentInfo r
  ON r.MasterPatientID = m.mpi_id
JOIN #census c
  ON c.clientID = r.clientID
LEFT JOIN #daily_census dc
  ON dc.clientid   = c.clientID
 AND dc.censusdate = c.cdate
LEFT JOIN #phys_asof pa
  ON pa.clientID = r.clientID
 AND pa.cdate = c.cdate
LEFT JOIN [PCC_OASIS].[dbo].view_ods_medical_professional mp
  ON mp.ProviderID = pa.physicianID
LEFT JOIN #dx_asof dx
  ON dx.clientID = r.clientID
 AND dx.cdate = c.cdate
LEFT JOIN #orders_asof oa
  ON oa.clientID = r.clientID
 AND oa.cdate = c.cdate
LEFT JOIN #contacts co
  ON co.clientID = c.clientID
LEFT JOIN #payers_pivot pp
  ON pp.ClientID = r.clientID
LEFT JOIN #client_ids_pivot cid
  ON cid.ClientID = r.clientID
ORDER BY
    c.facname,
    m.last_name,
    m.first_name;

DROP TABLE IF EXISTS
      #census,
      #clients,
      #daily_census,
      #ci_raw, #ci_rank, #ci_asof,
      #contacts_raw,
      #contacts_dedup,
      #contacts,
      #phys_raw,
      #phys_rank,
      #phys_asof,
      #dx_raw,
      #dx_dedup,
      #dx_asof,
      #orders_raw,
      #orders_dedup,
      #orders_asof,
      #payer_rows,
      #payers_pivot,
      #ci_payers,
      #ap_raw, #ap_rank, #ap_asof,
      #api_raw, #api_rank, #api_asof,
      #client_ids_raw,
      #client_ids_pivot;